  0
SECTION
  2
HEADER
  9
$ACADVER
  1
AC1021
  9
$ACADMAINTVER
 70
    50
  9
$DWGCODEPAGE
  3
ANSI_936
  9
$LASTSAVEDBY
  1
win10
  9
$INSBASE
 10
0.0
 20
0.0
 30
0.0
  9
$EXTMIN
 10
-3.083330976318947
 20
-68.55251785135624
 30
0.0
  9
$EXTMAX
 10
243.0101934157901
 20
119.8244141966261
 30
0.0
  9
$LIMMIN
 10
0.0
 20
0.0
  9
$LIMMAX
 10
420.0
 20
297.0
  9
$ORTHOMODE
 70
     0
  9
$REGENMODE
 70
     1
  9
$FILLMODE
 70
     1
  9
$QTEXTMODE
 70
     0
  9
$MIRRTEXT
 70
     0
  9
$LTSCALE
 40
1.0
  9
$ATTMODE
 70
     1
  9
$TEXTSIZE
 40
2.5
  9
$TRACEWID
 40
1.0
  9
$TEXTSTYLE
  7
Standard
  9
$CLAYER
  8
0
  9
$CELTYPE
  6
ByLayer
  9
$CECOLOR
 62
   256
  9
$CELTSCALE
 40
1.0
  9
$DISPSILH
 70
     0
  9
$DIMSCALE
 40
1.0
  9
$DIMASZ
 40
2.5
  9
$DIMEXO
 40
0.625
  9
$DIMDLI
 40
3.75
  9
$DIMRND
 40
0.0
  9
$DIMDLE
 40
0.0
  9
$DIMEXE
 40
1.25
  9
$DIMTP
 40
0.0
  9
$DIMTM
 40
0.0
  9
$DIMTXT
 40
2.5
  9
$DIMCEN
 40
2.5
  9
$DIMTSZ
 40
0.0
  9
$DIMTOL
 70
     0
  9
$DIMLIM
 70
     0
  9
$DIMTIH
 70
     0
  9
$DIMTOH
 70
     0
  9
$DIMSE1
 70
     0
  9
$DIMSE2
 70
     0
  9
$DIMTAD
 70
     1
  9
$DIMZIN
 70
     8
  9
$DIMBLK
  1

  9
$DIMASO
 70
     1
  9
$DIMSHO
 70
     1
  9
$DIMPOST
  1

  9
$DIMAPOST
  1

  9
$DIMALT
 70
     0
  9
$DIMALTD
 70
     3
  9
$DIMALTF
 40
0.03937007874016
  9
$DIMLFAC
 40
1.0
  9
$DIMTOFL
 70
     1
  9
$DIMTVP
 40
0.0
  9
$DIMTIX
 70
     0
  9
$DIMSOXD
 70
     0
  9
$DIMSAH
 70
     0
  9
$DIMBLK1
  1

  9
$DIMBLK2
  1

  9
$DIMSTYLE
  2
ISO-25
  9
$DIMCLRD
 70
     0
  9
$DIMCLRE
 70
     0
  9
$DIMCLRT
 70
     0
  9
$DIMTFAC
 40
1.0
  9
$DIMGAP
 40
0.625
  9
$DIMJUST
 70
     0
  9
$DIMSD1
 70
     0
  9
$DIMSD2
 70
     0
  9
$DIMTOLJ
 70
     0
  9
$DIMTZIN
 70
     8
  9
$DIMALTZ
 70
     0
  9
$DIMALTTZ
 70
     0
  9
$DIMUPT
 70
     0
  9
$DIMDEC
 70
     2
  9
$DIMTDEC
 70
     2
  9
$DIMALTU
 70
     2
  9
$DIMALTTD
 70
     3
  9
$DIMTXSTY
  7
Standard
  9
$DIMAUNIT
 70
     0
  9
$DIMADEC
 70
     0
  9
$DIMALTRND
 40
0.0
  9
$DIMAZIN
 70
     0
  9
$DIMDSEP
 70
    44
  9
$DIMATFIT
 70
     3
  9
$DIMFRAC
 70
     0
  9
$DIMLDRBLK
  1

  9
$DIMLUNIT
 70
     2
  9
$DIMLWD
 70
    -2
  9
$DIMLWE
 70
    -2
  9
$DIMTMOVE
 70
     0
  9
$DIMFXL
 40
1.0
  9
$DIMFXLON
 70
     0
  9
$DIMJOGANG
 40
0.7853981633974483
  9
$DIMTFILL
 70
     0
  9
$DIMTFILLCLR
 70
     0
  9
$DIMARCSYM
 70
     0
  9
$DIMLTYPE
  6

  9
$DIMLTEX1
  6

  9
$DIMLTEX2
  6

  9
$LUNITS
 70
     2
  9
$LUPREC
 70
     4
  9
$SKETCHINC
 40
1.0
  9
$FILLETRAD
 40
0.0
  9
$AUNITS
 70
     0
  9
$AUPREC
 70
     0
  9
$MENU
  1
.
  9
$ELEVATION
 40
0.0
  9
$PELEVATION
 40
0.0
  9
$THICKNESS
 40
0.0
  9
$LIMCHECK
 70
     0
  9
$CHAMFERA
 40
0.0
  9
$CHAMFERB
 40
0.0
  9
$CHAMFERC
 40
0.0
  9
$CHAMFERD
 40
0.0
  9
$SKPOLY
 70
     0
  9
$TDCREATE
 40
2458590.383113426
  9
$TDUCREATE
 40
2458590.049780092
  9
$TDUPDATE
 40
2458590.384224537
  9
$TDUUPDATE
 40
2458590.050891204
  9
$TDINDWG
 40
0.0011111111
  9
$TDUSRTIMER
 40
0.0011111111
  9
$USRTIMER
 70
     1
  9
$ANGBASE
 50
0.0
  9
$ANGDIR
 70
     0
  9
$PDMODE
 70
     0
  9
$PDSIZE
 40
0.0
  9
$PLINEWID
 40
0.0
  9
$SPLFRAME
 70
     0
  9
$SPLINETYPE
 70
     6
  9
$SPLINESEGS
 70
     8
  9
$HANDSEED
  5
2B8
  9
$SURFTAB1
 70
     6
  9
$SURFTAB2
 70
     6
  9
$SURFTYPE
 70
     6
  9
$SURFU
 70
     6
  9
$SURFV
 70
     6
  9
$UCSBASE
  2

  9
$UCSNAME
  2

  9
$UCSORG
 10
0.0
 20
0.0
 30
0.0
  9
$UCSXDIR
 10
1.0
 20
0.0
 30
0.0
  9
$UCSYDIR
 10
0.0
 20
1.0
 30
0.0
  9
$UCSORTHOREF
  2

  9
$UCSORTHOVIEW
 70
     0
  9
$UCSORGTOP
 10
0.0
 20
0.0
 30
0.0
  9
$UCSORGBOTTOM
 10
0.0
 20
0.0
 30
0.0
  9
$UCSORGLEFT
 10
0.0
 20
0.0
 30
0.0
  9
$UCSORGRIGHT
 10
0.0
 20
0.0
 30
0.0
  9
$UCSORGFRONT
 10
0.0
 20
0.0
 30
0.0
  9
$UCSORGBACK
 10
0.0
 20
0.0
 30
0.0
  9
$PUCSBASE
  2

  9
$PUCSNAME
  2

  9
$PUCSORG
 10
0.0
 20
0.0
 30
0.0
  9
$PUCSXDIR
 10
1.0
 20
0.0
 30
0.0
  9
$PUCSYDIR
 10
0.0
 20
1.0
 30
0.0
  9
$PUCSORTHOREF
  2

  9
$PUCSORTHOVIEW
 70
     0
  9
$PUCSORGTOP
 10
0.0
 20
0.0
 30
0.0
  9
$PUCSORGBOTTOM
 10
0.0
 20
0.0
 30
0.0
  9
$PUCSORGLEFT
 10
0.0
 20
0.0
 30
0.0
  9
$PUCSORGRIGHT
 10
0.0
 20
0.0
 30
0.0
  9
$PUCSORGFRONT
 10
0.0
 20
0.0
 30
0.0
  9
$PUCSORGBACK
 10
0.0
 20
0.0
 30
0.0
  9
$USERI1
 70
     0
  9
$USERI2
 70
     0
  9
$USERI3
 70
     0
  9
$USERI4
 70
     0
  9
$USERI5
 70
     0
  9
$USERR1
 40
0.0
  9
$USERR2
 40
0.0
  9
$USERR3
 40
0.0
  9
$USERR4
 40
0.0
  9
$USERR5
 40
0.0
  9
$WORLDVIEW
 70
     1
  9
$SHADEDGE
 70
     3
  9
$SHADEDIF
 70
    70
  9
$TILEMODE
 70
     1
  9
$MAXACTVP
 70
    64
  9
$PINSBASE
 10
0.0
 20
0.0
 30
0.0
  9
$PLIMCHECK
 70
     0
  9
$PEXTMIN
 10
0.0
 20
0.0
 30
0.0
  9
$PEXTMAX
 10
0.0
 20
0.0
 30
0.0
  9
$PLIMMIN
 10
0.0
 20
0.0
  9
$PLIMMAX
 10
12.0
 20
9.0
  9
$UNITMODE
 70
     0
  9
$VISRETAIN
 70
     1
  9
$PLINEGEN
 70
     0
  9
$PSLTSCALE
 70
     1
  9
$TREEDEPTH
 70
  3020
  9
$CMLSTYLE
  2
Standard
  9
$CMLJUST
 70
     0
  9
$CMLSCALE
 40
20.0
  9
$PROXYGRAPHICS
 70
     1
  9
$MEASUREMENT
 70
     1
  9
$CELWEIGHT
370
    -1
  9
$ENDCAPS
280
     0
  9
$JOINSTYLE
280
     0
  9
$LWDISPLAY
290
     0
  9
$INSUNITS
 70
     4
  9
$HYPERLINKBASE
  1

  9
$STYLESHEET
  1

  9
$XEDIT
290
     1
  9
$CEPSNTYPE
380
     0
  9
$PSTYLEMODE
290
     1
  9
$FINGERPRINTGUID
  2
{96A53CC7-ACDD-234C-B0F9-88300B14E85D}
  9
$VERSIONGUID
  2
{FDA5A254-6150-FA48-A4B8-168CBCE559AD}
  9
$EXTNAMES
290
     1
  9
$PSVPSCALE
 40
0.0
  9
$OLESTARTUP
290
     0
  9
$SORTENTS
280
   127
  9
$INDEXCTL
280
     0
  9
$HIDETEXT
280
     1
  9
$XCLIPFRAME
290
     0
  9
$HALOGAP
280
     0
  9
$OBSCOLOR
 70
   257
  9
$OBSLTYPE
280
     0
  9
$INTERSECTIONDISPLAY
280
     0
  9
$INTERSECTIONCOLOR
 70
   257
  9
$DIMASSOC
280
     2
  9
$PROJECTNAME
  1

  9
$CAMERADISPLAY
290
     0
  9
$LENSLENGTH
 40
50.0
  9
$CAMERAHEIGHT
 40
0.0
  9
$STEPSPERSEC
 40
2.0
  9
$STEPSIZE
 40
6.0
  9
$3DDWFPREC
 40
2.0
  9
$PSOLWIDTH
 40
5.0
  9
$PSOLHEIGHT
 40
80.0
  9
$LOFTANG1
 40
1.570796326794896
  9
$LOFTANG2
 40
1.570796326794896
  9
$LOFTMAG1
 40
0.0
  9
$LOFTMAG2
 40
0.0
  9
$LOFTPARAM
 70
     7
  9
$LOFTNORMALS
280
     1
  9
$LATITUDE
 40
37.795
  9
$LONGITUDE
 40
-122.394
  9
$NORTHDIRECTION
 40
0.0
  9
$TIMEZONE
 70
 -8000
  9
$LIGHTGLYPHDISPLAY
280
     1
  9
$TILEMODELIGHTSYNCH
280
     1
  9
$CMATERIAL
347
EC
  9
$SOLIDHIST
280
     0
  9
$SHOWHIST
280
     1
  9
$DWFFRAME
280
     2
  9
$DGNFRAME
280
     0
  9
$REALWORLDSCALE
290
     1
  9
$INTERFERECOLOR
 62
     1
  9
$INTERFEREOBJVS
345
F9
  9
$INTERFEREVPVS
346
F6
  9
$CSHADOW
280
     0
  9
$SHADOWPLANELOCATION
 40
0.0
  0
ENDSEC
  0
SECTION
  2
CLASSES
  0
CLASS
  1
ACDBDICTIONARYWDFLT
  2
AcDbDictionaryWithDefault
  3
ObjectDBX Classes
 90
        0
 91
        1
280
     0
281
     0
  0
CLASS
  1
DICTIONARYVAR
  2
AcDbDictionaryVar
  3
ObjectDBX Classes
 90
        0
 91
       12
280
     0
281
     0
  0
CLASS
  1
TABLESTYLE
  2
AcDbTableStyle
  3
ObjectDBX Classes
 90
     4095
 91
        1
280
     0
281
     0
  0
CLASS
  1
MATERIAL
  2
AcDbMaterial
  3
ObjectDBX Classes
 90
     1153
 91
        3
280
     0
281
     0
  0
CLASS
  1
VISUALSTYLE
  2
AcDbVisualStyle
  3
ObjectDBX Classes
 90
     4095
 91
       24
280
     0
281
     0
  0
CLASS
  1
SCALE
  2
AcDbScale
  3
ObjectDBX Classes
 90
     1153
 91
       17
280
     0
281
     0
  0
CLASS
  1
MLEADERSTYLE
  2
AcDbMLeaderStyle
  3
ACDB_MLEADERSTYLE_CLASS
 90
     4095
 91
        2
280
     0
281
     0
  0
CLASS
  1
CELLSTYLEMAP
  2
AcDbCellStyleMap
  3
ObjectDBX Classes
 90
     1152
 91
        1
280
     0
281
     0
  0
CLASS
  1
EXACXREFPANELOBJECT
  2
ExAcXREFPanelObject
  3
EXAC_ESW
 90
     1025
 91
        0
280
     0
281
     0
  0
CLASS
  1
NPOCOLLECTION
  2
AcDbImpNonPersistentObjectsCollection
  3
ObjectDBX Classes
 90
     1153
 91
        0
280
     0
281
     0
  0
CLASS
  1
LAYER_INDEX
  2
AcDbLayerIndex
  3
ObjectDBX Classes
 90
        0
 91
        0
280
     0
281
     0
  0
CLASS
  1
SPATIAL_INDEX
  2
AcDbSpatialIndex
  3
ObjectDBX Classes
 90
        0
 91
        0
280
     0
281
     0
  0
CLASS
  1
IDBUFFER
  2
AcDbIdBuffer
  3
ObjectDBX Classes
 90
        0
 91
        0
280
     0
281
     0
  0
CLASS
  1
ACDBSECTIONVIEWSTYLE
  2
AcDbSectionViewStyle
  3
ObjectDBX Classes
 90
     1025
 91
        1
280
     0
281
     0
  0
CLASS
  1
ACDBDETAILVIEWSTYLE
  2
AcDbDetailViewStyle
  3
ObjectDBX Classes
 90
     1025
 91
        1
280
     0
281
     0
  0
ENDSEC
  0
SECTION
  2
TABLES
  0
TABLE
  2
VPORT
  5
8
330
0
100
AcDbSymbolTable
 70
     1
  0
VPORT
  5
EA
330
8
100
AcDbSymbolTableRecord
100
AcDbViewportTableRecord
  2
*Active
 70
     0
 10
0.0
 20
0.0
 11
1.0
 21
1.0
 12
26.13531116233776
 22
8.376287332784158
 13
0.0
 23
0.0
 14
10.0
 24
10.0
 15
10.0
 25
10.0
 16
0.0
 26
0.0
 36
1.0
 17
0.0
 27
0.0
 37
0.0
 40
393.0272442228397
 41
2.104271356783919
 42
50.0
 43
0.0
 44
0.0
 50
0.0
 51
0.0
 71
     0
 72
  1000
 73
     1
 74
     3
 75
     0
 76
     1
 77
     0
 78
     0
281
     0
 65
     1
110
0.0
120
0.0
130
0.0
111
1.0
121
0.0
131
0.0
112
0.0
122
1.0
132
0.0
 79
     0
146
0.0
348
F5
 60
     3
 61
     5
292
     1
282
     1
141
0.0
142
0.0
 63
   250
421
  3355443
1001
ACAD_NAV_VCDISPLAY
1070
     3
  0
ENDTAB
  0
TABLE
  2
LTYPE
  5
5
330
0
100
AcDbSymbolTable
 70
     2
  0
LTYPE
  5
14
330
5
100
AcDbSymbolTableRecord
100
AcDbLinetypeTableRecord
  2
ByBlock
 70
     0
  3

 72
    65
 73
     0
 40
0.0
  0
LTYPE
  5
15
330
5
100
AcDbSymbolTableRecord
100
AcDbLinetypeTableRecord
  2
ByLayer
 70
     0
  3

 72
    65
 73
     0
 40
0.0
  0
LTYPE
  5
16
330
5
100
AcDbSymbolTableRecord
100
AcDbLinetypeTableRecord
  2
Continuous
 70
     0
  3
Solid line
 72
    65
 73
     0
 40
0.0
  0
ENDTAB
  0
TABLE
  2
LAYER
  5
2
102
{ACAD_XDICTIONARY
360
1FF
102
}
330
0
100
AcDbSymbolTable
 70
     1
0
LAYER
5
df7
100
AcDbSymbolTableRecord
100
AcDbLayerTableRecord
2
TopLayer
70
0
420
16711680
6
Continuous
370
-3
390
F
347
21
0
LAYER
5
df8
100
AcDbSymbolTableRecord
100
AcDbLayerTableRecord
2
BottomLayer
70
0
420
255
6
Continuous
370
-3
390
F
347
21
0
LAYER
5
df9
100
AcDbSymbolTableRecord
100
AcDbLayerTableRecord
2
TopSilkLayer
70
0
420
16763904
6
Continuous
370
-3
390
F
347
21
0
LAYER
5
dfa
100
AcDbSymbolTableRecord
100
AcDbLayerTableRecord
2
BottomSilkLayer
70
0
420
6736947
6
Continuous
370
-3
390
F
347
21
0
LAYER
5
dfb
100
AcDbSymbolTableRecord
100
AcDbLayerTableRecord
2
TopPasteMaskLayer
70
0
420
8421504
6
Continuous
370
-3
390
F
347
21
0
LAYER
5
dfc
100
AcDbSymbolTableRecord
100
AcDbLayerTableRecord
2
BottomPasteMaskLayer
70
0
420
8388608
6
Continuous
370
-3
390
F
347
21
0
LAYER
5
dfd
100
AcDbSymbolTableRecord
100
AcDbLayerTableRecord
2
TopSolderMaskLayer
70
0
420
8388736
6
Continuous
370
-3
390
F
347
21
0
LAYER
5
dfe
100
AcDbSymbolTableRecord
100
AcDbLayerTableRecord
2
BottomSolderMaskLayer
70
0
420
11141375
6
Continuous
370
-3
390
F
347
21
0
LAYER
5
dff
100
AcDbSymbolTableRecord
100
AcDbLayerTableRecord
2
BoardOutLine
70
0
420
16711935
6
Continuous
370
-3
390
F
347
21
0
LAYER
5
e00
100
AcDbSymbolTableRecord
100
AcDbLayerTableRecord
2
Multi-Layer
70
0
420
12632256
6
Continuous
370
-3
390
F
347
21
0
LAYER
5
e01
100
AcDbSymbolTableRecord
100
AcDbLayerTableRecord
2
Document
70
0
420
16777215
6
Continuous
370
-3
390
F
347
21
0
LAYER
5
e02
100
AcDbSymbolTableRecord
100
AcDbLayerTableRecord
2
Hole
70
0
420
2236962
6
Continuous
370
-3
390
F
347
21
  0
LAYER
  5
10
102
{ACAD_XDICTIONARY
360
13C
102
}
330
2
100
AcDbSymbolTableRecord
100
AcDbLayerTableRecord
  2
0
 70
     0
 62
     7
  6
Continuous
370
    -3
390
F
347
EE
  0
ENDTAB
  0
TABLE
  2
STYLE
  5
3
330
0
100
AcDbSymbolTable
 70
     2
  0
STYLE
  5
11
330
3
100
AcDbSymbolTableRecord
100
AcDbTextStyleTableRecord
  2
Standard
 70
     0
 40
0.0
 41
1.0
 50
0.0
 71
     0
 42
2.5
  3
arial.ttf
  4

1001
ACAD
1000
Arial
1071
       34
  0
STYLE
  5
132
330
3
100
AcDbSymbolTableRecord
100
AcDbTextStyleTableRecord
  2
Annotative
 70
     0
 40
0.0
 41
1.0
 50
0.0
 71
     0
 42
2.5
  3
arial.ttf
  4

1001
AcadAnnotative
1000
AnnotativeData
1002
{
1070
     1
1070
     1
1002
}
1001
ACAD
1000
Arial
1071
       34
  0
ENDTAB
  0
TABLE
  2
VIEW
  5
6
330
0
100
AcDbSymbolTable
 70
     0
  0
ENDTAB
  0
TABLE
  2
UCS
  5
7
330
0
100
AcDbSymbolTable
 70
     0
  0
ENDTAB
  0
TABLE
  2
APPID
  5
9
330
0
100
AcDbSymbolTable
 70
     9
  0
APPID
  5
12
330
9
100
AcDbSymbolTableRecord
100
AcDbRegAppTableRecord
  2
ACAD
 70
     0
  0
APPID
  5
9E
330
9
100
AcDbSymbolTableRecord
100
AcDbRegAppTableRecord
  2
ACAD_PSEXT
 70
     0
  0
APPID
  5
133
330
9
100
AcDbSymbolTableRecord
100
AcDbRegAppTableRecord
  2
AcadAnnoPO
 70
     0
  0
APPID
  5
134
330
9
100
AcDbSymbolTableRecord
100
AcDbRegAppTableRecord
  2
AcadAnnotative
 70
     0
  0
APPID
  5
135
330
9
100
AcDbSymbolTableRecord
100
AcDbRegAppTableRecord
  2
ACAD_DSTYLE_DIMJAG
 70
     0
  0
APPID
  5
136
330
9
100
AcDbSymbolTableRecord
100
AcDbRegAppTableRecord
  2
ACAD_DSTYLE_DIMTALN
 70
     0
  0
APPID
  5
165
330
9
100
AcDbSymbolTableRecord
100
AcDbRegAppTableRecord
  2
ACAD_MLEADERVER
 70
     0
  0
APPID
  5
217
330
9
100
AcDbSymbolTableRecord
100
AcDbRegAppTableRecord
  2
ACAD_NAV_VCDISPLAY
 70
     0
  0
APPID
  5
26E
330
9
100
AcDbSymbolTableRecord
100
AcDbRegAppTableRecord
  2
ACAD_EXEMPT_FROM_CAD_STANDARDS
 70
     0
  0
ENDTAB
  0
TABLE
  2
DIMSTYLE
  5
A
330
0
100
AcDbSymbolTable
 70
     4
100
AcDbDimStyleTable
 71
     2
340
27
340
137
  0
DIMSTYLE
105
1B0
330
A
100
AcDbSymbolTableRecord
100
AcDbDimStyleTableRecord
  2
Standard
 70
     0
340
11
  0
DIMSTYLE
105
137
330
A
100
AcDbSymbolTableRecord
100
AcDbDimStyleTableRecord
  2
Annotative
 70
     0
 40
0.0
 41
2.5
 42
0.625
 43
3.75
 44
1.25
 73
     0
 74
     0
 77
     1
 78
     8
140
2.5
141
2.5
143
0.03937007874016
147
0.625
171
     3
172
     1
271
     2
272
     2
274
     3
278
    44
283
     0
284
     8
340
11
1001
AcadAnnotative
1000
AnnotativeData
1002
{
1070
     1
1070
     1
1002
}
1001
ACAD_DSTYLE_DIMJAG
1070
   388
1040
1.5
1001
ACAD_DSTYLE_DIMTALN
1070
   392
1070
     0
  0
DIMSTYLE
105
27
330
A
100
AcDbSymbolTableRecord
100
AcDbDimStyleTableRecord
  2
ISO-25
 70
     0
 41
2.5
 42
0.625
 43
3.75
 44
1.25
 73
     0
 74
     0
 77
     1
 78
     8
140
2.5
141
2.5
143
0.03937007874016
147
0.625
171
     3
172
     1
271
     2
272
     2
274
     3
278
    44
283
     0
284
     8
340
11
  0
ENDTAB
  0
TABLE
  2
BLOCK_RECORD
  5
1
330
0
100
AcDbSymbolTable
 70
     2
  0
BLOCK_RECORD
  5
1F
102
{ACAD_XDICTIONARY
360
1CE
102
}
330
1
100
AcDbSymbolTableRecord
100
AcDbBlockTableRecord
  2
*Model_Space
340
22
 70
     0
280
     1
281
     0
  0
BLOCK_RECORD
  5
D2
330
1
100
AcDbSymbolTableRecord
100
AcDbBlockTableRecord
  2
*Paper_Space
340
D3
 70
     0
280
     1
281
     0
  0
BLOCK_RECORD
  5
D6
330
1
100
AcDbSymbolTableRecord
100
AcDbBlockTableRecord
  2
*Paper_Space0
340
D7
 70
     0
280
     1
281
     0
  0
ENDTAB
  0
ENDSEC
  0
SECTION
  2
BLOCKS
  0
BLOCK
  5
20
330
1F
100
AcDbEntity
  8
0
100
AcDbBlockBegin
  2
*Model_Space
 70
     0
 10
0.0
 20
0.0
 30
0.0
  3
*Model_Space
  1

  0
ENDBLK
  5
21
330
1F
100
AcDbEntity
  8
0
100
AcDbBlockEnd
  0
BLOCK
  5
D4
330
D2
100
AcDbEntity
 67
     1
  8
0
100
AcDbBlockBegin
  2
*Paper_Space
 70
     0
 10
0.0
 20
0.0
 30
0.0
  3
*Paper_Space
  1

  0
ENDBLK
  5
D5
330
D2
100
AcDbEntity
 67
     1
  8
0
100
AcDbBlockEnd
  0
BLOCK
  5
D8
330
D6
100
AcDbEntity
 67
     1
  8
0
100
AcDbBlockBegin
  2
*Paper_Space0
 70
     0
 10
0.0
 20
0.0
 30
0.0
  3
*Paper_Space0
  1

  0
ENDBLK
  5
D9
330
D6
100
AcDbEntity
 67
     1
  8
0
100
AcDbBlockEnd
  0
ENDSEC
  0
SECTION
  2
ENTITIES
  0
LWPOLYLINE
  5
3e8
330
1F
100
AcDbEntity
  8
BottomLayer
100
AcDbPolyline
 90
4
 70
 0
 43
0.7500127000254001 
 10
-12.424917449834766
 20
1.4348996697992789
 10
-11.210795021590002
 20
0.22077724155428768
 10
-8.947650495300877
 20
0.22077724155428768
 10
-8.378689357378562
 20
0.7897383794767165
 10
-8.378689357378562
 20
1.6762001524001562
  0
LWPOLYLINE
  5
3e9
330
1F
100
AcDbEntity
  8
BottomLayer
100
AcDbPolyline
 90
8
 70
 0
 43
0.7500127000254001 
 10
-13.509499618999143
 20
-4.623012446024973
 10
-13.98448056896109
 20
-5.097993395986805
 10
-16.765786131572213
 20
-5.097993395986805
 10
-18.44472948945895
 20
-3.419050038100181
 10
-18.44472948945895
 20
-0.24404368808745858
 10
-17.372847345694595
 20
0.8252984505967333
 10
-14.563601727203377
 20
0.8252984505967333
 10
-13.954000508000831
 20
1.4348996697992789
 10
-12.424917449834766
 20
1.4348996697992789
  0
LWPOLYLINE
  5
3ea
330
1F
100
AcDbEntity
  8
BottomLayer
100
AcDbPolyline
 90
5
 70
 0
 43
0.7500127000254001 
 10
-10.524282448564918
 20
4.036068072136004
 10
-10.524282448564918
 20
2.973710947421864
 10
-10.697993395986714
 20
2.7999999999999545
 10
-13.397002794005402
 20
2.7999999999999545
 10
-14.4439928879857
 20
3.846990093980139
 10
-14.4439928879857
 20
3.9780035560070246
  0
LWPOLYLINE
  5
3eb
330
1F
100
AcDbEntity
  8
BottomLayer
100
AcDbPolyline
 90
3
 70
 0
 43
0.7500127000254001 
 10
-12.424917449834766
 20
4.035864871729586
 10
-12.41983743967478
 20
5.316027432054852
 10
-13.623799847599571
 20
6.517449834899594
 10
-14.444221488442963
 20
6.517449834899594
  0
LWPOLYLINE
  5
3ec
330
1F
100
AcDbEntity
  8
BottomLayer
100
AcDbPolyline
 90
7
 70
 0
 43
0.7500127000254001 
 10
-11.474955549910987
 20
4.035864871729586
 10
-11.474955549910987
 20
4.945186690373362
 10
-11.066014732029316
 20
5.354127508254919
 10
-9.895072390144605
 20
5.354127508254919
 10
-9.498831597662956
 20
4.95788671577327
 10
-9.498831597662956
 20
3.217983235966358
 10
-9.356591313182435
 20
3.075742951485836
 10
-8.378689357378562
 20
3.075742951485836
  0
LWPOLYLINE
  5
3ed
330
1F
100
AcDbEntity
  8
BottomLayer
100
AcDbPolyline
 90
3
 70
 0
 43
0.7500127000254001 
 10
-10.187172974345913
 20
6.31678943357872
 10
-8.137388874777571
 20
6.31678943357872
 10
-7.743688087376086
 20
5.923088646177234
 10
-7.743688087376086
 20
5.0010668021335505
  0
LWPOLYLINE
  5
3ee
330
1F
100
AcDbEntity
  8
BottomLayer
100
AcDbPolyline
 90
2
 70
 0
 43
0.7500127000254001 
 10
-14.444221488442963
 20
6.517449834899594
 10
-14.243561087122089
 20
6.31678943357872
 10
-10.187172974345913
 20
6.31678943357872
  0
LWPOLYLINE
  5
3ef
330
1F
100
AcDbEntity
  8
BottomLayer
100
AcDbPolyline
 90
3
 70
 0
 43
0.7500127000254001 
 10
-13.97432054864089
 20
8.47071374142729
 10
-11.66037592075179
 20
8.460553721107317
 10
-11.416535433070749
 20
8.216713233426276
 10
-10.187172974345913
 20
8.216713233426276
  0
LWPOLYLINE
  5
3f0
330
1F
100
AcDbEntity
  8
BottomLayer
100
AcDbPolyline
 90
4
 70
 0
 43
0.7500127000254001 
 10
4.981737363474849
 20
13.769164338328551
 10
6.510820421641029
 20
15.30078740157478
 10
12.454432308864625
 20
15.30078740157478
 10
15.159537719075388
 20
12.595681991363904
 10
15.159537719075388
 20
11.320599441198851
  0
LWPOLYLINE
  5
3f1
330
1F
100
AcDbEntity
  8
BottomLayer
100
AcDbPolyline
 90
7
 70
 0
 43
0.7500127000254001 
 10
-13.97432054864089
 20
8.47071374142729
 10
-13.976860553721053
 20
9.64927609855215
 10
-15.803124206248299
 20
11.47553975107951
 10
-19.56995173990333
 20
11.47553975107951
 10
-21.13459486918964
 20
9.910896621793086
 10
-21.13459486918964
 20
-8.933401066802276
 10
-9.366751333502634
 20
-20.701244602489282
 10
-1.269215138430127
 20
-20.701244602489282
  0
LWPOLYLINE
  5
3f2
330
1F
100
AcDbEntity
  8
BottomLayer
100
AcDbPolyline
 90
5
 70
 0
 43
0.7500127000254001 
 10
10.539268478536997
 20
4.500711201422291
 10
10.539268478536997
 20
3.79966979933954
 10
9.104191008382031
 20
2.364516129032154
 10
0.08836677673366466
 20
2.364516129032154
 10
-0.654025908051608
 20
3.1069088138175402
 10
-0.654025908051608
 20
4.491033782067461
  0
LWPOLYLINE
  5
3f3
330
1F
100
AcDbEntity
  8
BottomLayer
100
AcDbPolyline
 90
2
 70
 0
 43
0.7500127000254001 
 10
1.5197104394210328
 20
7.469951739903422
 10
-1.121894843789505
 20
7.469951739903422
 10
-1.8838963677926586
 20
8.231953263906462
  0
LWPOLYLINE
  5
3f4
330
1F
100
AcDbEntity
  8
BottomLayer
100
AcDbPolyline
 90
6
 70
 0
 43
0.7500127000254001 
 10
0.5011684023368161
 20
12.019100838201553
 10
-0.4335534671067762
 20
12.953822707645259
 10
-3.1259588519176305
 20
12.953822707645259
 10
-3.9717805435609534
 20
12.108001016001936
 10
-3.9717805435609534
 20
6.578409956819769
 10
-3.2986791973582967
 20
5.905308610617112
 10
-3.2986791973582967
 20
4.653086106172168
  0
LWPOLYLINE
  5
3f5
330
1F
100
AcDbEntity
  8
BottomLayer
100
AcDbPolyline
 90
2
 70
 0
 43
0.7500127000254001 
 10
-19.959029718059355
 20
-10.108966217932448
 10
-19.58006096012184
 20
-9.729997459995047
 10
-19.264008128016144
 20
-9.729997459995047
  0
LWPOLYLINE
  5
3f6
330
1F
100
AcDbEntity
  8
BottomLayer
100
AcDbPolyline
 90
2
 70
 0
 43
0.7500127000254001 
 10
-19.399771399542715
 20
8.91775463550914
 10
-18.754610109220152
 20
7.012750825501598
 10
-17.014706629413126
 20
7.012750825501598
  0
LWPOLYLINE
  5
3f7
330
1F
100
AcDbEntity
  8
BottomLayer
100
AcDbPolyline
 90
3
 70
 0
 43
0.7500127000254001 
 10
14.67947675895357
 20
-0.06116332232670629
 10
11.80165100330214
 20
-2.938989077978249
 10
-3.763500127000043
 20
-2.938989077978249
 10
-8.378689357378562
 20
1.6762001524001562
  0
LWPOLYLINE
  5
3f8
330
1F
100
AcDbEntity
  8
BottomLayer
100
AcDbPolyline
 90
2
 70
 0
 43
0.33 
 10
13.239293878587887
 20
10.980238760477391
 10
13.239293878587887
 20
11.37139954279894
 10
13.239293878587887
 20
11.460299720599323
  0
LWPOLYLINE
  5
3f9
330
1F
100
AcDbEntity
  8
BottomLayer
100
AcDbPolyline
 90
3
 70
 0
 43
0.7500127000254001 
 10
13.201193802387934
 20
12.03942087884161
 10
13.259613919228059
 20
11.981000762001372
 10
13.259613919228059
 20
11.414579629159107
 10
13.259613919228059
 20
11.399339598679148
  0
LWPOLYLINE
  5
3fa
330
1F
100
AcDbEntity
  8
BottomLayer
100
AcDbPolyline
 90
3
 70
 0
 43
0.33 
 10
10.518948437897052
 20
7.419151638303219
 10
12.340132080264311
 20
7.419151638303219
 10
13.267233934467868
 20
8.348793497586826
 10
13.269773939548031
 20
9.451155702311326
  0
LWPOLYLINE
  5
3fb
330
1F
100
AcDbEntity
  8
BottomLayer
100
AcDbPolyline
 90
1
 70
 0
 43
0.33 
 10
15.169697739395588
 20
10.449377698755256
 10
16.063779527559063
 20
10.449377698755256
  0
LWPOLYLINE
  5
3fc
330
1F
100
AcDbEntity
  8
BottomLayer
100
AcDbPolyline
 90
2
 70
 0
 43
0.7500127000254001 
 10
13.119913639827246
 20
5.140767081534136
 10
13.119913639827246
 20
5.140767081534136
 10
13.119913639827246
 20
6.199949199898356
  0
LWPOLYLINE
  5
3fd
330
1F
100
AcDbEntity
  8
BottomLayer
100
AcDbPolyline
 90
3
 70
 0
 43
0.7500127000254001 
 10
13.119913639827246
 20
5.140767081534136
 10
14.00129540259104
 20
5.140767081534136
 10
14.67947675895357
 20
4.46004572009133
 10
14.67947675895357
 20
-0.06116332232670629
  0
LWPOLYLINE
  5
3fe
330
1F
100
AcDbEntity
  8
BottomLayer
100
AcDbPolyline
 90
2
 70
 0
 43
0.7500127000254001 
 10
14.240055880111868
 20
-8.446024892049877
 10
14.67947675895357
 20
-8.006604013208175
 10
14.67947675895357
 20
-0.06116332232670629
  0
LWPOLYLINE
  5
3ff
330
1F
100
AcDbEntity
  8
BottomLayer
100
AcDbPolyline
 90
5
 70
 0
 43
0.7500127000254001 
 10
10.501168402337044
 20
11.23931927863839
 10
8.403124206248549
 20
11.23931927863839
 10
6.858801117602297
 20
9.697536195072303
 10
6.858801117602297
 20
4.937566675133212
 10
6.2415798831598295
 20
4.320345440690858
 10
5.118897637795271
 20
4.320345440690858
  0
LWPOLYLINE
  5
400
330
1F
100
AcDbEntity
  8
BottomLayer
100
AcDbPolyline
 90
3
 70
 0
 43
0.7500127000254001 
 10
10.518948437897052
 20
8.689154178308286
 10
8.56822453644918
 20
8.689154178308286
 10
8.537744475489035
 20
8.719634239268316
 10
8.519964439929026
 20
8.719634239268316
  0
LWPOLYLINE
  5
401
330
1F
100
AcDbEntity
  8
BottomLayer
100
AcDbPolyline
 90
2
 70
 0
 43
0.33 
 10
12.258851917704078
 20
10.619558039115987
 10
12.42903225806458
 20
10.449377698755256
 10
13.269773939548031
 20
10.449377698755256
  0
LWPOLYLINE
  5
402
330
1F
100
AcDbEntity
  8
BottomLayer
100
AcDbPolyline
 90
1
 70
 0
 43
0.33 
 10
13.269773939548031
 20
9.948996697993266
 10
10.518948437897052
 20
9.959156718313352
  0
LWPOLYLINE
  5
403
330
1F
100
AcDbEntity
  8
BottomLayer
100
AcDbPolyline
 90
2
 70
 0
 43
0.7500127000254001 
 10
20.709448818897727
 20
9.22001524003042
 10
20.709448818897727
 20
9.639116078232064
 10
19.90934721869462
 20
10.43921767843517
  0
LWPOLYLINE
  5
404
330
1F
100
AcDbEntity
  8
BottomLayer
100
AcDbPolyline
 90
2
 70
 0
 43
0.7500127000254001 
 10
19.90934721869462
 20
10.449377698755256
 10
19.90934721869462
 20
10.449377698755256
 10
18.84112268224544
 20
10.449377698755256
  0
LWPOLYLINE
  5
405
330
1F
100
AcDbEntity
  8
BottomLayer
100
AcDbPolyline
 90
2
 70
 0
 43
0.7500127000254001 
 10
20.72014224028453
 20
9.219989839979576
 10
20.72014224028453
 20
9.679730759461336
 10
20.519964439929026
 20
9.879908559817068
  0
LWPOLYLINE
  5
406
330
1F
100
AcDbEntity
  8
BottomLayer
100
AcDbPolyline
 90
1
 70
 0
 43
0.7500127000254001 
 10
18.92382524765071
 20
7.726492252984372
 10
17.793522987046117
 20
7.726492252984372
  0
LWPOLYLINE
  5
407
330
1F
100
AcDbEntity
  8
BottomLayer
100
AcDbPolyline
 90
2
 70
 0
 43
0.7500127000254001 
 10
17.793522987046117
 20
7.726492252984372
 10
17.793522987046117
 20
7.726492252984372
 10
17.159309118618467
 20
8.360706121412136
  0
LWPOLYLINE
  5
408
330
1F
100
AcDbEntity
  8
BottomLayer
100
AcDbPolyline
 90
1
 70
 0
 43
0.7500127000254001 
 10
17.159309118618467
 20
8.360706121412136
 10
16.624561849123893
 20
8.895453390906596
  0
LWPOLYLINE
  5
409
330
1F
100
AcDbEntity
  8
BottomLayer
100
AcDbPolyline
 90
1
 70
 0
 43
0.7500127000254001 
 10
16.624561849123893
 20
8.895453390906596
 10
16.00027940055884
 20
9.519735839471537
  0
LWPOLYLINE
  5
40a
330
1F
100
AcDbEntity
  8
BottomLayer
100
AcDbPolyline
 90
2
 70
 0
 43
0.7500127000254001 
 10
18.92382524765071
 20
5.186487172974239
 10
19.878867157734476
 20
5.178867157734203
 10
20.699288798577754
 20
5.999288798577481
  0
LWPOLYLINE
  5
40b
330
1F
100
AcDbEntity
  8
BottomLayer
100
AcDbPolyline
 90
2
 70
 0
 43
0.7500127000254001 
 10
20.699288798577754
 20
5.999288798577481
 10
20.699288798577754
 20
5.999288798577481
 10
20.699288798577754
 20
6.668478536956968
  0
LWPOLYLINE
  5
40c
330
1F
100
AcDbEntity
  8
BottomLayer
100
AcDbPolyline
 90
1
 70
 0
 43
0.7500127000254001 
 10
20.699288798577754
 20
6.668478536956968
 10
20.699288798577754
 20
7.467919735839359
  0
LWPOLYLINE
  5
40d
330
1F
100
AcDbEntity
  8
BottomLayer
100
AcDbPolyline
 90
1
 70
 0
 43
0.7500127000254001 
 10
20.699288798577754
 20
7.467919735839359
 10
20.699288798577754
 20
8.316814833629564
  0
LWPOLYLINE
  5
40e
330
1F
100
AcDbEntity
  8
BottomLayer
100
AcDbPolyline
 90
2
 70
 0
 43
0.7500127000254001 
 10
20.699288798577754
 20
8.316789433578833
 10
20.720116840233914
 20
8.337617475234879
 10
20.720116840233914
 20
9.22001524003042
  0
LWPOLYLINE
  5
40f
330
1F
100
AcDbEntity
  8
BottomLayer
100
AcDbPolyline
 90
1
 70
 0
 43
0.7500127000254001 
 10
18.84112268224544
 20
10.449377698755256
 10
18.065227330454945
 20
10.449377698755256
  0
LWPOLYLINE
  5
410
330
1F
100
AcDbEntity
  8
BottomLayer
100
AcDbPolyline
 90
1
 70
 0
 43
0.7500127000254001 
 10
18.065227330454945
 20
10.449377698755256
 10
17.19608839217699
 20
10.449377698755256
  0
LWPOLYLINE
  5
411
330
1F
100
AcDbEntity
  8
BottomLayer
100
AcDbPolyline
 90
1
 70
 0
 43
0.7500127000254001 
 10
17.19608839217699
 20
10.449377698755256
 10
16.48829057658122
 20
10.449377698755256
  0
LWPOLYLINE
  5
412
330
1F
100
AcDbEntity
  8
BottomLayer
100
AcDbPolyline
 90
1
 70
 0
 43
0.7500127000254001 
 10
16.48829057658122
 20
10.449377698755256
 10
16.063779527559063
 20
10.449377698755256
  0
LWPOLYLINE
  5
413
330
1F
100
AcDbEntity
  8
BottomLayer
100
AcDbPolyline
 90
1
 70
 0
 43
0.33 
 10
15.169697739395588
 20
10.94975869951736
 10
15.159537719075388
 20
11.320599441198851
  0
LWPOLYLINE
  5
414
330
1F
100
AcDbEntity
  8
BottomLayer
100
AcDbPolyline
 90
3
 70
 0
 43
0.7500127000254001 
 10
4.981737363474849
 20
13.769164338328551
 10
3.239293878587887
 20
13.759004318008579
 10
2.4010922021846
 20
12.920802641605178
 10
2.4010922021846
 20
12.461061722123304
  0
LWPOLYLINE
  5
415
330
1F
100
AcDbEntity
  8
BottomLayer
100
AcDbPolyline
 90
2
 70
 0
 43
0.33 
 10
15.169697739395588
 20
9.948996697993266
 10
15.571018542037336
 20
9.948996697993266
 10
16.00027940055884
 20
9.519735839471537
  0
LWPOLYLINE
  5
416
330
1F
100
AcDbEntity
  8
BottomLayer
100
AcDbPolyline
 90
2
 70
 0
 43
0.7500127000254001 
 10
0.5011684023368161
 20
12.019100838201553
 10
0.9405892811787453
 20
12.461061722123304
 10
2.4010922021846
 20
12.461061722123304
  0
LWPOLYLINE
  5
417
330
1F
100
AcDbEntity
  8
BottomLayer
100
AcDbPolyline
 90
3
 70
 0
 43
0.7500127000254001 
 10
-7.93926847853686
 20
7.299771399542692
 10
-6.638785877571763
 20
7.299771399542692
 10
-4.959842519685026
 20
8.98125476250948
 10
-4.959842519685026
 20
11.20121920243821
  0
LWPOLYLINE
  5
418
330
1F
100
AcDbEntity
  8
BottomLayer
100
AcDbPolyline
 90
1
 70
 0
 43
0.7500127000254001 
 10
-12.188696977393874
 20
7.2667513335026115
 10
-7.758928117856158
 20
7.2667513335026115
  0
LWPOLYLINE
  5
419
330
1F
100
AcDbEntity
  8
BottomLayer
100
AcDbPolyline
 90
2
 70
 0
 43
0.7500127000254001 
 10
-2.930378460756856
 20
13.969824739649312
 10
1.3495300990603027
 20
13.969824739649312
 10
1.6187706375415019
 20
14.239065278130397
  0
LWPOLYLINE
  5
41a
330
1F
100
AcDbEntity
  8
BottomLayer
100
AcDbPolyline
 90
2
 70
 0
 43
0.7500127000254001 
 10
-14.444221488442963
 20
6.517449834899594
 10
-14.939522479044854
 20
7.012750825501598
 10
-17.014706629413126
 20
7.012750825501598
  0
LWPOLYLINE
  5
41b
330
1F
100
AcDbEntity
  8
BottomLayer
100
AcDbPolyline
 90
1
 70
 0
 43
0.7500127000254001 
 10
-8.378689357378562
 20
1.6762001524001562
 10
-6.727686055372033
 20
1.6762001524001562
  0
LWPOLYLINE
  5
41c
330
1F
100
AcDbEntity
  8
BottomLayer
100
AcDbPolyline
 90
2
 70
 0
 43
0.7500127000254001 
 10
-3.2986791973582967
 20
3.146863093725983
 10
-3.392659385318666
 20
3.0528829057657276
 10
-3.392659385318666
 20
1.3942595885191622
  0
LWPOLYLINE
  5
41d
330
1F
100
AcDbEntity
  8
BottomLayer
100
AcDbPolyline
 90
2
 70
 0
 43
0.7500127000254001 
 10
-4.888722377444537
 20
4.599745999491915
 10
-5.290043180086286
 20
5.0010668021335505
 10
-7.743688087376086
 20
5.0010668021335505
  0
LWPOLYLINE
  5
41e
330
1F
100
AcDbEntity
  8
BottomLayer
100
AcDbPolyline
 90
2
 70
 0
 43
0.7500127000254001 
 10
-3.2986791973582967
 20
4.653086106172168
 10
-3.3520193040385493
 20
4.599745999491915
 10
-4.888722377444537
 20
4.599745999491915
  0
LWPOLYLINE
  5
41f
330
1F
100
AcDbEntity
  8
BottomLayer
100
AcDbPolyline
 90
3
 70
 0
 43
0.7500127000254001 
 10
-7.743688087376086
 20
9.400355600711123
 10
-9.859512319024589
 20
9.400355600711123
 10
-10.187172974345913
 20
9.072694945389799
 10
-10.187172974345913
 20
8.216713233426276
  0
LWPOLYLINE
  5
420
330
1F
100
AcDbEntity
  8
BottomLayer
100
AcDbPolyline
 90
3
 70
 0
 43
0.7500127000254001 
 10
-16.894081788163476
 20
-2.500381000762104
 10
-16.88001016002022
 20
-1.3000000000000682
 10
-16.053898907797702
 20
-0.47391414782839547
 10
-12.284963169926186
 20
-0.47391414782839547
  0
LWPOLYLINE
  5
421
330
1F
100
AcDbEntity
  8
TopLayer
100
AcDbPolyline
 90
3
 70
 0
 43
0.7500127000254001 
 10
-2.539217678435307
 20
11.495859791719568
 10
-2.539217678435307
 20
11.955600711201328
 10
-2.170916941833866
 20
12.323901447802768
 10
-0.9491744983488388
 20
12.323901447802768
  0
LWPOLYLINE
  5
422
330
1F
100
AcDbEntity
  8
TopLayer
100
AcDbPolyline
 90
3
 70
 0
 43
0.7500127000254001 
 10
-18.42440944881878
 20
0.4976377952755229
 10
-14.606781813563543
 20
0.4976377952755229
 10
-12.607797815595518
 20
-1.5013462026925026
 10
-8.749530099060166
 20
-1.5013462026925026
  0
LWPOLYLINE
  5
423
330
1F
100
AcDbEntity
  8
TopLayer
100
AcDbPolyline
 90
2
 70
 0
 43
0.7500127000254001 
 10
-12.099796799593491
 20
-1.5013462026925026
 10
-11.789001778003467
 20
-1.812141224282641
 10
-11.789001778003467
 20
-1.9180086360173618
  0
LWPOLYLINE
  5
424
330
1F
100
AcDbEntity
  8
TopLayer
100
AcDbPolyline
 90
1
 70
 0
 43
0.7500127000254001 
 10
-16.547345694691217
 20
1.4983997967995037
 10
-16.567665735331275
 20
2.3797815595629572
  0
LWPOLYLINE
  5
425
330
1F
100
AcDbEntity
  8
TopLayer
100
AcDbPolyline
 90
3
 70
 0
 43
0.7500127000254001 
 10
-18.42440944881878
 20
3.4973837947674156
 10
-18.42440944881878
 20
3.921564643129159
 10
-15.825984251968407
 20
6.517449834899594
 10
-14.444221488442963
 20
6.517449834899594
  0
LWPOLYLINE
  5
426
330
1F
100
AcDbEntity
  8
TopLayer
100
AcDbPolyline
 90
2
 70
 0
 43
0.7500127000254001 
 10
-17.228067056134023
 20
8.521513843027606
 10
-16.44828549657086
 20
7.756972313944516
 10
-16.331445262890384
 20
7.873812547624993
  0
LWPOLYLINE
  5
427
330
1F
100
AcDbEntity
  8
TopLayer
100
AcDbPolyline
 90
11
 70
 0
 43
0.7500127000254001 
 10
-18.42440944881878
 20
-0.5031242062485717
 10
-21.497815595631096
 20
-0.5031242062485717
 10
-22.579857759715424
 20
0.5814579629158061
 10
-22.579857759715424
 20
5.71988823977631
 10
-21.782296164592253
 20
6.517449834899594
 10
-17.687807975615897
 20
6.517449834899594
 10
-15.861544323088538
 20
8.34371348742684
 10
-7.962128524256968
 20
8.34371348742684
 10
-6.6997459994918245
 20
7.0838709677417455
 10
-6.6997459994918245
 20
5.087426974853884
 10
-7.286487172974148
 20
4.50068580137156
 10
-8.749530099060166
 20
4.50068580137156
  0
LWPOLYLINE
  5
428
330
1F
100
AcDbEntity
  8
TopLayer
100
AcDbPolyline
 90
7
 70
 0
 43
0.7500127000254001 
 10
18.972085344170637
 20
12.443281686563296
 10
18.972085344170637
 20
11.920040640081197
 10
18.41328422656852
 20
11.361239522478968
 10
15.799618999238191
 20
11.361239522478968
 10
15.281457962915965
 20
10.845618491236905
 10
15.281457962915965
 20
9.748336296672505
 10
15.51005842011682
 20
9.519735839471537
 10
16.00027940055884
 20
9.519735839471537
  0
LWPOLYLINE
  5
429
330
1F
100
AcDbEntity
  8
TopLayer
100
AcDbPolyline
 90
2
 70
 0
 43
0.7500127000254001 
 10
22.56111252222513
 20
2.6464820929641064
 10
21.806731013462013
 20
3.40086360172711
 10
20.83898907797834
 20
3.40086360172711
  0
LWPOLYLINE
  5
42a
330
1F
100
AcDbEntity
  8
TopLayer
100
AcDbPolyline
 90
3
 70
 0
 43
0.7500127000254001 
 10
-14.35024130048248
 20
-3.0482092964186904
 10
-14.35024130048248
 20
-4.242011684023396
 10
-13.971780543560953
 20
-4.623012446024973
 10
-13.509499618999143
 20
-4.623012446024973
  0
LWPOLYLINE
  5
42b
330
1F
100
AcDbEntity
  8
TopLayer
100
AcDbPolyline
 90
7
 70
 0
 43
0.7500127000254001 
 10
0.0007874015750530816
 20
10.027736855473563
 10
0.0007874015750530816
 20
9.133655067309974
 10
-0.6367538735075868
 20
8.496113792227561
 10
-0.6367538735075868
 20
7.170231140462192
 10
-0.984734569469083
 20
6.82225044450081
 10
-3.547599695199324
 20
6.82225044450081
 10
-4.959842519685026
 20
8.231953263906462
 10
-4.959842519685026
 20
11.20121920243821
  0
LWPOLYLINE
  5
42c
330
1F
100
AcDbEntity
  8
TopLayer
100
AcDbPolyline
 90
7
 70
 0
 43
0.7500127000254001 
 10
-8.749530099060166
 20
1.5009398018795537
 10
-5.2290830581659975
 20
1.5009398018795537
 10
-3.2402590805181717
 20
3.489763779527493
 10
-0.0906527813053799
 20
3.489763779527493
 10
0.5189484378970519
 20
4.099364998729811
 10
0.5189484378970519
 20
8.127813055626007
 10
0.9507493014987176
 20
8.559613919227786
 10
0.9507493014987176
 20
10.027736855473563
  0
LWPOLYLINE
  5
42d
330
1F
100
AcDbEntity
  8
TopLayer
100
AcDbPolyline
 90
2
 70
 0
 43
0.7500127000254001 
 10
-0.9491744983488388
 20
10.027736855473563
 10
-1.8838963677926586
 20
9.093014986029857
 10
-1.8838963677926586
 20
8.231953263906462
  0
LWPOLYLINE
  5
42e
330
1F
100
AcDbEntity
  8
TopLayer
100
AcDbPolyline
 90
6
 70
 0
 43
0.7500127000254001 
 10
-15.097002794005448
 20
12.608382016763926
 10
-12.15821691643373
 20
9.669596139192208
 10
-7.710668021336005
 20
9.669596139192208
 10
-5.673583947167799
 20
7.632512065024116
 10
-5.673583947167799
 20
5.410007620015222
 10
-4.7541021082040515
 20
4.490525781051474
 10
-0.6545339090678226
 20
4.490525781051474
  0
LWPOLYLINE
  5
42f
330
1F
100
AcDbEntity
  8
TopLayer
100
AcDbPolyline
 90
2
 70
 0
 43
0.7500127000254001 
 10
-3.9362204724407093
 20
10.771958343916708
 10
-3.2123190246379636
 20
11.495859791719568
 10
-2.539217678435307
 20
11.495859791719568
  0
LWPOLYLINE
  5
430
330
1F
100
AcDbEntity
  8
TopLayer
100
AcDbPolyline
 90
2
 70
 0
 43
0.7500127000254001 
 10
-4.1876809753619
 20
12.445821691643232
 10
-4.1876809753619
 20
11.973380746761336
 10
-4.959842519685026
 20
11.20121920243821
  0
LWPOLYLINE
  5
431
330
1F
100
AcDbEntity
  8
TopLayer
100
AcDbPolyline
 90
2
 70
 0
 43
0.7500127000254001 
 10
2.5407924815851857
 20
11.87686055372103
 10
2.091211582423284
 20
12.323901447802768
 10
0.9507493014987176
 20
12.323901447802768
  0
LWPOLYLINE
  5
432
330
1F
100
AcDbEntity
  8
TopLayer
100
AcDbPolyline
 90
2
 70
 0
 43
0.7500127000254001 
 10
4.191795783591715
 20
11.54411988823972
 10
3.859055118110291
 20
11.87686055372103
 10
2.5407924815851857
 20
11.87686055372103
  0
LWPOLYLINE
  5
433
330
1F
100
AcDbEntity
  8
TopLayer
100
AcDbPolyline
 90
2
 70
 0
 43
0.33 
 10
-2.249657099314163
 20
14.53116586233159
 10
-2.549377698755279
 20
14.83088646177282
 10
-2.549377698755279
 20
15.432867665735216
  0
LWPOLYLINE
  5
434
330
1F
100
AcDbEntity
  8
TopLayer
100
AcDbPolyline
 90
1
 70
 0
 43
0.33 
 10
-2.249657099314163
 20
15.432867665735216
 10
-2.549377698755279
 20
15.432867665735216
  0
LWPOLYLINE
  5
435
330
1F
100
AcDbEntity
  8
TopLayer
100
AcDbPolyline
 90
2
 70
 0
 43
0.33 
 10
-2.249657099314163
 20
15.432867665735216
 10
-2.249657099314163
 20
14.650546101092118
 10
-2.549377698755279
 20
14.350825501650888
  0
LWPOLYLINE
  5
436
330
1F
100
AcDbEntity
  8
TopLayer
100
AcDbPolyline
 90
2
 70
 0
 43
0.7500127000254001 
 10
13.119989839980008
 20
6.199999999999932
 10
13.200000000000045
 20
6.280010160020311
 10
13.200000000000045
 20
12.040005080010133
  0
LWPOLYLINE
  5
437
330
1F
100
AcDbEntity
  8
TopLayer
100
AcDbPolyline
 90
3
 70
 0
 43
0.33 
 10
-2.249657099314163
 20
15.432867665735216
 10
-2.249657099314163
 20
14.259385318770455
 10
-2.539217678435307
 20
13.969824739649312
 10
-3.301219202438233
 20
13.969824739649312
  0
LWPOLYLINE
  5
438
330
1F
100
AcDbEntity
  8
TopLayer
100
AcDbPolyline
 90
7
 70
 0
 43
0.33 
 10
-2.440157480314838
 20
14.06888493776978
 10
-2.7932181864362065
 20
13.715824231648298
 10
-4.317221234442286
 20
13.715824231648298
 10
-4.444221488442736
 20
13.842824485648862
 10
-4.190220980441836
 20
14.096824993649875
 10
-2.7932181864362065
 20
14.096824993649875
 10
-2.549377698755279
 20
14.340665481330802
 10
-2.549377698755279
 20
15.432867665735216
  0
LWPOLYLINE
  5
439
330
1F
100
AcDbEntity
  8
TopLayer
100
AcDbPolyline
 90
2
 70
 0
 43
0.33 
 10
-2.249657099314163
 20
14.259385318770455
 10
-2.549377698755279
 20
14.559105918211799
 10
-2.549377698755279
 20
15.432867665735216
  0
LWPOLYLINE
  5
43a
330
1F
100
AcDbEntity
  8
TopLayer
100
AcDbPolyline
 90
2
 70
 0
 43
0.33 
 10
-2.549377698755279
 20
15.432867665735216
 10
-2.549377698755279
 20
14.350825501650888
 10
-2.930378460756856
 20
13.969824739649312
  0
LWPOLYLINE
  5
43b
330
1F
100
AcDbEntity
  8
TopLayer
100
AcDbPolyline
 90
3
 70
 0
 43
0.7500127000254001 
 10
8.751104902209818
 20
1.5009398018795537
 10
6.139979679959424
 20
1.5009398018795537
 10
5.118897637795271
 20
2.522021844043593
 10
5.118897637795271
 20
4.320345440690858
  0
LWPOLYLINE
  5
43c
330
1F
100
AcDbEntity
  8
TopLayer
100
AcDbPolyline
 90
4
 70
 0
 43
0.7500127000254001 
 10
8.519964439929026
 20
8.719634239268316
 10
6.879121158242469
 20
7.078790957581759
 10
6.879121158242469
 20
3.619304038607993
 10
7.4988823977648735
 20
2.999542799085475
 10
8.751104902209818
 20
2.999542799085475
  0
LWPOLYLINE
  5
43d
330
1F
100
AcDbEntity
  8
TopLayer
100
AcDbPolyline
 90
2
 70
 0
 43
0.7500127000254001 
 10
10.539268478536997
 20
4.50068580137156
 10
8.751104902209818
 20
4.50068580137156
 10
8.751104902209818
 20
4.50068580137156
  0
LWPOLYLINE
  5
43e
330
1F
100
AcDbEntity
  8
TopLayer
100
AcDbPolyline
 90
6
 70
 0
 43
0.7500127000254001 
 10
12.258851917704078
 20
10.619558039115987
 10
11.679730759461563
 20
10.040436880873699
 10
7.859563119126278
 20
10.040436880873699
 10
3.8412750825502826
 20
6.019608839217653
 10
3.8412750825502826
 20
1.0208788417575079
 10
4.859817119634272
 20
-0.0002032004065313231
 10
8.751104902209818
 20
-0.0002032004065313231
  0
LWPOLYLINE
  5
43f
330
1F
100
AcDbEntity
  8
TopLayer
100
AcDbPolyline
 90
7
 70
 0
 43
0.7500127000254001 
 10
7.509042418084846
 20
12.608382016763926
 10
7.509042418084846
 20
11.429819659639179
 10
4.6794767589535695
 20
8.600254000507903
 10
4.039395478790993
 20
8.600254000507903
 10
2.510312420624814
 20
7.071170942341837
 10
2.510312420624814
 20
-3.170129540259154
 10
3.8412750825502826
 20
-4.501092202184509
 10
8.751104902209818
 20
-4.501092202184509
  0
LWPOLYLINE
  5
440
330
1F
100
AcDbEntity
  8
TopLayer
100
AcDbPolyline
 90
4
 70
 0
 43
0.7500127000254001 
 10
7.509042418084846
 20
12.608382016763926
 10
7.509042418084846
 20
13.705664211328326
 10
7.509042418084846
 20
14.223825247650325
 10
8.461544323088674
 20
15.178867157734203
 10
16.891821183642605
 20
15.178867157734203
  0
LWPOLYLINE
  5
441
330
1F
100
AcDbEntity
  8
TopLayer
100
AcDbPolyline
 90
4
 70
 0
 43
0.33 
 10
-6.349225298450392
 20
19.31145542291074
 10
-5.45260350520698
 20
18.4148336296671
 10
-2.539217678435307
 20
18.4148336296671
 10
-1.7492760985521727
 20
17.624892049783966
 10
-1.7492760985521727
 20
15.432867665735216
  0
LWPOLYLINE
  5
442
330
1F
100
AcDbEntity
  8
TopLayer
100
AcDbPolyline
 90
3
 70
 0
 43
0.7500127000254001 
 10
-4.31976123952245
 20
12.420421640843188
 10
-4.31976123952245
 20
13.10114300228588
 10
-4.075920751841295
 20
13.10114300228588
 10
-4.075920751841295
 20
13.969824739649312
  0
LWPOLYLINE
  5
443
330
1F
100
AcDbEntity
  8
TopLayer
100
AcDbPolyline
 90
4
 70
 0
 43
0.33 
 10
-0.25067310134613763
 20
15.432867665735216
 10
-0.25067310134613763
 20
14.051104902209772
 10
0.16080772161558343
 20
13.639624079248165
 10
0.6205486410972298
 20
13.639624079248165
 10
0.9507493014987176
 20
13.969824739649312
  0
LWPOLYLINE
  5
444
330
1F
100
AcDbEntity
  8
TopLayer
100
AcDbPolyline
 90
5
 70
 0
 43
0.33 
 10
-0.7510541021081281
 20
15.432867665735216
 10
-0.7510541021081281
 20
16.730810261620377
 10
-0.42085344170686767
 20
17.06101092202175
 10
0.03888747777500612
 20
17.06101092202175
 10
0.2497078994158528
 20
16.850190500380904
 10
0.2497078994158528
 20
15.432867665735216
  0
LWPOLYLINE
  5
445
330
1F
100
AcDbEntity
  8
TopLayer
100
AcDbPolyline
 90
1
 70
 0
 43
0.7500127000254001 
 10
1.6187706375415019
 20
14.239065278130397
 10
2.2486918973838783
 20
14.239065278130397
  0
LWPOLYLINE
  5
446
330
1F
100
AcDbEntity
  8
TopLayer
100
AcDbPolyline
 90
3
 70
 0
 43
0.33 
 10
2.2486918973838783
 20
15.432867665735216
 10
2.2486918973838783
 20
13.79202438404866
 10
2.5611125222251303
 20
13.799644399288695
 10
2.550952501905158
 20
15.432867665735216
  0
LWPOLYLINE
  5
447
330
1F
100
AcDbEntity
  8
TopLayer
100
AcDbPolyline
 90
4
 70
 0
 43
0.7500127000254001 
 10
-8.749530099060166
 20
3.014782829565547
 10
-10.105892811785452
 20
3.014782829565547
 10
-10.51991363982711
 20
2.6007620015240036
 10
-10.51991363982711
 20
1.2901193802385933
 10
-12.285217170434294
 20
-0.47264414528842735
  0
LWPOLYLINE
  5
448
330
1F
100
AcDbEntity
  8
TopLayer
100
AcDbPolyline
 90
5
 70
 0
 43
0.7500127000254001 
 10
-18.42440944881878
 20
1.4983997967995037
 10
-12.991338582677031
 20
1.4983997967995037
 10
-12.379197358394663
 20
2.110541021081872
 10
-12.379197358394663
 20
4.419405638811213
 10
-10.79931419862828
 20
5.999288798577481
 10
-8.749530099060166
 20
5.999288798577481
  0
LWPOLYLINE
  5
449
330
1F
100
AcDbEntity
  8
TopLayer
100
AcDbPolyline
 90
5
 70
 0
 43
0.7500127000254001 
 10
1.5197104394210328
 20
7.469951739903422
 10
1.5197104394210328
 20
3.390703581407024
 10
0.6103886207772575
 20
2.4788417576834263
 10
-2.6789179578358926
 20
2.4788417576834263
 10
-5.160502921005673
 20
-0.0002032004065313231
 10
-8.749530099060166
 20
-0.0002032004065313231
  0
LWPOLYLINE
  5
44a
330
1F
100
AcDbEntity
  8
TopLayer
100
AcDbPolyline
 90
1
 70
 0
 43
0.7500127000254001 
 10
18.92382524765071
 20
-0.06116332232670629
 10
14.67947675895357
 20
-0.06116332232670629
  0
LWPOLYLINE
  5
44b
330
1F
100
AcDbEntity
  8
TopLayer
100
AcDbPolyline
 90
3
 70
 0
 43
0.7500127000254001 
 10
14.67947675895357
 20
-0.06116332232670629
 10
14.67947675895357
 20
-0.06116332232670629
 10
13.82603505207021
 20
-0.9120650241301291
 10
13.82603505207021
 20
-1.5242062484126109
  0
LWPOLYLINE
  5
44c
330
1F
100
AcDbEntity
  8
TopLayer
100
AcDbPolyline
 90
3
 70
 0
 43
0.7500127000254001 
 10
-18.42440944881878
 20
-1.5013462026925026
 10
-14.098780797561517
 20
-1.5013462026925026
 10
-11.099034798069624
 20
-4.501092202184509
 10
-8.749530099060166
 20
-4.501092202184509
  0
LWPOLYLINE
  5
44d
330
1F
100
AcDbEntity
  8
TopLayer
100
AcDbPolyline
 90
1
 70
 0
 43
0.7500127000254001 
 10
-18.42440944881878
 20
-2.5021082042164835
 10
-16.8953263906526
 20
-2.4995681991364336
  0
LWPOLYLINE
  5
44e
330
1F
100
AcDbEntity
  8
TopLayer
100
AcDbPolyline
 90
3
 70
 0
 43
0.7500127000254001 
 10
-16.8953263906526
 20
-2.4995681991364336
 10
-16.199364998729948
 20
-2.4995681991364336
 10
-15.856464312928551
 20
-2.8424688849379436
 10
-15.856464312928551
 20
-3.0482092964186904
  0
LWPOLYLINE
  5
44f
330
1F
100
AcDbEntity
  8
TopLayer
100
AcDbPolyline
 90
5
 70
 0
 43
0.7500127000254001 
 10
10.983769367538798
 20
-10.287223774447625
 10
10.983769367538798
 20
-11.872186944373993
 10
11.430810261620763
 20
-12.319227838455845
 10
13.716814833629769
 20
-12.319227838455845
 10
14.240055880111868
 20
-11.795986791973746
 10
14.240055880111868
 20
-8.445720091440307
  0
LWPOLYLINE
  5
450
330
1F
100
AcDbEntity
  8
TopLayer
100
AcDbPolyline
 90
1
 70
 0
 43
0.7500127000254001 
 10
14.240055880111868
 20
-8.445720091440307
 10
14.240055880111868
 20
-5.445974091948301
  0
LWPOLYLINE
  5
451
330
1F
100
AcDbEntity
  8
TopLayer
100
AcDbPolyline
 90
3
 70
 0
 43
0.7500127000254001 
 10
14.240055880111868
 20
-3.4444500889002256
 10
15.985039370078766
 20
-3.4444500889002256
 10
16.871501143002433
 20
-2.5605283210567222
 10
18.92382524765071
 20
-2.5605283210567222
  0
LWPOLYLINE
  5
452
330
1F
100
AcDbEntity
  8
TopLayer
100
AcDbPolyline
 90
7
 70
 0
 43
0.7500127000254001 
 10
11.827051054102185
 20
-1.5242062484126109
 10
11.827051054102185
 20
0.9040386080770304
 10
12.700812801625716
 20
1.7778003556005615
 10
20.828829057658368
 20
1.7778003556005615
 10
21.590830581661294
 20
1.0157988315975217
 10
21.590830581661294
 20
-4.318211836423757
 10
20.849149098298312
 20
-5.059893319786738
 10
18.92382524765071
 20
-5.059893319786738
  0
LWPOLYLINE
  5
453
330
1F
100
AcDbEntity
  8
TopLayer
100
AcDbPolyline
 90
2
 70
 0
 43
0.7500127000254001 
 10
14.240055880111868
 20
-3.4444500889002256
 10
13.795554991110066
 20
-2.9999491998985377
 10
8.751104902209818
 20
-2.9999491998985377
  0
LWPOLYLINE
  5
454
330
1F
100
AcDbEntity
  8
TopLayer
100
AcDbPolyline
 90
1
 70
 0
 43
0.7500127000254001 
 10
11.827051054102185
 20
-1.5242062484126109
 10
8.751104902209818
 20
-1.5013462026925026
  0
LWPOLYLINE
  5
455
330
1F
100
AcDbEntity
  8
TopLayer
100
AcDbPolyline
 90
2
 70
 0
 43
0.7500127000254001 
 10
10.983769367538798
 20
-8.636220472441096
 10
10.79580899161806
 20
-8.448260096520244
 10
10.79580899161806
 20
-6.477216154432426
  0
LWPOLYLINE
  5
456
330
1F
100
AcDbEntity
  8
TopLayer
100
AcDbPolyline
 90
1
 70
 0
 43
0.7500127000254001 
 10
10.983769367538798
 20
-10.287223774447625
 10
10.983769367538798
 20
-8.636220472441096
  0
LWPOLYLINE
  5
457
330
1F
100
AcDbEntity
  8
TopLayer
100
AcDbPolyline
 90
2
 70
 0
 43
0.7500127000254001 
 10
8.751104902209818
 20
-5.999695199390544
 10
9.226085852171764
 20
-6.477216154432426
 10
10.79580899161806
 20
-6.477216154432426
  0
LWPOLYLINE
  5
458
330
1F
100
AcDbEntity
  8
TopLayer
100
AcDbPolyline
 90
1
 70
 0
 43
0.7500127000254001 
 10
10.79580899161806
 20
-4.970993141986355
 10
12.446812293624816
 20
-4.953213106426347
  0
LWPOLYLINE
  5
459
330
1F
100
AcDbEntity
  8
TopLayer
100
AcDbPolyline
 90
2
 70
 0
 43
0.7500127000254001 
 10
8.751104902209818
 20
-4.501092202184509
 10
10.325908051816214
 20
-4.501092202184509
 10
10.79580899161806
 20
-4.970993141986355
  0
LWPOLYLINE
  5
45a
330
1F
100
AcDbEntity
  8
TopLayer
100
AcDbPolyline
 90
1
 70
 0
 43
0.33 
 10
-2.249657099314163
 20
15.432867665735216
 10
-2.549377698755279
 20
15.432867665735216
  0
LWPOLYLINE
  5
45b
330
1F
100
AcDbEntity
  8
TopLayer
100
AcDbPolyline
 90
2
 70
 0
 43
0.33 
 10
-2.930378460756856
 20
13.969824739649312
 10
-2.930378460756856
 20
13.969824739649312
 10
-4.075920751841295
 20
13.969824739649312
  0
LWPOLYLINE
  5
45c
330
1F
100
AcDbEntity
  8
TopLayer
100
AcDbPolyline
 90
3
 70
 0
 43
0.33 
 10
-0.9491744983488388
 20
12.323901447802768
 10
-0.9491744983488388
 20
14.096824993649875
 10
-0.7510541021081281
 20
14.297485394970636
 10
-0.7510541021081281
 20
15.432867665735216
  0
LWPOLYLINE
  5
45d
330
1F
100
AcDbEntity
  8
TopLayer
100
AcDbPolyline
 90
3
 70
 0
 43
0.33 
 10
0.9507493014987176
 20
12.323901447802768
 10
0.9507493014987176
 20
13.969824739649312
 10
0.7500889001778432
 20
14.170485140970186
 10
0.7500889001778432
 20
15.432867665735216
  0
LWPOLYLINE
  5
45e
330
1F
100
AcDbEntity
  8
TopLayer
100
AcDbPolyline
 90
5
 70
 0
 43
0.33 
 10
1.2504699009398337
 20
15.432867665735216
 10
1.2504699009398337
 20
17.886512573025016
 10
1.3977901955804555
 20
18.033832867665637
 10
5.461798323596895
 20
18.033832867665637
 10
6.223799847599821
 20
18.795834391668677
 10
6.223799847599821
 20
19.303835407670704
  0
LWPOLYLINE
  5
45f
330
1F
100
AcDbEntity
  8
TopLayer
100
AcDbPolyline
 90
3
 70
 0
 43
0.7500127000254001 
 10
-16.890246380492613
 20
15.178867157734203
 10
-15.747244094487996
 20
15.178867157734203
 10
-15.097002794005448
 20
14.528625857251654
 10
-15.097002794005448
 20
12.608382016763926
  0
LWPOLYLINE
  5
460
330
1F
100
AcDbEntity
  8
BottomSilkLayer
100
AcDbPolyline
 90
1
 70
 0
 43
0.25400050800101603 
 10
-17.724130048260008
 20
6.032232664465255
 10
-17.724130048260008
 20
5.232258064516145
  0
LWPOLYLINE
  5
461
330
1F
100
AcDbEntity
  8
BottomSilkLayer
100
AcDbPolyline
 90
1
 70
 0
 43
0.25400050800101603 
 10
-17.72458724917442
 20
6.592684785369443
 10
-17.72458724917442
 20
7.392659385318666
  0
LWPOLYLINE
  5
462
330
1F
100
AcDbEntity
  8
BottomSilkLayer
100
AcDbPolyline
 90
1
 70
 0
 43
0.25400050800101603 
 10
-16.304445008889957
 20
6.032232664465255
 10
-16.304445008889957
 20
5.232258064516145
  0
LWPOLYLINE
  5
463
330
1F
100
AcDbEntity
  8
BottomSilkLayer
100
AcDbPolyline
 90
1
 70
 0
 43
0.25400050800101603 
 10
-16.3049276098551
 20
6.592684785369443
 10
-16.3049276098551
 20
7.392659385318666
  0
LWPOLYLINE
  5
464
330
1F
100
AcDbEntity
  8
BottomSilkLayer
100
AcDbPolyline
 90
1
 70
 0
 43
0.25400050800101603 
 10
-17.41430022860027
 20
4.922504445008826
 10
-16.61424942849885
 20
4.922504445008826
  0
LWPOLYLINE
  5
465
330
1F
100
AcDbEntity
  8
BottomSilkLayer
100
AcDbPolyline
 90
1
 70
 0
 43
0.25400050800101603 
 10
-16.61478282956557
 20
7.702438404876716
 10
-17.414808229616256
 20
7.702438404876716
  0
LWPOLYLINE
  5
466
330
1F
100
AcDbEntity
  8
BottomSilkLayer
100
AcDbPolyline
 90
1
 70
 0
 43
0.25400050800101603 
 10
-6.0179578359154675
 20
2.6556007112012594
 10
-6.0179578359154675
 20
3.4555753111504828
  0
LWPOLYLINE
  5
467
330
1F
100
AcDbEntity
  8
BottomSilkLayer
100
AcDbPolyline
 90
1
 70
 0
 43
0.25400050800101603 
 10
-6.01750063500117
 20
2.0951485902970717
 10
-6.01750063500117
 20
1.295173990347962
  0
LWPOLYLINE
  5
468
330
1F
100
AcDbEntity
  8
BottomSilkLayer
100
AcDbPolyline
 90
1
 70
 0
 43
0.25400050800101603 
 10
-7.437642875285519
 20
2.6556007112012594
 10
-7.437642875285519
 20
3.4555753111504828
  0
LWPOLYLINE
  5
469
330
1F
100
AcDbEntity
  8
BottomSilkLayer
100
AcDbPolyline
 90
1
 70
 0
 43
0.25400050800101603 
 10
-7.437160274320377
 20
2.0951485902970717
 10
-7.437160274320377
 20
1.295173990347962
  0
LWPOLYLINE
  5
46a
330
1F
100
AcDbEntity
  8
BottomSilkLayer
100
AcDbPolyline
 90
1
 70
 0
 43
0.25400050800101603 
 10
-6.327787655575321
 20
3.7653289306578017
 10
-7.127838455676965
 20
3.7653289306578017
  0
LWPOLYLINE
  5
46b
330
1F
100
AcDbEntity
  8
BottomSilkLayer
100
AcDbPolyline
 90
1
 70
 0
 43
0.25400050800101603 
 10
-7.127305054609906
 20
0.9853949707899119
 10
-6.327279654559334
 20
0.9853949707899119
  0
LWPOLYLINE
  5
46c
330
1F
100
AcDbEntity
  8
BottomSilkLayer
100
AcDbPolyline
 90
1
 70
 0
 43
0.25400050800101603 
 10
-5.5971551943102895
 20
3.6191262382523064
 10
-5.5971551943102895
 20
2.8191516383031967
  0
LWPOLYLINE
  5
46d
330
1F
100
AcDbEntity
  8
BottomSilkLayer
100
AcDbPolyline
 90
1
 70
 0
 43
0.25400050800101603 
 10
-5.597612395224587
 20
4.179578359156608
 10
-5.597612395224587
 20
4.979552959105831
  0
LWPOLYLINE
  5
46e
330
1F
100
AcDbEntity
  8
BottomSilkLayer
100
AcDbPolyline
 90
1
 70
 0
 43
0.25400050800101603 
 10
-4.177470154940238
 20
3.6191262382523064
 10
-4.177470154940238
 20
2.8191516383031967
  0
LWPOLYLINE
  5
46f
330
1F
100
AcDbEntity
  8
BottomSilkLayer
100
AcDbPolyline
 90
1
 70
 0
 43
0.25400050800101603 
 10
-4.17795275590538
 20
4.179578359156608
 10
-4.17795275590538
 20
4.979552959105831
  0
LWPOLYLINE
  5
470
330
1F
100
AcDbEntity
  8
BottomSilkLayer
100
AcDbPolyline
 90
1
 70
 0
 43
0.25400050800101603 
 10
-5.287325374650663
 20
2.5093980187959914
 10
-4.487274574549019
 20
2.5093980187959914
  0
LWPOLYLINE
  5
471
330
1F
100
AcDbEntity
  8
BottomSilkLayer
100
AcDbPolyline
 90
1
 70
 0
 43
0.25400050800101603 
 10
-4.487807975615851
 20
5.289331978663881
 10
-5.287833375666651
 20
5.289331978663881
  0
LWPOLYLINE
  5
472
330
1F
100
AcDbEntity
  8
BottomSilkLayer
100
AcDbPolyline
 90
1
 70
 0
 43
0.25400050800101603 
 10
-7.668961137922224
 20
2.6556007112012594
 10
-7.668961137922224
 20
3.4555753111504828
  0
LWPOLYLINE
  5
473
330
1F
100
AcDbEntity
  8
BottomSilkLayer
100
AcDbPolyline
 90
1
 70
 0
 43
0.25400050800101603 
 10
-7.668503937007699
 20
2.0951485902970717
 10
-7.668503937007699
 20
1.295173990347962
  0
LWPOLYLINE
  5
474
330
1F
100
AcDbEntity
  8
BottomSilkLayer
100
AcDbPolyline
 90
1
 70
 0
 43
0.25400050800101603 
 10
-9.088646177292276
 20
2.6556007112012594
 10
-9.088646177292276
 20
3.4555753111504828
  0
LWPOLYLINE
  5
475
330
1F
100
AcDbEntity
  8
BottomSilkLayer
100
AcDbPolyline
 90
1
 70
 0
 43
0.25400050800101603 
 10
-9.088163576327133
 20
2.0951485902970717
 10
-9.088163576327133
 20
1.295173990347962
  0
LWPOLYLINE
  5
476
330
1F
100
AcDbEntity
  8
BottomSilkLayer
100
AcDbPolyline
 90
1
 70
 0
 43
0.25400050800101603 
 10
-7.97879095758185
 20
3.7653289306578017
 10
-8.778841757683495
 20
3.7653289306578017
  0
LWPOLYLINE
  5
477
330
1F
100
AcDbEntity
  8
BottomSilkLayer
100
AcDbPolyline
 90
1
 70
 0
 43
0.25400050800101603 
 10
-8.778308356616662
 20
0.9853949707899119
 10
-7.978282956565863
 20
0.9853949707899119
  0
LWPOLYLINE
  5
478
330
1F
100
AcDbEntity
  8
BottomSilkLayer
100
AcDbPolyline
 90
1
 70
 0
 43
0.15240030480060962 
 10
-6.317322834645665
 20
6.3175006350011245
 10
-9.16974853949705
 20
6.3175006350011245
  0
LWPOLYLINE
  5
479
330
1F
100
AcDbEntity
  8
BottomSilkLayer
100
AcDbPolyline
 90
1
 70
 0
 43
0.15240030480060962 
 10
-6.317322834645665
 20
4.605232410464737
 10
-6.317322834645665
 20
9.797612395224746
  0
LWPOLYLINE
  5
47a
330
1F
100
AcDbEntity
  8
BottomSilkLayer
100
AcDbPolyline
 90
1
 70
 0
 43
0.15240030480060962 
 10
-8.91915163830322
 20
9.79471678943355
 10
-9.158369316738572
 20
9.80139700279392
  0
LWPOLYLINE
  5
47b
330
1F
100
AcDbEntity
  8
BottomSilkLayer
100
AcDbPolyline
 90
1
 70
 0
 43
0.15240030480060962 
 10
-6.317322834645665
 20
9.797612395224746
 10
-6.556540513081018
 20
9.804292608585115
  0
LWPOLYLINE
  5
47c
330
1F
100
AcDbEntity
  8
BottomSilkLayer
100
AcDbPolyline
 90
1
 70
 0
 43
0.15240030480060962 
 10
-9.16974853949705
 20
4.605232410464737
 10
-9.16974853949705
 20
9.797612395224746
  0
LWPOLYLINE
  5
47d
330
1F
100
AcDbEntity
  8
BottomSilkLayer
100
AcDbPolyline
 90
2
 70
 0
 43
0.15001270002540007 
 10
-3.9706121412241373
 20
1.7204978409956766
 10
-3.9805181610363434
 20
1.7204978409956766
 10
-4.310617221234224
 20
1.3904749809498753
  0
LWPOLYLINE
  5
47e
330
1F
100
AcDbEntity
  8
BottomSilkLayer
100
AcDbPolyline
 90
2
 70
 0
 43
0.15001270002540007 
 10
-3.9706121412241373
 20
1.0404622809244302
 10
-3.9706121412241373
 20
1.0504699009396745
 10
-4.310617221234224
 20
1.3904749809498753
  0
LWPOLYLINE
  5
47f
330
1F
100
AcDbEntity
  8
BottomSilkLayer
100
AcDbPolyline
 90
1
 70
 0
 43
0.15001270002540007 
 10
-3.9706121412241373
 20
1.0404622809244302
 10
-3.9706121412241373
 20
1.7204978409956766
  0
LWPOLYLINE
  5
480
330
1F
100
AcDbEntity
  8
BottomSilkLayer
100
AcDbPolyline
 90
1
 70
 0
 43
0.15001270002540007 
 10
-3.9505715011428038
 20
0.6404368808736081
 10
-2.8005080010159418
 20
0.6404368808736081
  0
LWPOLYLINE
  5
481
330
1F
100
AcDbEntity
  8
BottomSilkLayer
100
AcDbPolyline
 90
1
 70
 0
 43
0.15001270002540007 
 10
-3.9505715011428038
 20
2.1405638811277186
 10
-2.8005080010159418
 20
2.1405638811277186
  0
LWPOLYLINE
  5
482
330
1F
100
AcDbEntity
  8
BottomSilkLayer
100
AcDbPolyline
 90
1
 70
 0
 43
0.15001270002540007 
 10
-2.8005080010159418
 20
0.6404876809752977
 10
-2.8005080010159418
 20
2.1204724409446953
  0
LWPOLYLINE
  5
483
330
1F
100
AcDbEntity
  8
BottomSilkLayer
100
AcDbPolyline
 90
1
 70
 0
 43
0.15001270002540007 
 10
-4.330581661163251
 20
2.142849885699775
 10
-5.380695961391893
 20
2.142849885699775
  0
LWPOLYLINE
  5
484
330
1F
100
AcDbEntity
  8
BottomSilkLayer
100
AcDbPolyline
 90
2
 70
 0
 43
0.15001270002540007 
 10
-5.680645161290158
 20
1.742748285496532
 10
-5.680645161290158
 20
1.8427736855472858
 10
-5.380695961391893
 20
2.142849885699775
  0
LWPOLYLINE
  5
485
330
1F
100
AcDbEntity
  8
BottomSilkLayer
100
AcDbPolyline
 90
1
 70
 0
 43
0.15001270002540007 
 10
-5.680645161290158
 20
1.0428244856489073
 10
-5.680645161290158
 20
1.742748285496532
  0
LWPOLYLINE
  5
486
330
1F
100
AcDbEntity
  8
BottomSilkLayer
100
AcDbPolyline
 90
2
 70
 0
 43
0.15001270002540007 
 10
-5.680645161290158
 20
1.0428244856489073
 10
-5.680645161290158
 20
0.9426720853441566
 10
-5.380695961391893
 20
0.6427228854456644
  0
LWPOLYLINE
  5
487
330
1F
100
AcDbEntity
  8
BottomSilkLayer
100
AcDbPolyline
 90
1
 70
 0
 43
0.15001270002540007 
 10
-4.330581661163251
 20
0.6427228854456644
 10
-5.380695961391893
 20
0.6427228854456644
  0
LWPOLYLINE
  5
488
330
1F
100
AcDbEntity
  8
BottomSilkLayer
100
AcDbPolyline
 90
1
 70
 0
 43
0.15001270002540007 
 10
-3.9706121412241373
 20
1.3904749809498753
 10
-4.310617221234224
 20
1.3904749809498753
  0
LWPOLYLINE
  5
489
330
1F
100
AcDbEntity
  8
BottomSilkLayer
100
AcDbPolyline
 90
2
 70
 0
 43
0.15240030480060962 
 10
-10.462255524510965
 20
5.741249682499301
 10
-11.914681229362259
 20
5.741249682499301
 10
-11.914681229362259
 20
6.772872745745417
  0
LWPOLYLINE
  5
48a
330
1F
100
AcDbEntity
  8
BottomSilkLayer
100
AcDbPolyline
 90
2
 70
 0
 43
0.15240030480060962 
 10
-10.462255524510965
 20
8.793675387350731
 10
-11.914681229362259
 20
8.793675387350731
 10
-11.914681229362259
 20
7.762052324104502
  0
LWPOLYLINE
  5
48b
330
1F
100
AcDbEntity
  8
BottomSilkLayer
100
AcDbPolyline
 90
1
 70
 0
 43
0.15240030480060962 
 10
-10.462255524510965
 20
6.812065024129879
 10
-10.462255524510965
 20
7.72286004572004
  0
LWPOLYLINE
  5
48c
330
1F
100
AcDbEntity
  8
BottomSilkLayer
100
AcDbPolyline
 90
3
 70
 0
 43
0.15240030480060962 
 10
-14.302336804673473
 20
9.13202946405886
 10
-13.343459486918846
 20
9.13202946405886
 10
-13.343459486918846
 20
7.810820421640756
 10
-14.302336804673473
 20
7.810820421640756
  0
LWPOLYLINE
  5
48d
330
1F
100
AcDbEntity
  8
BottomSilkLayer
100
AcDbPolyline
 90
3
 70
 0
 43
0.15240030480060962 
 10
-15.154762509524971
 20
9.13202946405886
 10
-16.113639827279485
 20
9.13202946405886
 10
-16.113639827279485
 20
7.810820421640756
 10
-15.154762509524971
 20
7.810820421640756
  0
LWPOLYLINE
  5
48e
330
1F
100
AcDbEntity
  8
BottomSilkLayer
100
AcDbPolyline
 90
3
 70
 0
 43
0.15240030480060962 
 10
-3.959131318262507
 20
4.325628651257148
 10
-3.959131318262507
 20
5.284505969011889
 10
-2.637922275844403
 20
5.284505969011889
 10
-2.637922275844403
 20
4.325628651257148
  0
LWPOLYLINE
  5
48f
330
1F
100
AcDbEntity
  8
BottomSilkLayer
100
AcDbPolyline
 90
3
 70
 0
 43
0.15240030480060962 
 10
-3.959131318262507
 20
3.473202946405877
 10
-3.959131318262507
 20
2.514325628651136
 10
-2.637922275844403
 20
2.514325628651136
 10
-2.637922275844403
 20
3.473202946405877
  0
LWPOLYLINE
  5
490
330
1F
100
AcDbEntity
  8
BottomSilkLayer
100
AcDbPolyline
 90
1
 70
 0
 43
0.25400050800101603 
 10
-10.062077724155415
 20
3.236398272796464
 10
-12.861163322326547
 20
3.236398272796464
  0
LWPOLYLINE
  5
491
330
1F
100
AcDbEntity
  8
BottomSilkLayer
100
AcDbPolyline
 90
3
 70
 0
 43
0.25400050800101603 
 10
-12.861163322326547
 20
3.236398272796464
 10
-12.861163322326547
 20
2.235636271272483
 10
-10.062077724155415
 20
2.235636271272483
 10
-10.062077724155415
 20
3.236398272796464
  0
LWPOLYLINE
  5
492
330
1F
100
AcDbEntity
  8
BottomSilkLayer
100
AcDbPolyline
 90
4
 70
 1
 43
0.25400050800101603 
 10
-15.714071628143074
 20
7.788011176022337
 10
-15.714071628143074
 20
2.7080010160019583
 10
-13.174066548132942
 20
2.7080010160019583
 10
-13.174066548132942
 20
7.788011176022337
 10
-15.714071628143074
 20
7.788011176022337
  0
LWPOLYLINE
  5
493
330
1F
100
AcDbEntity
  8
BottomSilkLayer
100
AcDbPolyline
 90
1
 70
 0
 43
0.25400050800101603 
 10
-0.2095504191006512
 20
11.039852679705291
 10
-0.2095504191006512
 20
10.239878079756068
  0
LWPOLYLINE
  5
494
330
1F
100
AcDbEntity
  8
BottomSilkLayer
100
AcDbPolyline
 90
1
 70
 0
 43
0.25400050800101603 
 10
-0.21000762001517614
 20
11.600304800609592
 10
-0.21000762001517614
 20
12.400279400558702
  0
LWPOLYLINE
  5
495
330
1F
100
AcDbEntity
  8
BottomSilkLayer
100
AcDbPolyline
 90
1
 70
 0
 43
0.25400050800101603 
 10
1.2101346202694003
 20
11.039852679705291
 10
1.2101346202694003
 20
10.239878079756068
  0
LWPOLYLINE
  5
496
330
1F
100
AcDbEntity
  8
BottomSilkLayer
100
AcDbPolyline
 90
1
 70
 0
 43
0.25400050800101603 
 10
1.2096520193040305
 20
11.600304800609592
 10
1.2096520193040305
 20
12.400279400558702
  0
LWPOLYLINE
  5
497
330
1F
100
AcDbEntity
  8
BottomSilkLayer
100
AcDbPolyline
 90
1
 70
 0
 43
0.25400050800101603 
 10
0.10027940055897488
 20
9.930124460248862
 10
0.9003302006606191
 20
9.930124460248862
  0
LWPOLYLINE
  5
498
330
1F
100
AcDbEntity
  8
BottomSilkLayer
100
AcDbPolyline
 90
1
 70
 0
 43
0.25400050800101603 
 10
0.8997967995935596
 20
12.710058420116752
 10
0.09977139954298764
 20
12.710058420116752
  0
LWPOLYLINE
  5
499
330
1F
100
AcDbEntity
  8
BottomSilkLayer
100
AcDbPolyline
 90
1
 70
 0
 43
0.25400050800101603 
 10
12.410414020828057
 20
4.159817119634113
 10
12.410414020828057
 20
3.359842519685003
  0
LWPOLYLINE
  5
49a
330
1F
100
AcDbEntity
  8
BottomSilkLayer
100
AcDbPolyline
 90
1
 70
 0
 43
0.25400050800101603 
 10
12.40995681991376
 20
4.7202692405383
 10
12.40995681991376
 20
5.520243840487524
  0
LWPOLYLINE
  5
49b
330
1F
100
AcDbEntity
  8
BottomSilkLayer
100
AcDbPolyline
 90
1
 70
 0
 43
0.25400050800101603 
 10
13.830099060198336
 20
4.159817119634113
 10
13.830099060198336
 20
3.359842519685003
  0
LWPOLYLINE
  5
49c
330
1F
100
AcDbEntity
  8
BottomSilkLayer
100
AcDbPolyline
 90
1
 70
 0
 43
0.25400050800101603 
 10
13.829616459232966
 20
4.7202692405383
 10
13.829616459232966
 20
5.520243840487524
  0
LWPOLYLINE
  5
49d
330
1F
100
AcDbEntity
  8
BottomSilkLayer
100
AcDbPolyline
 90
1
 70
 0
 43
0.25400050800101603 
 10
12.72024384048791
 20
3.050088900177684
 10
13.520294640589555
 20
3.050088900177684
  0
LWPOLYLINE
  5
49e
330
1F
100
AcDbEntity
  8
BottomSilkLayer
100
AcDbPolyline
 90
1
 70
 0
 43
0.25400050800101603 
 10
13.519761239522495
 20
5.830022860045688
 10
12.719735839471696
 20
5.830022860045688
  0
LWPOLYLINE
  5
49f
330
1F
100
AcDbEntity
  8
BottomSilkLayer
100
AcDbPolyline
 90
1
 70
 0
 43
0.15240030480060962 
 10
3.3035560071120926
 20
13.271170942341769
 10
3.3035560071120926
 20
11.861163322326547
  0
LWPOLYLINE
  5
4a0
330
1F
100
AcDbEntity
  8
BottomSilkLayer
100
AcDbPolyline
 90
1
 70
 0
 43
0.15240030480060962 
 10
1.4963423926849373
 20
11.861163322326547
 10
1.4963423926849373
 20
13.271170942341769
  0
LWPOLYLINE
  5
4a1
330
1F
100
AcDbEntity
  8
BottomSilkLayer
100
AcDbPolyline
 90
1
 70
 0
 43
0.15240030480060962 
 10
1.6487426974854316
 20
13.423571247142377
 10
3.1511557023115984
 20
13.423571247142377
  0
LWPOLYLINE
  5
4a2
330
1F
100
AcDbEntity
  8
BottomSilkLayer
100
AcDbPolyline
 90
1
 70
 0
 43
0.15240030480060962 
 10
3.3035560071120926
 20
9.648768097536163
 10
3.3035560071120926
 20
11.058775717551384
  0
LWPOLYLINE
  5
4a3
330
1F
100
AcDbEntity
  8
BottomSilkLayer
100
AcDbPolyline
 90
1
 70
 0
 43
0.15240030480060962 
 10
1.4963423926849373
 20
11.058775717551384
 10
1.4963423926849373
 20
9.648768097536163
  0
LWPOLYLINE
  5
4a4
330
1F
100
AcDbEntity
  8
BottomSilkLayer
100
AcDbPolyline
 90
1
 70
 0
 43
0.15240030480060962 
 10
1.6487426974854316
 20
9.496367792735441
 10
3.1511557023115984
 20
9.496367792735441
  0
LWPOLYLINE
  5
4a5
330
1F
100
AcDbEntity
  8
BottomSilkLayer
100
AcDbPolyline
 90
1
 70
 0
 43
0.11998983997967998 
 10
15.25999491999005
 20
9.140005080010042
 10
13.16093472186958
 20
9.140005080010042
  0
LWPOLYLINE
  5
4a6
330
1F
100
AcDbEntity
  8
BottomSilkLayer
100
AcDbPolyline
 90
1
 70
 0
 43
0.11998983997967998 
 10
13.169951739903581
 20
11.262738125476176
 10
15.270027940056025
 20
11.262738125476176
  0
LWPOLYLINE
  5
4a7
330
1F
100
AcDbEntity
  8
BottomSilkLayer
100
AcDbPolyline
 90
4
 70
 1
 43
0.15240030480060962 
 10
9.27228854457735
 20
14.361137922275816
 10
6.229464058928215
 20
14.361137922275816
 10
6.229464058928215
 20
5.5586995173989635
 10
9.27228854457735
 20
5.5586995173989635
 10
9.27228854457735
 20
14.361137922275816
  0
LWPOLYLINE
  5
4a8
330
1F
100
AcDbEntity
  8
TopSilkLayer
100
AcDbPolyline
 90
4
 70
 1
 43
0.15240030480060962 
 10
-14.024409448818801
 20
18.18521717043427
 10
-8.581584963169917
 20
18.18521717043427
 10
-8.581584963169917
 20
11.532791465582818
 10
-14.024409448818801
 20
11.532791465582818
 10
-14.024409448818801
 20
18.18521717043427
  0
LWPOLYLINE
  5
4a9
330
1F
100
AcDbEntity
  8
TopSilkLayer
100
AcDbPolyline
 90
4
 70
 1
 43
0.15240030480060962 
 10
8.581584963169917
 20
18.18521717043427
 10
14.024409448819142
 20
18.18521717043427
 10
14.024409448819142
 20
11.532791465582818
 10
8.581584963169917
 20
11.532791465582818
 10
8.581584963169917
 20
18.18521717043427
  0
LWPOLYLINE
  5
4aa
330
1F
100
AcDbEntity
  8
TopSilkLayer
100
AcDbPolyline
 90
1
 70
 0
 43
0.25400050800101603 
 10
3.249580899161856
 20
10.8958343916687
 10
3.249580899161856
 20
10.095859791719477
  0
LWPOLYLINE
  5
4ab
330
1F
100
AcDbEntity
  8
TopSilkLayer
100
AcDbPolyline
 90
1
 70
 0
 43
0.25400050800101603 
 10
3.2500381000761536
 20
11.456286512573001
 10
3.2500381000761536
 20
12.256261112522111
  0
LWPOLYLINE
  5
4ac
330
1F
100
AcDbEntity
  8
TopSilkLayer
100
AcDbPolyline
 90
1
 70
 0
 43
0.25400050800101603 
 10
1.8298958597918045
 20
10.8958343916687
 10
1.8298958597918045
 20
10.095859791719477
  0
LWPOLYLINE
  5
4ad
330
1F
100
AcDbEntity
  8
TopSilkLayer
100
AcDbPolyline
 90
1
 70
 0
 43
0.25400050800101603 
 10
1.8303784607569469
 20
11.456286512573001
 10
1.8303784607569469
 20
12.256261112522111
  0
LWPOLYLINE
  5
4ae
330
1F
100
AcDbEntity
  8
TopSilkLayer
100
AcDbPolyline
 90
1
 70
 0
 43
0.25400050800101603 
 10
2.93975107950223
 20
9.786106172212271
 10
2.1397002794005857
 20
9.786106172212271
  0
LWPOLYLINE
  5
4af
330
1F
100
AcDbEntity
  8
TopSilkLayer
100
AcDbPolyline
 90
1
 70
 0
 43
0.25400050800101603 
 10
2.140233680467418
 20
12.566040132080161
 10
2.940259080518217
 20
12.566040132080161
  0
LWPOLYLINE
  5
4b0
330
1F
100
AcDbEntity
  8
TopSilkLayer
100
AcDbPolyline
 90
1
 70
 0
 43
0.25400050800101603 
 10
-1.8304292608584092
 20
10.514833629667123
 10
-1.8304292608584092
 20
9.7148590297179
  0
LWPOLYLINE
  5
4b1
330
1F
100
AcDbEntity
  8
TopSilkLayer
100
AcDbPolyline
 90
1
 70
 0
 43
0.25400050800101603 
 10
-1.8299720599441116
 20
11.075285750571425
 10
-1.8299720599441116
 20
11.875260350520648
  0
LWPOLYLINE
  5
4b2
330
1F
100
AcDbEntity
  8
TopSilkLayer
100
AcDbPolyline
 90
1
 70
 0
 43
0.25400050800101603 
 10
-3.2501143002284607
 20
10.514833629667123
 10
-3.2501143002284607
 20
9.7148590297179
  0
LWPOLYLINE
  5
4b3
330
1F
100
AcDbEntity
  8
TopSilkLayer
100
AcDbPolyline
 90
1
 70
 0
 43
0.25400050800101603 
 10
-3.2496316992633183
 20
11.075285750571425
 10
-3.2496316992633183
 20
11.875260350520648
  0
LWPOLYLINE
  5
4b4
330
1F
100
AcDbEntity
  8
TopSilkLayer
100
AcDbPolyline
 90
1
 70
 0
 43
0.25400050800101603 
 10
-2.1402590805180353
 20
9.405105410210808
 10
-2.9403098806196795
 20
9.405105410210808
  0
LWPOLYLINE
  5
4b5
330
1F
100
AcDbEntity
  8
TopSilkLayer
100
AcDbPolyline
 90
1
 70
 0
 43
0.25400050800101603 
 10
-2.9397764795528474
 20
12.185039370078698
 10
-2.139751079502048
 20
12.185039370078698
  0
LWPOLYLINE
  5
4b6
330
1F
100
AcDbEntity
  8
TopSilkLayer
100
AcDbPolyline
 90
1
 70
 0
 43
0.25400050800101603 
 10
-5.3201676403350575
 20
11.730429260858386
 10
-6.120142240284395
 20
11.730429260858386
  0
LWPOLYLINE
  5
4b7
330
1F
100
AcDbEntity
  8
TopSilkLayer
100
AcDbPolyline
 90
1
 70
 0
 43
0.25400050800101603 
 10
-4.7597155194309835
 20
11.729972059943975
 10
-3.959740919481874
 20
11.729972059943975
  0
LWPOLYLINE
  5
4b8
330
1F
100
AcDbEntity
  8
TopSilkLayer
100
AcDbPolyline
 90
1
 70
 0
 43
0.25400050800101603 
 10
-5.3201676403350575
 20
13.150114300228552
 10
-6.120142240284395
 20
13.150114300228552
  0
LWPOLYLINE
  5
4b9
330
1F
100
AcDbEntity
  8
TopSilkLayer
100
AcDbPolyline
 90
1
 70
 0
 43
0.25400050800101603 
 10
-4.7597155194309835
 20
13.149631699263296
 10
-3.959740919481874
 20
13.149631699263296
  0
LWPOLYLINE
  5
4ba
330
1F
100
AcDbEntity
  8
TopSilkLayer
100
AcDbPolyline
 90
1
 70
 0
 43
0.25400050800101603 
 10
-6.4298958597917135
 20
12.040259080518013
 10
-6.4298958597917135
 20
12.840309880619657
  0
LWPOLYLINE
  5
4bb
330
1F
100
AcDbEntity
  8
TopSilkLayer
100
AcDbPolyline
 90
1
 70
 0
 43
0.25400050800101603 
 10
-3.64996189992371
 20
12.839776479552825
 10
-3.64996189992371
 20
12.039751079502025
  0
LWPOLYLINE
  5
4bc
330
1F
100
AcDbEntity
  8
TopSilkLayer
100
AcDbPolyline
 90
1
 70
 0
 43
0.25400050800101603 
 10
-16.181432562864984
 20
14.197815595631141
 10
-16.181432562864984
 20
13.397840995681918
  0
LWPOLYLINE
  5
4bd
330
1F
100
AcDbEntity
  8
TopSilkLayer
100
AcDbPolyline
 90
1
 70
 0
 43
0.25400050800101603 
 10
-16.180975361950573
 20
14.758267716535329
 10
-16.180975361950573
 20
15.558242316484552
  0
LWPOLYLINE
  5
4be
330
1F
100
AcDbEntity
  8
TopSilkLayer
100
AcDbPolyline
 90
1
 70
 0
 43
0.25400050800101603 
 10
-17.60111760223515
 20
14.197815595631141
 10
-17.60111760223515
 20
13.397840995681918
  0
LWPOLYLINE
  5
4bf
330
1F
100
AcDbEntity
  8
TopSilkLayer
100
AcDbPolyline
 90
1
 70
 0
 43
0.25400050800101603 
 10
-17.600635001269893
 20
14.758267716535329
 10
-17.600635001269893
 20
15.558242316484552
  0
LWPOLYLINE
  5
4c0
330
1F
100
AcDbEntity
  8
TopSilkLayer
100
AcDbPolyline
 90
1
 70
 0
 43
0.25400050800101603 
 10
-16.49126238252461
 20
13.088087376174713
 10
-17.291313182626254
 20
13.088087376174713
  0
LWPOLYLINE
  5
4c1
330
1F
100
AcDbEntity
  8
TopSilkLayer
100
AcDbPolyline
 90
1
 70
 0
 43
0.25400050800101603 
 10
-17.290779781559422
 20
15.868021336042489
 10
-16.490754381508623
 20
15.868021336042489
  0
LWPOLYLINE
  5
4c2
330
1F
100
AcDbEntity
  8
TopSilkLayer
100
AcDbPolyline
 90
1
 70
 0
 43
0.25400050800101603 
 10
17.60058420116843
 20
14.197840995681872
 10
17.60058420116843
 20
13.397866395732649
  0
LWPOLYLINE
  5
4c3
330
1F
100
AcDbEntity
  8
TopSilkLayer
100
AcDbPolyline
 90
1
 70
 0
 43
0.25400050800101603 
 10
17.601041402082956
 20
14.758293116586174
 10
17.601041402082956
 20
15.558267716535397
  0
LWPOLYLINE
  5
4c4
330
1F
100
AcDbEntity
  8
TopSilkLayer
100
AcDbPolyline
 90
1
 70
 0
 43
0.25400050800101603 
 10
16.180899161798607
 20
14.197840995681872
 10
16.180899161798607
 20
13.397866395732649
  0
LWPOLYLINE
  5
4c5
330
1F
100
AcDbEntity
  8
TopSilkLayer
100
AcDbPolyline
 90
1
 70
 0
 43
0.25400050800101603 
 10
16.18138176276352
 20
14.758293116586174
 10
16.18138176276352
 20
15.558267716535397
  0
LWPOLYLINE
  5
4c6
330
1F
100
AcDbEntity
  8
TopSilkLayer
100
AcDbPolyline
 90
1
 70
 0
 43
0.25400050800101603 
 10
17.290754381509032
 20
13.088112776225557
 10
16.490703581407388
 20
13.088112776225557
  0
LWPOLYLINE
  5
4c7
330
1F
100
AcDbEntity
  8
TopSilkLayer
100
AcDbPolyline
 90
1
 70
 0
 43
0.25400050800101603 
 10
16.491236982473993
 20
15.868046736093333
 10
17.291262382524792
 20
15.868046736093333
  0
LWPOLYLINE
  5
4c8
330
1F
100
AcDbEntity
  8
TopSilkLayer
100
AcDbPolyline
 90
1
 70
 0
 43
0.25400050800101603 
 10
11.964211328422607
 20
-7.926441452882955
 10
12.764185928371944
 20
-7.926441452882955
  0
LWPOLYLINE
  5
4c9
330
1F
100
AcDbEntity
  8
TopSilkLayer
100
AcDbPolyline
 90
1
 70
 0
 43
0.25400050800101603 
 10
11.403759207518533
 20
-7.9259842519685435
 10
10.603784607569196
 20
-7.9259842519685435
  0
LWPOLYLINE
  5
4ca
330
1F
100
AcDbEntity
  8
TopSilkLayer
100
AcDbPolyline
 90
1
 70
 0
 43
0.25400050800101603 
 10
11.964211328422607
 20
-9.34612649225312
 10
12.764185928371944
 20
-9.34612649225312
  0
LWPOLYLINE
  5
4cb
330
1F
100
AcDbEntity
  8
TopSilkLayer
100
AcDbPolyline
 90
1
 70
 0
 43
0.25400050800101603 
 10
11.403759207518533
 20
-9.345643891287978
 10
10.603784607569196
 20
-9.345643891287978
  0
LWPOLYLINE
  5
4cc
330
1F
100
AcDbEntity
  8
TopSilkLayer
100
AcDbPolyline
 90
1
 70
 0
 43
0.25400050800101603 
 10
13.073939547879263
 20
-8.236271272542695
 10
13.073939547879263
 20
-9.036322072644225
  0
LWPOLYLINE
  5
4cd
330
1F
100
AcDbEntity
  8
TopSilkLayer
100
AcDbPolyline
 90
1
 70
 0
 43
0.25400050800101603 
 10
10.294005588011487
 20
-9.035788671577507
 10
10.294005588011487
 20
-8.235763271526707
  0
LWPOLYLINE
  5
4ce
330
1F
100
AcDbEntity
  8
TopSilkLayer
100
AcDbPolyline
 90
1
 70
 0
 43
0.25400050800101603 
 10
11.964211328422607
 20
-9.577444754889598
 10
12.764185928371944
 20
-9.577444754889598
  0
LWPOLYLINE
  5
4cf
330
1F
100
AcDbEntity
  8
TopSilkLayer
100
AcDbPolyline
 90
1
 70
 0
 43
0.25400050800101603 
 10
11.403759207518533
 20
-9.576987553975187
 10
10.603784607569196
 20
-9.576987553975187
  0
LWPOLYLINE
  5
4d0
330
1F
100
AcDbEntity
  8
TopSilkLayer
100
AcDbPolyline
 90
1
 70
 0
 43
0.25400050800101603 
 10
11.964211328422607
 20
-10.99712979425965
 10
12.764185928371944
 20
-10.99712979425965
  0
LWPOLYLINE
  5
4d1
330
1F
100
AcDbEntity
  8
TopSilkLayer
100
AcDbPolyline
 90
1
 70
 0
 43
0.25400050800101603 
 10
11.403759207518533
 20
-10.996647193294507
 10
10.603784607569196
 20
-10.996647193294507
  0
LWPOLYLINE
  5
4d2
330
1F
100
AcDbEntity
  8
TopSilkLayer
100
AcDbPolyline
 90
1
 70
 0
 43
0.25400050800101603 
 10
13.073939547879263
 20
-9.887274574549338
 10
13.073939547879263
 20
-10.687325374650754
  0
LWPOLYLINE
  5
4d3
330
1F
100
AcDbEntity
  8
TopSilkLayer
100
AcDbPolyline
 90
1
 70
 0
 43
0.25400050800101603 
 10
10.294005588011487
 20
-10.686791973584036
 10
10.294005588011487
 20
-9.88676657353335
  0
LWPOLYLINE
  5
4d4
330
1F
100
AcDbEntity
  8
TopSilkLayer
100
AcDbPolyline
 90
1
 70
 0
 43
0.25400050800101603 
 10
13.155575311150642
 20
-5.933274066548165
 10
13.155575311150642
 20
-6.7332486664973885
  0
LWPOLYLINE
  5
4d5
330
1F
100
AcDbEntity
  8
TopSilkLayer
100
AcDbPolyline
 90
1
 70
 0
 43
0.25400050800101603 
 10
13.156032512065167
 20
-5.372821945643977
 10
13.156032512065167
 20
-4.572847345694868
  0
LWPOLYLINE
  5
4d6
330
1F
100
AcDbEntity
  8
TopSilkLayer
100
AcDbPolyline
 90
1
 70
 0
 43
0.25400050800101603 
 10
11.735890271780818
 20
-5.933274066548165
 10
11.735890271780818
 20
-6.7332486664973885
  0
LWPOLYLINE
  5
4d7
330
1F
100
AcDbEntity
  8
TopSilkLayer
100
AcDbPolyline
 90
1
 70
 0
 43
0.25400050800101603 
 10
11.736372872745733
 20
-5.372821945643977
 10
11.736372872745733
 20
-4.572847345694868
  0
LWPOLYLINE
  5
4d8
330
1F
100
AcDbEntity
  8
TopSilkLayer
100
AcDbPolyline
 90
1
 70
 0
 43
0.25400050800101603 
 10
12.845745491491243
 20
-7.0430022860047075
 10
12.045694691389599
 20
-7.0430022860047075
  0
LWPOLYLINE
  5
4d9
330
1F
100
AcDbEntity
  8
TopSilkLayer
100
AcDbPolyline
 90
1
 70
 0
 43
0.25400050800101603 
 10
12.046228092456204
 20
-4.263068326136704
 10
12.846253492507003
 20
-4.263068326136704
  0
LWPOLYLINE
  5
4da
330
1F
100
AcDbEntity
  8
TopSilkLayer
100
AcDbPolyline
 90
1
 70
 0
 43
0.13 
 10
-5.476022352044538
 20
14.470027940055843
 10
-4.1759969519937385
 20
14.470027940055843
  0
LWPOLYLINE
  5
4db
330
1F
100
AcDbEntity
  8
TopSilkLayer
100
AcDbPolyline
 90
1
 70
 0
 43
0.13 
 10
-5.476022352044538
 20
13.470027940055843
 10
-4.1759969519937385
 20
13.470027940055843
  0
LWPOLYLINE
  5
4dc
330
1F
100
AcDbEntity
  8
TopSilkLayer
100
AcDbPolyline
 90
1
 70
 0
 43
0.1 
 10
-4.826009652019138
 20
14.198628397256698
 10
-4.826009652019138
 20
13.71602743205483
  0
LWPOLYLINE
  5
4dd
330
1F
100
AcDbEntity
  8
TopSilkLayer
100
AcDbPolyline
 90
1
 70
 0
 43
0.13 
 10
3.6910083820168893
 20
10.14500889001772
 10
3.6910083820168893
 20
11.44503429006852
  0
LWPOLYLINE
  5
4de
330
1F
100
AcDbEntity
  8
TopSilkLayer
100
AcDbPolyline
 90
1
 70
 0
 43
0.13 
 10
4.691008382016889
 20
10.14500889001772
 10
4.691008382016889
 20
11.44503429006852
  0
LWPOLYLINE
  5
4df
330
1F
100
AcDbEntity
  8
TopSilkLayer
100
AcDbPolyline
 90
1
 70
 0
 43
0.1 
 10
3.962407924816034
 20
10.79502159004312
 10
4.445008890017789
 20
10.79502159004312
  0
LWPOLYLINE
  5
4e0
330
1F
100
AcDbEntity
  8
TopSilkLayer
100
AcDbPolyline
 90
1
 70
 0
 43
0.13 
 10
-4.43703327406638
 20
9.37106934213864
 10
-4.43703327406638
 20
10.671094742189439
  0
LWPOLYLINE
  5
4e1
330
1F
100
AcDbEntity
  8
TopSilkLayer
100
AcDbPolyline
 90
1
 70
 0
 43
0.13 
 10
-3.43703327406638
 20
9.37106934213864
 10
-3.43703327406638
 20
10.671094742189439
  0
LWPOLYLINE
  5
4e2
330
1F
100
AcDbEntity
  8
TopSilkLayer
100
AcDbPolyline
 90
1
 70
 0
 43
0.1 
 10
-4.165633731267462
 20
10.02108204216404
 10
-3.6830327660654802
 20
10.02108204216404
  0
LWPOLYLINE
  5
4e3
330
1F
100
AcDbEntity
  8
TopSilkLayer
100
AcDbPolyline
 90
1
 70
 0
 43
0.15240030480060962 
 10
-1.539192278384462
 20
12.065227330454604
 10
-1.539192278384462
 20
10.286817373634676
  0
LWPOLYLINE
  5
4e4
330
1F
100
AcDbEntity
  8
TopSilkLayer
100
AcDbPolyline
 90
1
 70
 0
 43
0.15240030480060962 
 10
1.5391922783846894
 20
12.065227330454604
 10
1.5391922783846894
 20
10.286817373634676
  0
LWPOLYLINE
  5
4e5
330
1F
100
AcDbEntity
  8
TopSilkLayer
100
AcDbPolyline
 90
3
 70
 0
 43
0.15240030480060962 
 10
5.562382524765098
 20
19.63119126238246
 10
5.562382524765098
 20
18.672313944627717
 10
6.883591567183203
 20
18.672313944627717
 10
6.883591567183203
 20
19.63119126238246
  0
LWPOLYLINE
  5
4e6
330
1F
100
AcDbEntity
  8
TopSilkLayer
100
AcDbPolyline
 90
3
 70
 0
 43
0.15240030480060962 
 10
5.562382524765098
 20
20.483616967233843
 10
5.562382524765098
 20
21.44249428498847
 10
6.883591567183203
 20
21.44249428498847
 10
6.883591567183203
 20
20.483616967233843
  0
LWPOLYLINE
  5
4e7
330
1F
100
AcDbEntity
  8
TopSilkLayer
100
AcDbPolyline
 90
3
 70
 0
 43
0.15240030480060962 
 10
-7.01061722123427
 20
19.63982727965447
 10
-7.01061722123427
 20
18.68094996189984
 10
-5.689408178816166
 20
18.68094996189984
 10
-5.689408178816166
 20
19.63982727965447
  0
LWPOLYLINE
  5
4e8
330
1F
100
AcDbEntity
  8
TopSilkLayer
100
AcDbPolyline
 90
3
 70
 0
 43
0.15240030480060962 
 10
-7.01061722123427
 20
20.492252984505853
 10
-7.01061722123427
 20
21.45113030226048
 10
-5.689408178816166
 20
21.45113030226048
 10
-5.689408178816166
 20
20.492252984505853
  0
LWPOLYLINE
  5
4e9
330
1F
100
AcDbEntity
  8
TopSilkLayer
100
AcDbPolyline
 90
3
 70
 0
 43
0.15240030480060962 
 10
10.134442468885027
 20
-6.150063500127089
 10
10.134442468885027
 20
-7.108940817881717
 10
11.455651511303131
 20
-7.108940817881717
 10
11.455651511303131
 20
-6.150063500127089
  0
LWPOLYLINE
  5
4ea
330
1F
100
AcDbEntity
  8
TopSilkLayer
100
AcDbPolyline
 90
3
 70
 0
 43
0.15240030480060962 
 10
10.134442468885027
 20
-5.297637795275705
 10
10.134442468885027
 20
-4.3387604775210775
 10
11.455651511303131
 20
-4.3387604775210775
 10
11.455651511303131
 20
-5.297637795275705
  0
LWPOLYLINE
  5
4eb
330
1F
100
AcDbEntity
  8
TopSilkLayer
100
AcDbPolyline
 90
3
 70
 0
 43
0.2 
 10
-9.000025400050617
 20
-6.6542545085092115
 10
-9.000025400050617
 20
-13.100127000254133
 10
9.000025400050845
 20
-13.100127000254133
 10
9.000025400050845
 20
-6.6542545085092115
  0
LWPOLYLINE
  5
4ec
330
1F
100
AcDbEntity
  8
TopSilkLayer
100
AcDbPolyline
 90
1
 70
 0
 43
0.2 
 10
9.000025400050845
 20
-7.100101600203288
 10
-9.000025400050617
 20
-7.100101600203288
  0
LWPOLYLINE
  5
4ed
330
1F
100
AcDbEntity
  8
TopSilkLayer
100
AcDbPolyline
 90
1
 70
 0
 43
0.2 
 10
9.000025400050845
 20
6.654051308102453
 10
9.000025400050845
 20
6.899923799847556
  0
LWPOLYLINE
  5
4ee
330
1F
100
AcDbEntity
  8
TopSilkLayer
100
AcDbPolyline
 90
1
 70
 0
 43
0.2 
 10
9.000025400050845
 20
5.1541021082041425
 10
9.000025400050845
 20
5.345796291592478
  0
LWPOLYLINE
  5
4ef
330
1F
100
AcDbEntity
  8
TopSilkLayer
100
AcDbPolyline
 90
1
 70
 0
 43
0.2 
 10
9.000025400050845
 20
3.6541021082041425
 10
9.000025400050845
 20
3.845796291592478
  0
LWPOLYLINE
  5
4f0
330
1F
100
AcDbEntity
  8
TopSilkLayer
100
AcDbPolyline
 90
1
 70
 0
 43
0.2 
 10
9.000025400050845
 20
2.154102108204029
 10
9.000025400050845
 20
2.345796291592592
  0
LWPOLYLINE
  5
4f1
330
1F
100
AcDbEntity
  8
TopSilkLayer
100
AcDbPolyline
 90
1
 70
 0
 43
0.2 
 10
9.000025400050845
 20
0.6540513081025665
 10
9.000025400050845
 20
0.845770891541747
  0
LWPOLYLINE
  5
4f2
330
1F
100
AcDbEntity
  8
TopSilkLayer
100
AcDbPolyline
 90
1
 70
 0
 43
0.2 
 10
9.000025400050845
 20
-0.8459740919482783
 10
9.000025400050845
 20
-0.6542291084583667
  0
LWPOLYLINE
  5
4f3
330
1F
100
AcDbEntity
  8
TopSilkLayer
100
AcDbPolyline
 90
1
 70
 0
 43
0.2 
 10
9.000025400050845
 20
-2.345897891795971
 10
9.000025400050845
 20
-2.1542291084583667
  0
LWPOLYLINE
  5
4f4
330
1F
100
AcDbEntity
  8
TopSilkLayer
100
AcDbPolyline
 90
1
 70
 0
 43
0.2 
 10
9.000025400050845
 20
-3.8459232918465887
 10
9.000025400050845
 20
-3.654229108458253
  0
LWPOLYLINE
  5
4f5
330
1F
100
AcDbEntity
  8
TopSilkLayer
100
AcDbPolyline
 90
1
 70
 0
 43
0.2 
 10
9.000025400050845
 20
-5.345923291846702
 10
9.000025400050845
 20
-5.154229108458367
  0
LWPOLYLINE
  5
4f6
330
1F
100
AcDbEntity
  8
TopSilkLayer
100
AcDbPolyline
 90
1
 70
 0
 43
0.2 
 10
-9.000025400050617
 20
-5.154229108458367
 10
-9.000025400050617
 20
-5.345923291846702
  0
LWPOLYLINE
  5
4f7
330
1F
100
AcDbEntity
  8
TopSilkLayer
100
AcDbPolyline
 90
1
 70
 0
 43
0.2 
 10
-9.000025400050617
 20
-3.654229108458253
 10
-9.000025400050617
 20
-3.8459232918465887
  0
LWPOLYLINE
  5
4f8
330
1F
100
AcDbEntity
  8
TopSilkLayer
100
AcDbPolyline
 90
1
 70
 0
 43
0.2 
 10
-9.000025400050617
 20
-2.1542291084583667
 10
-9.000025400050617
 20
-2.345897891795971
  0
LWPOLYLINE
  5
4f9
330
1F
100
AcDbEntity
  8
TopSilkLayer
100
AcDbPolyline
 90
1
 70
 0
 43
0.2 
 10
-9.000025400050617
 20
-0.6542291084583667
 10
-9.000025400050617
 20
-0.8459740919482783
  0
LWPOLYLINE
  5
4fa
330
1F
100
AcDbEntity
  8
TopSilkLayer
100
AcDbPolyline
 90
1
 70
 0
 43
0.2 
 10
-9.000025400050617
 20
0.845770891541747
 10
-9.000025400050617
 20
0.6540513081025665
  0
LWPOLYLINE
  5
4fb
330
1F
100
AcDbEntity
  8
TopSilkLayer
100
AcDbPolyline
 90
1
 70
 0
 43
0.2 
 10
-9.000025400050617
 20
2.345796291592592
 10
-9.000025400050617
 20
2.154102108204029
  0
LWPOLYLINE
  5
4fc
330
1F
100
AcDbEntity
  8
TopSilkLayer
100
AcDbPolyline
 90
1
 70
 0
 43
0.2 
 10
-9.000025400050617
 20
3.845796291592478
 10
-9.000025400050617
 20
3.6541021082041425
  0
LWPOLYLINE
  5
4fd
330
1F
100
AcDbEntity
  8
TopSilkLayer
100
AcDbPolyline
 90
1
 70
 0
 43
0.2 
 10
-9.000025400050617
 20
5.345796291592478
 10
-9.000025400050617
 20
5.1541021082041425
  0
LWPOLYLINE
  5
4fe
330
1F
100
AcDbEntity
  8
TopSilkLayer
100
AcDbPolyline
 90
2
 70
 0
 43
0.2 
 10
9.000025400050845
 20
6.899923799847556
 10
-9.000025400050617
 20
6.899923799847556
 10
-9.000025400050617
 20
6.654051308102453
  0
LWPOLYLINE
  5
4ff
330
1F
100
AcDbEntity
  8
TopSilkLayer
100
AcDbPolyline
 90
1
 70
 0
 43
0.25400050800101603 
 10
4.468986537973024
 20
19.282702565404975
 10
4.468986537973024
 20
17.419786639573204
  0
LWPOLYLINE
  5
500
330
1F
100
AcDbEntity
  8
TopSilkLayer
100
AcDbPolyline
 90
2
 70
 0
 43
0.25400050800101603 
 10
-4.471018542036973
 20
23.001092202184395
 10
4.468986537973024
 20
23.001092202184395
 10
4.468986537973024
 20
21.519786639573226
  0
LWPOLYLINE
  5
501
330
1F
100
AcDbEntity
  8
TopSilkLayer
100
AcDbPolyline
 90
1
 70
 0
 43
0.25400050800101603 
 10
-4.471018542036973
 20
19.283058166116234
 10
-4.471018542036973
 20
17.419431038861944
  0
LWPOLYLINE
  5
502
330
1F
100
AcDbEntity
  8
TopSilkLayer
100
AcDbPolyline
 90
1
 70
 0
 43
0.25400050800101603 
 10
-4.471018542036973
 20
23.001092202184395
 10
-4.471018542036973
 20
21.519431038861967
  0
LWPOLYLINE
  5
503
330
1F
100
AcDbEntity
  8
TopSilkLayer
100
AcDbPolyline
 90
1
 70
 0
 43
0.25400050800101603 
 10
-18.964744729489325
 20
5.0000254000506175
 10
-18.964744729489325
 20
4.029108458216797
  0
LWPOLYLINE
  5
504
330
1F
100
AcDbEntity
  8
TopSilkLayer
100
AcDbPolyline
 90
1
 70
 0
 43
0.25400050800101603 
 10
-18.964744729489325
 20
-4.033172466345036
 10
-18.964744729489325
 20
-5.000025400050845
  0
LWPOLYLINE
  5
505
330
1F
100
AcDbEntity
  8
TopSilkLayer
100
AcDbPolyline
 90
1
 70
 0
 43
0.25400050800101603 
 10
-18.964744729489325
 20
-5.000025400050845
 10
-19.715621031241994
 20
-5.000025400050845
  0
LWPOLYLINE
  5
506
330
1F
100
AcDbEntity
  8
TopSilkLayer
100
AcDbPolyline
 90
1
 70
 0
 43
0.25400050800101603 
 10
-18.964744729489325
 20
5.0000254000506175
 10
-19.715621031241994
 20
5.0000254000506175
  0
LWPOLYLINE
  5
507
330
1F
100
AcDbEntity
  8
TopSilkLayer
100
AcDbPolyline
 90
1
 70
 0
 43
0.25400050800101603 
 10
-21.846736093472032
 20
3.818846837693627
 10
-21.846736093472032
 20
-3.7836677673357144
  0
LWPOLYLINE
  5
508
330
1F
100
AcDbEntity
  8
TopSilkLayer
100
AcDbPolyline
 90
3
 70
 0
 43
0.15240030480060962 
 10
13.322885445770908
 20
-4.921183642367396
 10
13.322885445770908
 20
-6.206121412242851
 10
15.157073914147986
 20
-6.206121412242851
 10
15.157073914147986
 20
-4.921183642367396
  0
LWPOLYLINE
  5
509
330
1F
100
AcDbEntity
  8
TopSilkLayer
100
AcDbPolyline
 90
3
 70
 0
 43
0.15240030480060962 
 10
13.322885445770908
 20
-3.9687833375668333
 10
13.322885445770908
 20
-2.683845567691151
 10
15.157073914147986
 20
-2.683845567691151
 10
15.157073914147986
 20
-3.9687833375668333
  0
LWPOLYLINE
  5
50a
330
1F
100
AcDbEntity
  8
TopSilkLayer
100
AcDbPolyline
 90
3
 70
 0
 43
0.15240030480060962 
 10
13.303225806451792
 20
-2.441097282194619
 10
14.588163576327133
 20
-2.441097282194619
 10
14.588163576327133
 20
-0.6069088138176539
 10
13.303225806451792
 20
-0.6069088138176539
  0
LWPOLYLINE
  5
50b
330
1F
100
AcDbEntity
  8
TopSilkLayer
100
AcDbPolyline
 90
3
 70
 0
 43
0.15240030480060962 
 10
12.350825501651116
 20
-2.441097282194619
 10
11.065887731775547
 20
-2.441097282194619
 10
11.065887731775547
 20
-0.6069088138176539
 10
12.350825501651116
 20
-0.6069088138176539
  0
LWPOLYLINE
  5
50c
330
1F
100
AcDbEntity
  8
TopSilkLayer
100
AcDbPolyline
 90
1
 70
 0
 43
0.25400050800101603 
 10
3.683007366014863
 20
-23.114046228092548
 10
3.683007366014863
 20
-22.860045720091534
  0
LWPOLYLINE
  5
50d
330
1F
100
AcDbEntity
  8
TopSilkLayer
100
AcDbPolyline
 90
1
 70
 0
 43
0.25400050800101603 
 10
-3.6830073660146354
 20
-23.114046228092548
 10
-3.6830073660146354
 20
-22.860045720091534
  0
LWPOLYLINE
  5
50e
330
1F
100
AcDbEntity
  8
TopSilkLayer
100
AcDbPolyline
 90
1
 70
 0
 43
0.25400050800101603 
 10
3.683007366014863
 20
-23.114046228092548
 10
2.5400050800101326
 20
-23.114046228092548
  0
LWPOLYLINE
  5
50f
330
1F
100
AcDbEntity
  8
TopSilkLayer
100
AcDbPolyline
 90
1
 70
 0
 43
0.25400050800101603 
 10
-1.2700025400049526
 20
-23.114046228092548
 10
1.27000254000518
 20
-23.114046228092548
  0
LWPOLYLINE
  5
510
330
1F
100
AcDbEntity
  8
TopSilkLayer
100
AcDbPolyline
 90
1
 70
 0
 43
0.25400050800101603 
 10
-3.6830073660146354
 20
-23.114046228092548
 10
-2.6670053340105824
 20
-23.114046228092548
  0
LWPOLYLINE
  5
511
330
1F
100
AcDbEntity
  8
TopSilkLayer
100
AcDbPolyline
 90
1
 70
 0
 43
0.25400050800101603 
 10
-3.6830073660146354
 20
-21.717043434086918
 10
-3.6830073660146354
 20
-17.27203454406913
  0
LWPOLYLINE
  5
512
330
1F
100
AcDbEntity
  8
TopSilkLayer
100
AcDbPolyline
 90
2
 70
 0
 43
0.25400050800101603 
 10
-3.6830073660146354
 20
-17.27203454406913
 10
3.683007366014863
 20
-17.27203454406913
 10
3.683007366014863
 20
-21.717043434086918
  0
LWPOLYLINE
  5
513
330
1F
100
AcDbEntity
  8
TopSilkLayer
100
AcDbPolyline
 90
1
 70
 0
 43
0.25400050800101603 
 10
21.33604267208557
 20
10.13992887985762
 10
21.08204216408444
 20
10.13992887985762
  0
LWPOLYLINE
  5
514
330
1F
100
AcDbEntity
  8
TopSilkLayer
100
AcDbPolyline
 90
1
 70
 0
 43
0.25400050800101603 
 10
21.33604267208557
 20
2.7739141478281226
 10
21.08204216408444
 20
2.7739141478281226
  0
LWPOLYLINE
  5
515
330
1F
100
AcDbEntity
  8
TopSilkLayer
100
AcDbPolyline
 90
1
 70
 0
 43
0.25400050800101603 
 10
21.33604267208557
 20
10.13992887985762
 10
21.33604267208557
 20
8.996926593853004
  0
LWPOLYLINE
  5
516
330
1F
100
AcDbEntity
  8
TopSilkLayer
100
AcDbPolyline
 90
1
 70
 0
 43
0.25400050800101603 
 10
21.33604267208557
 20
5.186918973837805
 10
21.33604267208557
 20
7.726924053847938
  0
LWPOLYLINE
  5
517
330
1F
100
AcDbEntity
  8
TopSilkLayer
100
AcDbPolyline
 90
1
 70
 0
 43
0.25400050800101603 
 10
21.33604267208557
 20
2.7739141478281226
 10
21.33604267208557
 20
3.7899161798321757
  0
LWPOLYLINE
  5
518
330
1F
100
AcDbEntity
  8
TopSilkLayer
100
AcDbPolyline
 90
1
 70
 0
 43
0.25400050800101603 
 10
19.93903987807994
 20
2.7739141478281226
 10
15.49403098806215
 20
2.7739141478281226
  0
LWPOLYLINE
  5
519
330
1F
100
AcDbEntity
  8
TopSilkLayer
100
AcDbPolyline
 90
2
 70
 0
 43
0.25400050800101603 
 10
15.49403098806215
 20
2.7739141478281226
 10
15.49403098806215
 20
10.13992887985762
 10
19.93903987807994
 20
10.13992887985762
  0
LWPOLYLINE
  5
51a
330
1F
100
AcDbEntity
  8
TopSilkLayer
100
AcDbPolyline
 90
3
 70
 0
 43
0.15240030480060962 
 10
-15.53040386080761
 20
-2.3874523749049104
 10
-16.489281178562237
 20
-2.3874523749049104
 10
-16.489281178562237
 20
-3.708661417322901
 10
-15.53040386080761
 20
-3.708661417322901
  0
LWPOLYLINE
  5
51b
330
1F
100
AcDbEntity
  8
TopSilkLayer
100
AcDbPolyline
 90
3
 70
 0
 43
0.15240030480060962 
 10
-14.677978155956225
 20
-2.3874523749049104
 10
-13.719100838201598
 20
-2.3874523749049104
 10
-13.719100838201598
 20
-3.708661417322901
 10
-14.677978155956225
 20
-3.708661417322901
  0
LWPOLYLINE
  5
51c
330
1F
100
AcDbEntity
  8
TopSilkLayer
100
AcDbPolyline
 90
2
 70
 0
 43
0.25400050800101603 
 10
21.08204216408444
 20
-10.033045466091039
 10
21.33604267208557
 20
-10.033045466091039
 10
21.33604267208557
 20
-8.763042926085973
  0
LWPOLYLINE
  5
51d
330
1F
100
AcDbEntity
  8
TopSilkLayer
100
AcDbPolyline
 90
1
 70
 0
 43
0.25400050800101603 
 10
15.49403098806215
 20
2.4129794259587243
 10
19.93903987807994
 20
2.4129794259587243
  0
LWPOLYLINE
  5
51e
330
1F
100
AcDbEntity
  8
TopSilkLayer
100
AcDbPolyline
 90
2
 70
 0
 43
0.25400050800101603 
 10
21.33604267208557
 20
0.8889763779526447
 10
21.33604267208557
 20
2.4129794259587243
 10
21.08204216408444
 20
2.4129794259587243
  0
LWPOLYLINE
  5
51f
330
1F
100
AcDbEntity
  8
TopSilkLayer
100
AcDbPolyline
 90
1
 70
 0
 43
0.25400050800101603 
 10
21.33604267208557
 20
-6.604038608077303
 10
21.33604267208557
 20
-1.2700279400560248
  0
LWPOLYLINE
  5
520
330
1F
100
AcDbEntity
  8
TopSilkLayer
100
AcDbPolyline
 90
2
 70
 0
 43
0.25400050800101603 
 10
15.49403098806215
 20
2.4129794259587243
 10
15.49403098806215
 20
-10.033045466091039
 10
19.93903987807994
 20
-10.033045466091039
  0
ARC
  5
521
330
1F
100
AcDbEntity
  8
BottomSilkLayer
100
AcDbCircle
 10
-16.614757429514725
 20
7.392608586258234
 30
0.0
 40
0.30982981965963935
100
AcDbArc
 50
0
 51
90
  0
ARC
  5
522
330
1F
100
AcDbEntity
  8
BottomSilkLayer
100
AcDbCircle
 10
-17.41475742951468
 20
7.39260858521709
 30
0.0
 40
0.30982981965963935
100
AcDbArc
 50
90
 51
179.999999999993
  0
ARC
  5
523
330
1F
100
AcDbEntity
  8
BottomSilkLayer
100
AcDbCircle
 10
-17.414300229641526
 20
5.232334264668452
 30
0.0
 40
0.30982981965963935
100
AcDbArc
 50
180.00469714541427
 51
270
  0
ARC
  5
524
330
1F
100
AcDbEntity
  8
BottomSilkLayer
100
AcDbCircle
 10
-16.61427482750878
 20
5.232334260503649
 30
0.0
 40
0.30982981965963935
100
AcDbArc
 50
270
 51
359.9953036247874
  0
ARC
  5
525
330
1F
100
AcDbEntity
  8
BottomSilkLayer
100
AcDbCircle
 10
-7.127330454660978
 20
1.2952247894082802
 30
0.0
 40
0.30982981965963935
100
AcDbArc
 50
180
 51
270
  0
ARC
  5
526
330
1F
100
AcDbEntity
  8
BottomSilkLayer
100
AcDbCircle
 10
-6.327330454660796
 20
1.295224790449538
 30
0.0
 40
0.30982981965963935
100
AcDbArc
 50
270
 51
359.999999999993
  0
ARC
  5
527
330
1F
100
AcDbEntity
  8
BottomSilkLayer
100
AcDbCircle
 10
-6.3277876545339495
 20
3.4554991109981756
 30
0.0
 40
0.30982981965963935
100
AcDbArc
 50
0.0046971454142869925
 51
90
  0
ARC
  5
528
330
1F
100
AcDbEntity
  8
BottomSilkLayer
100
AcDbCircle
 10
-7.12781305666681
 20
3.4554991151629793
 30
0.0
 40
0.30982981965963935
100
AcDbArc
 50
90
 51
179.99530362478748
  0
ARC
  5
529
330
1F
100
AcDbEntity
  8
BottomSilkLayer
100
AcDbCircle
 10
-4.4877825755650065
 20
4.979502160045399
 30
0.0
 40
0.30982981965963935
100
AcDbArc
 50
0
 51
90
  0
ARC
  5
52a
330
1F
100
AcDbEntity
  8
BottomSilkLayer
100
AcDbCircle
 10
-5.287782575564961
 20
4.979502159004255
 30
0.0
 40
0.30982981965963935
100
AcDbArc
 50
90
 51
179.99999999999295
  0
ARC
  5
52b
330
1F
100
AcDbEntity
  8
BottomSilkLayer
100
AcDbCircle
 10
-5.2873253756918075
 20
2.8192278384556175
 30
0.0
 40
0.30982981965963935
100
AcDbArc
 50
180.00469714541427
 51
270
  0
ARC
  5
52c
330
1F
100
AcDbEntity
  8
BottomSilkLayer
100
AcDbCircle
 10
-4.487299973558947
 20
2.819227834290814
 30
0.0
 40
0.30982981965963935
100
AcDbArc
 50
270
 51
359.99530362476605
  0
ARC
  5
52d
330
1F
100
AcDbEntity
  8
BottomSilkLayer
100
AcDbCircle
 10
-8.778333756667507
 20
1.2952247894082802
 30
0.0
 40
0.30982981965963935
100
AcDbArc
 50
180
 51
270
  0
ARC
  5
52e
330
1F
100
AcDbEntity
  8
BottomSilkLayer
100
AcDbCircle
 10
-7.978333756667325
 20
1.295224790449538
 30
0.0
 40
0.30982981965963935
100
AcDbArc
 50
270
 51
359.999999999993
  0
ARC
  5
52f
330
1F
100
AcDbEntity
  8
BottomSilkLayer
100
AcDbCircle
 10
-7.978790956540479
 20
3.4554991109981756
 30
0.0
 40
0.30982981965963935
100
AcDbArc
 50
0.0046971454142869925
 51
90
  0
ARC
  5
530
330
1F
100
AcDbEntity
  8
BottomSilkLayer
100
AcDbCircle
 10
-8.778816358673339
 20
3.4554991151629793
 30
0.0
 40
0.30982981965963935
100
AcDbArc
 50
90
 51
179.99530362478748
  0
ARC
  5
531
330
1F
100
AcDbEntity
  8
BottomSilkLayer
100
AcDbCircle
 10
-13.252298704597365
 20
4.13302654581355
 30
0.0
 40
0.12446024892049785
100
AcDbArc
 50
90.5846609577798
 51
89.41533904221995
  0
ARC
  5
532
330
1F
100
AcDbEntity
  8
BottomSilkLayer
100
AcDbCircle
 10
0.8998221996446318
 20
12.40022860149827
 30
0.0
 40
0.30982981965963935
100
AcDbArc
 50
0
 51
90
  0
ARC
  5
533
330
1F
100
AcDbEntity
  8
BottomSilkLayer
100
AcDbCircle
 10
0.09982219964444994
 20
12.400228600457126
 30
0.0
 40
0.30982981965963935
100
AcDbArc
 50
90
 51
179.99999999999295
  0
ARC
  5
534
330
1F
100
AcDbEntity
  8
BottomSilkLayer
100
AcDbCircle
 10
0.10027939951760345
 20
10.239954279908488
 30
0.0
 40
0.30982981965963935
100
AcDbArc
 50
180.00469714541427
 51
270
  0
ARC
  5
535
330
1F
100
AcDbEntity
  8
BottomSilkLayer
100
AcDbCircle
 10
0.9003048016506909
 20
10.239954275743685
 30
0.0
 40
0.30982981965963935
100
AcDbArc
 50
270
 51
359.9953036247661
  0
ARC
  5
536
330
1F
100
AcDbEntity
  8
BottomSilkLayer
100
AcDbCircle
 10
13.51978663957334
 20
5.520193041427092
 30
0.0
 40
0.30982981965963935
100
AcDbArc
 50
0
 51
90
  0
ARC
  5
537
330
1F
100
AcDbEntity
  8
BottomSilkLayer
100
AcDbCircle
 10
12.719786639573613
 20
5.520193040385948
 30
0.0
 40
0.30982981965963935
100
AcDbArc
 50
90
 51
180.00000000001435
  0
ARC
  5
538
330
1F
100
AcDbEntity
  8
BottomSilkLayer
100
AcDbCircle
 10
12.720243839446539
 20
3.359918719837424
 30
0.0
 40
0.30982981965963935
100
AcDbArc
 50
180.00469714533668
 51
270
  0
ARC
  5
539
330
1F
100
AcDbEntity
  8
BottomSilkLayer
100
AcDbCircle
 10
13.520269241579626
 20
3.3599187156726202
 30
0.0
 40
0.30982981965963935
100
AcDbArc
 50
270
 51
359.9953036247875
  0
ARC
  5
53a
330
1F
100
AcDbEntity
  8
BottomSilkLayer
100
AcDbCircle
 10
1.648742697485659
 20
13.271170942341769
 30
0.0
 40
0.15240030480060962
100
AcDbArc
 50
90
 51
180
  0
ARC
  5
53b
330
1F
100
AcDbEntity
  8
BottomSilkLayer
100
AcDbCircle
 10
3.151155702311371
 20
13.271170942341769
 30
0.0
 40
0.15240030480060962
100
AcDbArc
 50
0
 51
90
  0
ARC
  5
53c
330
1F
100
AcDbEntity
  8
BottomSilkLayer
100
AcDbCircle
 10
1.648742697485659
 20
9.648768097536049
 30
0.0
 40
0.15240030480060962
100
AcDbArc
 50
180
 51
270
  0
ARC
  5
53d
330
1F
100
AcDbEntity
  8
BottomSilkLayer
100
AcDbCircle
 10
3.151155702311371
 20
9.648768097536049
 30
0.0
 40
0.15240030480060962
100
AcDbArc
 50
270
 51
0
  0
ARC
  5
53e
330
1F
100
AcDbEntity
  8
TopSilkLayer
100
AcDbCircle
 10
2.140208280416573
 20
12.256210313461793
 30
0.0
 40
0.30982981965963935
100
AcDbArc
 50
90
 51
180
  0
ARC
  5
53f
330
1F
100
AcDbEntity
  8
TopSilkLayer
100
AcDbCircle
 10
2.940208280416755
 20
12.256210312420535
 30
0.0
 40
0.30982981965963935
100
AcDbArc
 50
0
 51
90
  0
ARC
  5
540
330
1F
100
AcDbEntity
  8
TopSilkLayer
100
AcDbCircle
 10
2.939751080543374
 20
10.095935991871897
 30
0.0
 40
0.30982981965963935
100
AcDbArc
 50
270
 51
359.9953028545857
  0
ARC
  5
541
330
1F
100
AcDbEntity
  8
TopSilkLayer
100
AcDbCircle
 10
2.1397256784107412
 20
10.095935987707094
 30
0.0
 40
0.30982981965963935
100
AcDbArc
 50
180.0046963752339
 51
270
  0
ARC
  5
542
330
1F
100
AcDbEntity
  8
TopSilkLayer
100
AcDbCircle
 10
-2.939801879603692
 20
11.875209551460216
 30
0.0
 40
0.30982981965963935
100
AcDbArc
 50
90
 51
180
  0
ARC
  5
543
330
1F
100
AcDbEntity
  8
TopSilkLayer
100
AcDbCircle
 10
-2.1398018796037377
 20
11.875209550419072
 30
0.0
 40
0.30982981965963935
100
AcDbArc
 50
0
 51
90
  0
ARC
  5
544
330
1F
100
AcDbEntity
  8
TopSilkLayer
100
AcDbCircle
 10
-2.140259079476891
 20
9.714935229870434
 30
0.0
 40
0.30982981965963935
100
AcDbArc
 50
270
 51
359.9953028545857
  0
ARC
  5
545
330
1F
100
AcDbEntity
  8
TopSilkLayer
100
AcDbCircle
 10
-2.940284481609524
 20
9.71493522570563
 30
0.0
 40
0.30982981965963935
100
AcDbArc
 50
180.0046963752339
 51
270
  0
ARC
  5
546
330
1F
100
AcDbEntity
  8
TopSilkLayer
100
AcDbCircle
 10
-3.959791718542192
 20
12.83980187960367
 30
0.0
 40
0.30982981965963935
100
AcDbArc
 50
359.9953028545985
 51
90
  0
ARC
  5
547
330
1F
100
AcDbEntity
  8
TopSilkLayer
100
AcDbCircle
 10
-3.959791719583336
 20
12.039801879603601
 30
0.0
 40
0.30982981965963935
100
AcDbArc
 50
270
 51
0
  0
ARC
  5
548
330
1F
100
AcDbEntity
  8
TopSilkLayer
100
AcDbCircle
 10
-6.120066040132087
 20
12.040259079476868
 30
0.0
 40
0.30982981965963935
100
AcDbArc
 50
179.99999980746952
 51
270
  0
ARC
  5
549
330
1F
100
AcDbEntity
  8
TopSilkLayer
100
AcDbCircle
 10
-6.120066044296891
 20
12.840284481609729
 30
0.0
 40
0.30982981965963935
100
AcDbArc
 50
90
 51
180.00939448330345
  0
ARC
  5
54a
330
1F
100
AcDbEntity
  8
TopSilkLayer
100
AcDbCircle
 10
-17.290805181610267
 20
15.55819151742412
 30
0.0
 40
0.30982981965963935
100
AcDbArc
 50
90
 51
180
  0
ARC
  5
54b
330
1F
100
AcDbEntity
  8
TopSilkLayer
100
AcDbCircle
 10
-16.4908051816102
 20
15.558191516382976
 30
0.0
 40
0.30982981965963935
100
AcDbArc
 50
0
 51
90
  0
ARC
  5
54c
330
1F
100
AcDbEntity
  8
TopSilkLayer
100
AcDbCircle
 10
-16.491262381483466
 20
13.397917195834225
 30
0.0
 40
0.30982981965963935
100
AcDbArc
 50
270
 51
359.9953028546633
  0
ARC
  5
54d
330
1F
100
AcDbEntity
  8
TopSilkLayer
100
AcDbCircle
 10
-17.291287783616326
 20
13.397917191669421
 30
0.0
 40
0.30982981965963935
100
AcDbArc
 50
180.00469637521252
 51
270
  0
ARC
  5
54e
330
1F
100
AcDbEntity
  8
TopSilkLayer
100
AcDbCircle
 10
16.491211582423148
 20
15.558216917474965
 30
0.0
 40
0.30982981965963935
100
AcDbArc
 50
90
 51
180
  0
ARC
  5
54f
330
1F
100
AcDbEntity
  8
TopSilkLayer
100
AcDbCircle
 10
17.291211582423102
 20
15.558216916433821
 30
0.0
 40
0.30982981965963935
100
AcDbArc
 50
0
 51
90
  0
ARC
  5
550
330
1F
100
AcDbEntity
  8
TopSilkLayer
100
AcDbCircle
 10
17.29075438254995
 20
13.39794259588507
 30
0.0
 40
0.30982981965963935
100
AcDbArc
 50
270
 51
359.9953028545857
  0
ARC
  5
551
330
1F
100
AcDbEntity
  8
TopSilkLayer
100
AcDbCircle
 10
16.490728980417543
 20
13.397942591720266
 30
0.0
 40
0.30982981965963935
100
AcDbArc
 50
180.0046963752339
 51
270
  0
ARC
  5
552
330
1F
100
AcDbEntity
  8
TopSilkLayer
100
AcDbCircle
 10
10.603835406629969
 20
-9.035814071628351
 30
0.0
 40
0.30982981965963935
100
AcDbArc
 50
179.9953028545985
 51
270
  0
ARC
  5
553
330
1F
100
AcDbEntity
  8
TopSilkLayer
100
AcDbCircle
 10
10.603835407671113
 20
-8.235814071628283
 30
0.0
 40
0.30982981965963935
100
AcDbArc
 50
90
 51
180
  0
ARC
  5
554
330
1F
100
AcDbEntity
  8
TopSilkLayer
100
AcDbCircle
 10
12.76410972821941
 20
-8.23627127150155
 30
0.0
 40
0.30982981965963935
100
AcDbArc
 50
359.99999980744815
 51
90
  0
ARC
  5
555
330
1F
100
AcDbEntity
  8
TopSilkLayer
100
AcDbCircle
 10
12.76410973238444
 20
-9.036296673634183
 30
0.0
 40
0.30982981965963935
100
AcDbArc
 50
270
 51
0.009394483303464608
  0
ARC
  5
556
330
1F
100
AcDbEntity
  8
TopSilkLayer
100
AcDbCircle
 10
10.603835406629969
 20
-10.68681737363488
 30
0.0
 40
0.30982981965963935
100
AcDbArc
 50
179.9953028545985
 51
270
  0
ARC
  5
557
330
1F
100
AcDbEntity
  8
TopSilkLayer
100
AcDbCircle
 10
10.603835407671113
 20
-9.886817373634926
 30
0.0
 40
0.30982981965963935
100
AcDbArc
 50
90
 51
180
  0
ARC
  5
558
330
1F
100
AcDbEntity
  8
TopSilkLayer
100
AcDbCircle
 10
12.76410972821941
 20
-9.88727457350808
 30
0.0
 40
0.30982981965963935
100
AcDbArc
 50
359.99999980744815
 51
90
  0
ARC
  5
559
330
1F
100
AcDbEntity
  8
TopSilkLayer
100
AcDbCircle
 10
12.76410973238444
 20
-10.687299975640826
 30
0.0
 40
0.30982981965963935
100
AcDbArc
 50
270
 51
0.009394483303464608
  0
ARC
  5
55a
330
1F
100
AcDbEntity
  8
TopSilkLayer
100
AcDbCircle
 10
12.046202692405359
 20
-4.572898144755186
 30
0.0
 40
0.30982981965963935
100
AcDbArc
 50
90
 51
180
  0
ARC
  5
55b
330
1F
100
AcDbEntity
  8
TopSilkLayer
100
AcDbCircle
 10
12.846202692405313
 20
-4.572898145796444
 30
0.0
 40
0.30982981965963935
100
AcDbArc
 50
359.9999999999857
 51
90
  0
ARC
  5
55c
330
1F
100
AcDbEntity
  8
TopSilkLayer
100
AcDbCircle
 10
12.84574549253216
 20
-6.733172466344968
 30
0.0
 40
0.30982981965963935
100
AcDbArc
 50
270
 51
359.9953028546633
  0
ARC
  5
55d
330
1F
100
AcDbEntity
  8
TopSilkLayer
100
AcDbCircle
 10
12.045720090399755
 20
-6.733172470509771
 30
0.0
 40
0.30982981965963935
100
AcDbArc
 50
180.00469637521252
 51
270
0
TEXT
5
c46
100
AcDbEntity
8
BottomSilkLayer
7

461
1
100
AcDbText
10
-17.900914401828686
20
9.800914401828663
30
0
40
1
1
TVS
50
0
71
2
100
AcDbText
0
TEXT
5
c47
100
AcDbEntity
8
BottomSilkLayer
7

461
1
100
AcDbText
10
-15.475971551942962
20
1.0099568199135547
30
0
40
1
1
TP_SCL
50
0
71
2
100
AcDbText
0
TEXT
5
c48
100
AcDbEntity
8
BottomSilkLayer
7

461
1
100
AcDbText
10
-10.781026162052285
20
-3.424892049784148
30
0
40
1
1
TSD
50
0
71
2
100
AcDbText
0
TEXT
5
c49
100
AcDbEntity
8
BottomSilkLayer
7

461
1
100
AcDbText
10
-18.395961391922697
20
-8.980137160274353
30
0
40
1
1
TVB
50
0
71
2
100
AcDbText
0
TEXT
5
c4a
100
AcDbEntity
8
BottomSilkLayer
7

461
1
100
AcDbText
10
23.51793243586485
20
2.0419608839216608
30
0
40
1
1
TO1
50
90
71
2
100
AcDbText
0
TEXT
5
c4b
100
AcDbEntity
8
BottomSilkLayer
7

461
1
100
AcDbText
10
17.550952501905158
20
14.81107442214875
30
0
40
1
1
TO2
50
90
71
2
100
AcDbText
0
TEXT
5
c4c
100
AcDbEntity
8
BottomSilkLayer
7

461
1
100
AcDbText
10
-17.521945643891172
20
-4.848056896113803
30
0
40
1
1
TGD
50
90
71
2
100
AcDbText
0
TEXT
5
c4d
100
AcDbEntity
8
BottomSilkLayer
7

461
1
100
AcDbText
10
-16.559029718059378
20
11.9108966217932
30
0
40
1
1
TINT
50
90
71
2
100
AcDbText
0
TEXT
5
c4e
100
AcDbEntity
8
TopSilkLayer
7

461
1
100
AcDbText
10
-18.5389636779272
20
9.762052324104616
30
0
40
1
1
TVS
50
90
71
1
100
AcDbText
0
TEXT
5
c4f
100
AcDbEntity
8
TopSilkLayer
7

461
1
100
AcDbText
10
-16.532105664211258
20
9.369113538226998
30
0
40
1
1
TINT
50
90
71
1
100
AcDbText
0
TEXT
5
c50
100
AcDbEntity
8
TopSilkLayer
7

461
1
100
AcDbText
10
-17.950952501904908
20
3.4018796037591983
30
0
40
1
1
TSL
50
0
71
1
100
AcDbText
0
TEXT
5
c51
100
AcDbEntity
8
TopSilkLayer
7

461
1
100
AcDbText
10
-11.393929387858748
20
-6.297891795783698
30
0
40
1
1
TSDA
50
90
71
1
100
AcDbText
0
TEXT
5
c52
100
AcDbEntity
8
TopSilkLayer
7

461
1
100
AcDbText
10
-18.653009906019633
20
-9.54198628397262
30
0
40
1
1
TVB
50
0
71
1
100
AcDbText
0
TEXT
5
c53
100
AcDbEntity
8
TopSilkLayer
7

461
1
100
AcDbText
10
22.702082804165684
20
-0.7510287020575106
30
0
40
1
1
TO1
50
90
71
1
100
AcDbText
0
TEXT
5
c54
100
AcDbEntity
8
TopSilkLayer
7

461
1
100
AcDbText
10
20.318034036068184
20
11.801930403860752
30
0
40
1
1
TO2
50
180
71
1
100
AcDbText
0
TEXT
5
c55
100
AcDbEntity
8
TopSilkLayer
7

461
1
100
AcDbText
10
-17.49298958597899
20
-7.064973329946724
30
0
40
1
1
TGD
50
90
71
1
100
AcDbText
0
TEXT
5
c56
100
AcDbEntity
8
BottomSilkLayer
7

461
1.143002286004572
100
AcDbText
10
-17.69796799593587
20
2.8110744221487494
30
0
40
1.143002286004572
1
C5
50
270
71
2
100
AcDbText
0
TEXT
5
c57
100
AcDbEntity
8
BottomSilkLayer
7

461
1.143002286004572
100
AcDbText
10
-6.219431038862012
20
0.6624841249681594
30
0
40
1.143002286004572
1
C6
50
90
71
2
100
AcDbText
0
TEXT
5
c58
100
AcDbEntity
8
BottomSilkLayer
7

461
1.143002286004572
100
AcDbText
10
-5.608051816103625
20
5.550215900431795
30
0
40
1.143002286004572
1
C7
50
270
71
2
100
AcDbText
0
TEXT
5
c59
100
AcDbEntity
8
BottomSilkLayer
7

461
1.143002286004572
100
AcDbText
10
-7.743434086868092
20
0.5974599949198591
30
0
40
1.143002286004572
1
C8
50
90
71
2
100
AcDbText
0
TEXT
5
c5a
100
AcDbEntity
8
BottomSilkLayer
7

461
1.143002286004572
100
AcDbText
10
-10.537439674879124
20
7.963474726949357
30
0
40
1.143002286004572
1
D4
50
270
71
2
100
AcDbText
0
TEXT
5
c5b
100
AcDbEntity
8
BottomSilkLayer
7

461
1.143002286004572
100
AcDbText
10
-6.054330708661382
20
0.5166878333756131
30
0
40
1.143002286004572
1
LED1
50
180
71
2
100
AcDbText
0
TEXT
5
c5c
100
AcDbEntity
8
BottomSilkLayer
7

461
1.143002286004572
100
AcDbText
10
-11.569443738887344
20
10.188519177038302
30
0
40
1.143002286004572
1
Q1
50
180
71
2
100
AcDbText
0
TEXT
5
c5d
100
AcDbEntity
8
BottomSilkLayer
7

461
1.143002286004572
100
AcDbText
10
-15.23644907289804
20
10.50347980695949
30
0
40
1.143002286004572
1
R3
50
180
71
2
100
AcDbText
0
TEXT
5
c5e
100
AcDbEntity
8
BottomSilkLayer
7

461
1.143002286004572
100
AcDbText
10
-1.3934213868426468
20
4.661468122936185
30
0
40
1.143002286004572
1
R8
50
90
71
2
100
AcDbText
0
TEXT
5
c5f
100
AcDbEntity
8
BottomSilkLayer
7

461
1.143002286004572
100
AcDbText
10
-8.679933959867867
20
3.7518923037845298
30
0
40
1.143002286004572
1
U6
50
90
71
2
100
AcDbText
0
TEXT
5
c60
100
AcDbEntity
8
BottomSilkLayer
7

461
1.143002286004572
100
AcDbText
10
-13.718034036067934
20
2.4001016002031292
30
0
40
1.143002286004572
1
U7
50
90
71
2
100
AcDbText
0
TEXT
5
c61
100
AcDbEntity
8
BottomSilkLayer
7

461
1.143002286004572
100
AcDbText
10
-1.6250698501396528
20
10.143053086106079
30
0
40
1.143002286004572
1
C14
50
270
71
2
100
AcDbText
0
TEXT
5
c62
100
AcDbEntity
8
BottomSilkLayer
7

461
1.143002286004572
100
AcDbText
10
14.008915417830849
20
1.583997967995856
30
0
40
1.143002286004572
1
C15
50
270
71
2
100
AcDbText
0
TEXT
5
c63
100
AcDbEntity
8
BottomSilkLayer
7

461
1.143002286004572
100
AcDbText
10
3.5428244856491347
20
11.571043942087726
30
0
40
1.143002286004572
1
C4
50
270
71
2
100
AcDbText
0
TEXT
5
c64
100
AcDbEntity
8
BottomSilkLayer
7

461
1.143002286004572
100
AcDbText
10
14.7579629159261
20
7.7450342900684745
30
0
40
1.143002286004572
1
U2
50
0
71
2
100
AcDbText
0
TEXT
5
c65
100
AcDbEntity
8
BottomSilkLayer
7

461
1.143002286004572
100
AcDbText
10
8.290855981712184
20
13.399847599695136
30
0
40
1.143002286004572
1
U3
50
90
71
2
100
AcDbText
0
TEXT
5
c66
100
AcDbEntity
8
TopSilkLayer
7

461
1
100
AcDbText
10
-9.52499364998721
20
11.303073406146723
30
0
40
1
1
BOOT
50
180
71
1
100
AcDbText
0
TEXT
5
c67
100
AcDbEntity
8
TopSilkLayer
7

461
1
100
AcDbText
10
13.180111760223554
20
19.55986791973578
30
0
40
1
1
RESET
50
180
71
1
100
AcDbText
0
TEXT
5
c68
100
AcDbEntity
8
TopSilkLayer
7

461
1
100
AcDbText
10
3.302032004064131
20
13.843078486156855
30
0
40
1
1
C1
50
180
71
1
100
AcDbText
0
TEXT
5
c69
100
AcDbEntity
8
TopSilkLayer
7

461
1
100
AcDbText
10
-1.7779781559561343
20
7.239065278130511
30
0
40
1
1
C2
50
90
71
1
100
AcDbText
0
TEXT
5
c6a
100
AcDbEntity
8
TopSilkLayer
7

461
1
100
AcDbText
10
-3.580873761747398
20
12.439979679959379
30
0
40
1
1
C3
50
0
71
1
100
AcDbText
0
TEXT
5
c6b
100
AcDbEntity
8
TopSilkLayer
7

461
1
100
AcDbText
10
-14.720066040131996
20
13.806756413512744
30
0
40
1
1
C9
50
90
71
1
100
AcDbText
0
TEXT
5
c6c
100
AcDbEntity
8
TopSilkLayer
7

461
1
100
AcDbText
10
16.21719583439176
20
12.821996443992816
30
0
40
1
1
C10
50
270
71
1
100
AcDbText
0
TEXT
5
c6d
100
AcDbEntity
8
TopSilkLayer
7

461
1
100
AcDbText
10
10.179095758191806
20
-9.807924815849674
30
0
40
1
1
C11
50
90
71
1
100
AcDbText
0
TEXT
5
c6e
100
AcDbEntity
8
TopSilkLayer
7

461
1
100
AcDbText
10
12.751104902209818
20
-11.328117856235849
30
0
40
1
1
C12
50
180
71
1
100
AcDbText
0
TEXT
5
c6f
100
AcDbEntity
8
TopSilkLayer
7

461
1
100
AcDbText
10
10.98605537211074
20
-3.7081026162053377
30
0
40
1
1
C13
50
0
71
1
100
AcDbText
0
TEXT
5
c70
100
AcDbEntity
8
TopSilkLayer
7

461
1
100
AcDbText
10
-6.6039878079755
20
14.732080264160459
30
0
40
1
1
D1
50
0
71
1
100
AcDbText
0
TEXT
5
c71
100
AcDbEntity
8
TopSilkLayer
7

461
1
100
AcDbText
10
4.590068580137313
20
8.149911099822134
30
0
40
1
1
D2
50
90
71
1
100
AcDbText
0
TEXT
5
c72
100
AcDbEntity
8
TopSilkLayer
7

461
1
100
AcDbText
10
-3.0401066802132846
20
7.099872999745912
30
0
40
1
1
D3
50
90
71
1
100
AcDbText
0
TEXT
5
c73
100
AcDbEntity
8
TopSilkLayer
7

461
1
100
AcDbText
10
0.8001270002541787
20
14.140005080010042
30
0
40
1
1
D5
50
180
71
1
100
AcDbText
0
TEXT
5
c74
100
AcDbEntity
8
TopSilkLayer
7

461
1
100
AcDbText
10
7.112039624079216
20
21.200457200914343
30
0
40
1
1
R1
50
270
71
1
100
AcDbText
0
TEXT
5
c75
100
AcDbEntity
8
TopSilkLayer
7

461
1
100
AcDbText
10
-8.381991363982706
20
20.82809245618489
30
0
40
1
1
R2
50
270
71
1
100
AcDbText
0
TEXT
5
c76
100
AcDbEntity
8
TopSilkLayer
7

461
1
100
AcDbText
10
9.666014732029453
20
-2.6529845059691297
30
0
40
1
1
R7
50
270
71
1
100
AcDbText
0
TEXT
5
c77
100
AcDbEntity
8
TopSilkLayer
7

461
1
100
AcDbText
10
0.38102616205242157
20
-13.461976123952354
30
0
40
1
1
U1
50
180
71
1
100
AcDbText
0
TEXT
5
c78
100
AcDbEntity
8
TopSilkLayer
7

461
2.0320040640081283
100
AcDbText
10
6.500152400304842
20
-9.100025400050868
30
0
40
2.0320040640081283
1
ANTENNA
50
180
71
1
100
AcDbText
0
TEXT
5
c79
100
AcDbEntity
8
TopSilkLayer
7

461
1
100
AcDbText
10
-2.412979425958838
20
20.95509271018534
30
0
40
1
1
USBC1
50
0
71
1
100
AcDbText
0
TEXT
5
c7a
100
AcDbEntity
8
TopSilkLayer
7

461
1
100
AcDbText
10
-23.51534163068311
20
1.3934975869950676
30
0
40
1
1
U4
50
270
71
1
100
AcDbText
0
TEXT
5
c7b
100
AcDbEntity
8
TopSilkLayer
7

461
1
100
AcDbText
10
14.659918719837606
20
-8.617932435864986
30
0
40
1
1
R21
50
90
71
1
100
AcDbText
0
TEXT
5
c7c
100
AcDbEntity
8
TopSilkLayer
7

461
1
100
AcDbText
10
11.100101600203288
20
-0.3601219202439552
30
0
40
1
1
R23
50
0
71
1
100
AcDbText
0
TEXT
5
c7d
100
AcDbEntity
8
TopSilkLayer
7

461
1
100
AcDbText
10
0.000025400050844837097
20
-16.636982473964963
30
0
40
1
1
CN3
50
0
71
1
100
AcDbText
0
TEXT
5
c7e
100
AcDbEntity
8
TopSilkLayer
7

461
1
100
AcDbText
10
22.860071120142265
20
3.810058420116775
30
0
40
1
1
CN4
50
90
71
1
100
AcDbText
0
TEXT
5
c7f
100
AcDbEntity
8
TopSilkLayer
7

461
1
100
AcDbText
10
-16.247117094234113
20
-5.461214122428373
30
0
40
1
1
R4
50
0
71
1
100
AcDbText
0
TEXT
5
c80
100
AcDbEntity
8
TopSilkLayer
7

461
1
100
AcDbText
10
23.114071628143165
20
-3.5559563119127233
30
0
40
1
1
U5
50
90
71
1
100
AcDbText
  0
CIRCLE
  5
55e
330
1F
100
AcDbEntity
  8
BoardOutLine
100
AcDbCircle
 10
0.000025400050844837097
 20
0.000050800101575987355
 30
0.0
 40
24.000000000000004
  0
CIRCLE
  5
55f
330
1F
100
AcDbEntity
  8
Document
100
AcDbCircle
 10
-9.728448056896013
 20
8.367589535178922
 30
0.0
 40
0.10007620015240032
  0
CIRCLE
  5
560
330
1F
100
AcDbEntity
  8
Document
100
AcDbCircle
 10
-12.49019558039106
 20
4.1331470662941
 30
0.0
 40
0.12700025400050802
  0
CIRCLE
  5
561
330
1F
100
AcDbEntity
  8
Document
100
AcDbCircle
 10
15.599974599949292
 20
10.959918719837333
 30
0.0
 40
0.10007620015240032
  0
CIRCLE
  5
562
330
1F
100
AcDbEntity
  8
BottomSilkLayer
100
AcDbCircle
 10
15.61699263398532
 20
11.342951485902859
 30
0.0
 40
0.07620015240030481
  0
CIRCLE
  5
563
330
1F
100
AcDbEntity
  8
Document
100
AcDbCircle
 10
11.150901701803605
 20
13.769926339852645
 30
0.0
 40
0.15011430022860048
  0
CIRCLE
  5
564
330
1F
100
AcDbEntity
  8
BottomSilkLayer
100
AcDbCircle
 10
8.519964439929026
 20
13.769926339852645
 30
0.0
 40
0.15011430022860048
  0
CIRCLE
  5
565
330
1F
100
AcDbEntity
  8
BottomSilkLayer
100
AcDbCircle
 10
10.519964439929026
 20
14.50932181864357
 30
0.0
 40
0.15011430022860048
  0
CIRCLE
  5
566
330
1F
100
AcDbEntity
  8
TopSilkLayer
100
AcDbCircle
 10
-15.098018796037422
 20
18.051104902209772
 30
0.0
 40
0.15011430022860048
  0
CIRCLE
  5
567
330
1F
100
AcDbEntity
  8
TopSilkLayer
100
AcDbCircle
 10
-11.374879349758544
 20
14.946964693929317
 30
0.0
 40
1.27000254000508
  0
CIRCLE
  5
568
330
1F
100
AcDbEntity
  8
TopSilkLayer
100
AcDbCircle
 10
-9.374879349758658
 20
12.946964693929317
 30
0.0
 40
0.36068072136144275
  0
CIRCLE
  5
569
330
1F
100
AcDbEntity
  8
TopSilkLayer
100
AcDbCircle
 10
-13.374879349758658
 20
12.946964693929317
 30
0.0
 40
0.36068072136144275
  0
CIRCLE
  5
56a
330
1F
100
AcDbEntity
  8
TopSilkLayer
100
AcDbCircle
 10
-13.374879349758658
 20
16.946964693929317
 30
0.0
 40
0.36068072136144275
  0
CIRCLE
  5
56b
330
1F
100
AcDbEntity
  8
TopSilkLayer
100
AcDbCircle
 10
-9.374879349758658
 20
16.946964693929317
 30
0.0
 40
0.36068072136144275
  0
CIRCLE
  5
56c
330
1F
100
AcDbEntity
  8
TopSilkLayer
100
AcDbCircle
 10
-11.374879349758544
 20
14.94721869443731
 30
0.0
 40
1.9050038100076203
  0
CIRCLE
  5
56d
330
1F
100
AcDbEntity
  8
TopSilkLayer
100
AcDbCircle
 10
7.508026416052871
 20
18.051358902717652
 30
0.0
 40
0.15011430022860048
  0
CIRCLE
  5
56e
330
1F
100
AcDbEntity
  8
TopSilkLayer
100
AcDbCircle
 10
11.231165862331864
 20
14.94721869443731
 30
0.0
 40
1.27000254000508
  0
CIRCLE
  5
56f
330
1F
100
AcDbEntity
  8
TopSilkLayer
100
AcDbCircle
 10
13.231165862331864
 20
12.94721869443731
 30
0.0
 40
0.36068072136144275
  0
CIRCLE
  5
570
330
1F
100
AcDbEntity
  8
TopSilkLayer
100
AcDbCircle
 10
9.231165862331864
 20
12.94721869443731
 30
0.0
 40
0.36068072136144275
  0
CIRCLE
  5
571
330
1F
100
AcDbEntity
  8
TopSilkLayer
100
AcDbCircle
 10
9.231165862331864
 20
16.94721869443731
 30
0.0
 40
0.36068072136144275
  0
CIRCLE
  5
572
330
1F
100
AcDbEntity
  8
TopSilkLayer
100
AcDbCircle
 10
13.231165862331864
 20
16.94721869443731
 30
0.0
 40
0.36068072136144275
  0
CIRCLE
  5
573
330
1F
100
AcDbEntity
  8
TopSilkLayer
100
AcDbCircle
 10
11.231165862331864
 20
14.947472694945304
 30
0.0
 40
1.9050038100076203
  0
CIRCLE
  5
574
330
1F
100
AcDbEntity
  8
Document
100
AcDbCircle
 10
0.9200152400305797
 20
12.856032512064985
 30
0.0
 40
0.10007620015240032
  0
CIRCLE
  5
575
330
1F
100
AcDbEntity
  8
TopSilkLayer
100
AcDbCircle
 10
1.6683007366016227
 20
12.477571755143344
 30
0.0
 40
0.15011430022860048
  0
CIRCLE
  5
576
330
1F
100
AcDbEntity
  8
TopSilkLayer
100
AcDbCircle
 10
9.779044958090026
 20
-7.365963931927922
 30
0.0
 40
0.24993649987299976
  0
CIRCLE
  5
577
330
1F
100
AcDbEntity
  8
Document
100
AcDbCircle
 10
9.779044958090026
 20
-7.365963931927922
 30
0.0
 40
0.24993649987299976
  0
CIRCLE
  5
578
330
1F
100
AcDbEntity
  8
Document
100
AcDbCircle
 10
-2.8998983997967116
 20
16.70134620269232
 30
0.0
 40
0.12496824993649988
  0
CIRCLE
  5
579
330
1F
100
AcDbEntity
  8
Document
100
AcDbCircle
 10
2.8999491998984013
 20
16.70134620269232
 30
0.0
 40
0.12496824993649988
  0
CIRCLE
  5
57a
330
1F
100
AcDbEntity
  8
Document
100
AcDbCircle
 10
-18.185140970281736
 20
4.4999237998474655
 30
0.0
 40
0.15011430022860048
  0
CIRCLE
  5
57b
330
1F
100
AcDbEntity
  8
TopSilkLayer
100
AcDbCircle
 10
-18.185140970281736
 20
4.4999237998474655
 30
0.0
 40
0.15011430022860048
  0
CIRCLE
  5
57c
330
1F
100
AcDbEntity
  8
TopSolderMaskLayer
100
AcDbCircle
 10
-17.227990855981602
 20
8.521005842011618
 30
0.0
 40
0.47244094488188987
  0
CIRCLE
  5
57d
330
1F
100
AcDbEntity
  8
TopSolderMaskLayer
100
AcDbCircle
 10
-17.228067056134023
 20
8.521005842011618
 30
0.0
 40
0.7874015748031498
0
HATCH
5
57e
100
AcDbEntity
8
TopSolderMaskLayer
100
AcDbHatch
10
0
20
0
30
0
210
0
220
0
230
1
2
SOLID
70
1
71
0
91
1
92
7
72
1
73
1
93
2
10
-18.01546863093717
20
8.521005842011618
42
1
10
-16.440665481330875
20
8.521005842011618
42
1
97
1
330

75
0
76
1
47
0.8681437583925616
98
1
10
3.629517071192367
20
33.92795499968543
450
0
451
0
460
0
461
0
452
1
462
1
453
2
463
0
63
5
421
255
463
1
63
7
421
16777215
470
LINEAR
1001
ACAD
1010
0
1020
0
1030
0
  0
CIRCLE
  5
57f
330
1F
100
AcDbEntity
  8
BottomSolderMaskLayer
100
AcDbCircle
 10
-17.227990855981602
 20
8.521005842011618
 30
0.0
 40
0.47244094488188987
  0
CIRCLE
  5
580
330
1F
100
AcDbEntity
  8
BottomSolderMaskLayer
100
AcDbCircle
 10
-17.228067056134023
 20
8.521005842011618
 30
0.0
 40
0.7874015748031498
0
HATCH
5
581
100
AcDbEntity
8
BottomSolderMaskLayer
100
AcDbHatch
10
0
20
0
30
0
210
0
220
0
230
1
2
SOLID
70
1
71
0
91
1
92
7
72
1
73
1
93
2
10
-18.01546863093717
20
8.521005842011618
42
1
10
-16.440665481330875
20
8.521005842011618
42
1
97
1
330

75
0
76
1
47
0.8681437583925616
98
1
10
3.629517071192367
20
33.92795499968543
450
0
451
0
460
0
461
0
452
1
462
1
453
2
463
0
63
5
421
255
463
1
63
7
421
16777215
470
LINEAR
1001
ACAD
1010
0
1020
0
1030
0
  0
CIRCLE
  5
582
330
1F
100
AcDbEntity
  8
Multi-Layer
100
AcDbCircle
 10
-17.227990855981602
 20
8.521005842011618
 30
0.0
 40
0.45720091440182886
  0
CIRCLE
  5
583
330
1F
100
AcDbEntity
  8
Multi-Layer
100
AcDbCircle
 10
-17.228067056134023
 20
8.521005842011618
 30
0.0
 40
0.7620015240030481
  0
CIRCLE
  5
584
330
1F
100
AcDbEntity
  8
TopSolderMaskLayer
100
AcDbCircle
 10
-19.399771399542715
 20
8.91775463550914
 30
0.0
 40
0.46501312335958017
  0
CIRCLE
  5
585
330
1F
100
AcDbEntity
  8
TopSolderMaskLayer
100
AcDbCircle
 10
-19.399771399542715
 20
8.91775463550914
 30
0.0
 40
0.7874015748031498
0
HATCH
5
586
100
AcDbEntity
8
TopSolderMaskLayer
100
AcDbHatch
10
0
20
0
30
0
210
0
220
0
230
1
2
SOLID
70
1
71
0
91
1
92
7
72
1
73
1
93
2
10
-20.187172974345863
20
8.91775463550914
42
1
10
-18.612369824739567
20
8.91775463550914
42
1
97
1
330

75
0
76
1
47
0.8681437583925616
98
1
10
3.629517071192367
20
33.92795499968543
450
0
451
0
460
0
461
0
452
1
462
1
453
2
463
0
63
5
421
255
463
1
63
7
421
16777215
470
LINEAR
1001
ACAD
1010
0
1020
0
1030
0
  0
CIRCLE
  5
587
330
1F
100
AcDbEntity
  8
BottomSolderMaskLayer
100
AcDbCircle
 10
-19.399771399542715
 20
8.91775463550914
 30
0.0
 40
0.46501312335958017
  0
CIRCLE
  5
588
330
1F
100
AcDbEntity
  8
BottomSolderMaskLayer
100
AcDbCircle
 10
-19.399771399542715
 20
8.91775463550914
 30
0.0
 40
0.7874015748031498
0
HATCH
5
589
100
AcDbEntity
8
BottomSolderMaskLayer
100
AcDbHatch
10
0
20
0
30
0
210
0
220
0
230
1
2
SOLID
70
1
71
0
91
1
92
7
72
1
73
1
93
2
10
-20.187172974345863
20
8.91775463550914
42
1
10
-18.612369824739567
20
8.91775463550914
42
1
97
1
330

75
0
76
1
47
0.8681437583925616
98
1
10
3.629517071192367
20
33.92795499968543
450
0
451
0
460
0
461
0
452
1
462
1
453
2
463
0
63
5
421
255
463
1
63
7
421
16777215
470
LINEAR
1001
ACAD
1010
0
1020
0
1030
0
  0
CIRCLE
  5
58a
330
1F
100
AcDbEntity
  8
Multi-Layer
100
AcDbCircle
 10
-19.399771399542715
 20
8.91775463550914
 30
0.0
 40
0.4500127000254001
  0
CIRCLE
  5
58b
330
1F
100
AcDbEntity
  8
Multi-Layer
100
AcDbCircle
 10
-19.399771399542715
 20
8.91775463550914
 30
0.0
 40
0.7620015240030481
  0
CIRCLE
  5
58c
330
1F
100
AcDbEntity
  8
TopSolderMaskLayer
100
AcDbCircle
 10
-16.56700533401056
 20
2.381000762001463
 30
0.0
 40
0.47244094488188987
  0
CIRCLE
  5
58d
330
1F
100
AcDbEntity
  8
TopSolderMaskLayer
100
AcDbCircle
 10
-16.566903733807408
 20
2.381051562103039
 30
0.0
 40
0.7874015748031498
0
HATCH
5
58e
100
AcDbEntity
8
TopSolderMaskLayer
100
AcDbHatch
10
0
20
0
30
0
210
0
220
0
230
1
2
SOLID
70
1
71
0
91
1
92
7
72
1
73
1
93
2
10
-17.354305308610556
20
2.381051562103039
42
1
10
-15.779502159004258
20
2.381051562103039
42
1
97
1
330

75
0
76
1
47
0.8681437583925616
98
1
10
3.629517071192367
20
33.92795499968543
450
0
451
0
460
0
461
0
452
1
462
1
453
2
463
0
63
5
421
255
463
1
63
7
421
16777215
470
LINEAR
1001
ACAD
1010
0
1020
0
1030
0
  0
CIRCLE
  5
58f
330
1F
100
AcDbEntity
  8
BottomSolderMaskLayer
100
AcDbCircle
 10
-16.56700533401056
 20
2.381000762001463
 30
0.0
 40
0.47244094488188987
  0
CIRCLE
  5
590
330
1F
100
AcDbEntity
  8
BottomSolderMaskLayer
100
AcDbCircle
 10
-16.566903733807408
 20
2.381051562103039
 30
0.0
 40
0.7874015748031498
0
HATCH
5
591
100
AcDbEntity
8
BottomSolderMaskLayer
100
AcDbHatch
10
0
20
0
30
0
210
0
220
0
230
1
2
SOLID
70
1
71
0
91
1
92
7
72
1
73
1
93
2
10
-17.354305308610556
20
2.381051562103039
42
1
10
-15.779502159004258
20
2.381051562103039
42
1
97
1
330

75
0
76
1
47
0.8681437583925616
98
1
10
3.629517071192367
20
33.92795499968543
450
0
451
0
460
0
461
0
452
1
462
1
453
2
463
0
63
5
421
255
463
1
63
7
421
16777215
470
LINEAR
1001
ACAD
1010
0
1020
0
1030
0
  0
CIRCLE
  5
592
330
1F
100
AcDbEntity
  8
Multi-Layer
100
AcDbCircle
 10
-16.56700533401056
 20
2.381000762001463
 30
0.0
 40
0.45720091440182886
  0
CIRCLE
  5
593
330
1F
100
AcDbEntity
  8
Multi-Layer
100
AcDbCircle
 10
-16.566903733807408
 20
2.381051562103039
 30
0.0
 40
0.7620015240030481
  0
CIRCLE
  5
594
330
1F
100
AcDbEntity
  8
TopSolderMaskLayer
100
AcDbCircle
 10
-11.789001778003467
 20
-1.9180086360173618
 30
0.0
 40
0.46501312335958017
  0
CIRCLE
  5
595
330
1F
100
AcDbEntity
  8
TopSolderMaskLayer
100
AcDbCircle
 10
-11.788900177800201
 20
-1.9179070358140962
 30
0.0
 40
0.7874015748031498
0
HATCH
5
596
100
AcDbEntity
8
TopSolderMaskLayer
100
AcDbHatch
10
0
20
0
30
0
210
0
220
0
230
1
2
SOLID
70
1
71
0
91
1
92
7
72
1
73
1
93
2
10
-12.576301752603351
20
-1.9179070358140962
42
1
10
-11.001498602997051
20
-1.9179070358140962
42
1
97
1
330

75
0
76
1
47
0.8681437583925616
98
1
10
3.629517071192367
20
33.92795499968543
450
0
451
0
460
0
461
0
452
1
462
1
453
2
463
0
63
5
421
255
463
1
63
7
421
16777215
470
LINEAR
1001
ACAD
1010
0
1020
0
1030
0
  0
CIRCLE
  5
597
330
1F
100
AcDbEntity
  8
BottomSolderMaskLayer
100
AcDbCircle
 10
-11.789001778003467
 20
-1.9180086360173618
 30
0.0
 40
0.46501312335958017
  0
CIRCLE
  5
598
330
1F
100
AcDbEntity
  8
BottomSolderMaskLayer
100
AcDbCircle
 10
-11.788900177800201
 20
-1.9179070358140962
 30
0.0
 40
0.7874015748031498
0
HATCH
5
599
100
AcDbEntity
8
BottomSolderMaskLayer
100
AcDbHatch
10
0
20
0
30
0
210
0
220
0
230
1
2
SOLID
70
1
71
0
91
1
92
7
72
1
73
1
93
2
10
-12.576301752603351
20
-1.9179070358140962
42
1
10
-11.001498602997051
20
-1.9179070358140962
42
1
97
1
330

75
0
76
1
47
0.8681437583925616
98
1
10
3.629517071192367
20
33.92795499968543
450
0
451
0
460
0
461
0
452
1
462
1
453
2
463
0
63
5
421
255
463
1
63
7
421
16777215
470
LINEAR
1001
ACAD
1010
0
1020
0
1030
0
  0
CIRCLE
  5
59a
330
1F
100
AcDbEntity
  8
Multi-Layer
100
AcDbCircle
 10
-11.789001778003467
 20
-1.9180086360173618
 30
0.0
 40
0.4500127000254001
  0
CIRCLE
  5
59b
330
1F
100
AcDbEntity
  8
Multi-Layer
100
AcDbCircle
 10
-11.788900177800201
 20
-1.9179070358140962
 30
0.0
 40
0.7620015240030481
  0
CIRCLE
  5
59c
330
1F
100
AcDbEntity
  8
TopSolderMaskLayer
100
AcDbCircle
 10
-19.264008128016144
 20
-9.729997459995047
 30
0.0
 40
0.46501312335958017
  0
CIRCLE
  5
59d
330
1F
100
AcDbEntity
  8
TopSolderMaskLayer
100
AcDbCircle
 10
-19.263881127762147
 20
-9.729946659893471
 30
0.0
 40
0.7874015748031498
0
HATCH
5
59e
100
AcDbEntity
8
TopSolderMaskLayer
100
AcDbHatch
10
0
20
0
30
0
210
0
220
0
230
1
2
SOLID
70
1
71
0
91
1
92
7
72
1
73
1
93
2
10
-20.051282702565295
20
-9.729946659893471
42
1
10
-18.476479552959
20
-9.729946659893471
42
1
97
1
330

75
0
76
1
47
0.8681437583925616
98
1
10
3.629517071192367
20
33.92795499968543
450
0
451
0
460
0
461
0
452
1
462
1
453
2
463
0
63
5
421
255
463
1
63
7
421
16777215
470
LINEAR
1001
ACAD
1010
0
1020
0
1030
0
  0
CIRCLE
  5
59f
330
1F
100
AcDbEntity
  8
BottomSolderMaskLayer
100
AcDbCircle
 10
-19.264008128016144
 20
-9.729997459995047
 30
0.0
 40
0.46501312335958017
  0
CIRCLE
  5
5a0
330
1F
100
AcDbEntity
  8
BottomSolderMaskLayer
100
AcDbCircle
 10
-19.263881127762147
 20
-9.729946659893471
 30
0.0
 40
0.7874015748031498
0
HATCH
5
5a1
100
AcDbEntity
8
BottomSolderMaskLayer
100
AcDbHatch
10
0
20
0
30
0
210
0
220
0
230
1
2
SOLID
70
1
71
0
91
1
92
7
72
1
73
1
93
2
10
-20.051282702565295
20
-9.729946659893471
42
1
10
-18.476479552959
20
-9.729946659893471
42
1
97
1
330

75
0
76
1
47
0.8681437583925616
98
1
10
3.629517071192367
20
33.92795499968543
450
0
451
0
460
0
461
0
452
1
462
1
453
2
463
0
63
5
421
255
463
1
63
7
421
16777215
470
LINEAR
1001
ACAD
1010
0
1020
0
1030
0
  0
CIRCLE
  5
5a2
330
1F
100
AcDbEntity
  8
Multi-Layer
100
AcDbCircle
 10
-19.264008128016144
 20
-9.729997459995047
 30
0.0
 40
0.4500127000254001
  0
CIRCLE
  5
5a3
330
1F
100
AcDbEntity
  8
Multi-Layer
100
AcDbCircle
 10
-19.263881127762147
 20
-9.729946659893471
 30
0.0
 40
0.7620015240030481
  0
CIRCLE
  5
5a4
330
1F
100
AcDbEntity
  8
TopSolderMaskLayer
100
AcDbCircle
 10
22.56111252222513
 20
2.6464820929641064
 30
0.0
 40
0.46501312335958017
  0
CIRCLE
  5
5a5
330
1F
100
AcDbEntity
  8
TopSolderMaskLayer
100
AcDbCircle
 10
22.56111252222513
 20
2.6464820929641064
 30
0.0
 40
0.7874015748031498
0
HATCH
5
5a6
100
AcDbEntity
8
TopSolderMaskLayer
100
AcDbHatch
10
0
20
0
30
0
210
0
220
0
230
1
2
SOLID
70
1
71
0
91
1
92
7
72
1
73
1
93
2
10
21.773710947421982
20
2.6464820929641064
42
1
10
23.34851409702828
20
2.6464820929641064
42
1
97
1
330

75
0
76
1
47
0.8681437583925616
98
1
10
3.629517071192367
20
33.92795499968543
450
0
451
0
460
0
461
0
452
1
462
1
453
2
463
0
63
5
421
255
463
1
63
7
421
16777215
470
LINEAR
1001
ACAD
1010
0
1020
0
1030
0
  0
CIRCLE
  5
5a7
330
1F
100
AcDbEntity
  8
BottomSolderMaskLayer
100
AcDbCircle
 10
22.56111252222513
 20
2.6464820929641064
 30
0.0
 40
0.46501312335958017
  0
CIRCLE
  5
5a8
330
1F
100
AcDbEntity
  8
BottomSolderMaskLayer
100
AcDbCircle
 10
22.56111252222513
 20
2.6464820929641064
 30
0.0
 40
0.7874015748031498
0
HATCH
5
5a9
100
AcDbEntity
8
BottomSolderMaskLayer
100
AcDbHatch
10
0
20
0
30
0
210
0
220
0
230
1
2
SOLID
70
1
71
0
91
1
92
7
72
1
73
1
93
2
10
21.773710947421982
20
2.6464820929641064
42
1
10
23.34851409702828
20
2.6464820929641064
42
1
97
1
330

75
0
76
1
47
0.8681437583925616
98
1
10
3.629517071192367
20
33.92795499968543
450
0
451
0
460
0
461
0
452
1
462
1
453
2
463
0
63
5
421
255
463
1
63
7
421
16777215
470
LINEAR
1001
ACAD
1010
0
1020
0
1030
0
  0
CIRCLE
  5
5aa
330
1F
100
AcDbEntity
  8
Multi-Layer
100
AcDbCircle
 10
22.56111252222513
 20
2.6464820929641064
 30
0.0
 40
0.4500127000254001
  0
CIRCLE
  5
5ab
330
1F
100
AcDbEntity
  8
Multi-Layer
100
AcDbCircle
 10
22.56111252222513
 20
2.6464820929641064
 30
0.0
 40
0.7620015240030481
  0
CIRCLE
  5
5ac
330
1F
100
AcDbEntity
  8
TopSolderMaskLayer
100
AcDbCircle
 10
18.972085344170637
 20
12.443281686563296
 30
0.0
 40
0.46501312335958017
  0
CIRCLE
  5
5ad
330
1F
100
AcDbEntity
  8
TopSolderMaskLayer
100
AcDbCircle
 10
18.972085344170637
 20
12.443281686563296
 30
0.0
 40
0.7874015748031498
0
HATCH
5
5ae
100
AcDbEntity
8
TopSolderMaskLayer
100
AcDbHatch
10
0
20
0
30
0
210
0
220
0
230
1
2
SOLID
70
1
71
0
91
1
92
7
72
1
73
1
93
2
10
18.18468376936749
20
12.443281686563296
42
1
10
19.759486918973785
20
12.443281686563296
42
1
97
1
330

75
0
76
1
47
0.8681437583925616
98
1
10
3.629517071192367
20
33.92795499968543
450
0
451
0
460
0
461
0
452
1
462
1
453
2
463
0
63
5
421
255
463
1
63
7
421
16777215
470
LINEAR
1001
ACAD
1010
0
1020
0
1030
0
  0
CIRCLE
  5
5af
330
1F
100
AcDbEntity
  8
BottomSolderMaskLayer
100
AcDbCircle
 10
18.972085344170637
 20
12.443281686563296
 30
0.0
 40
0.46501312335958017
  0
CIRCLE
  5
5b0
330
1F
100
AcDbEntity
  8
BottomSolderMaskLayer
100
AcDbCircle
 10
18.972085344170637
 20
12.443281686563296
 30
0.0
 40
0.7874015748031498
0
HATCH
5
5b1
100
AcDbEntity
8
BottomSolderMaskLayer
100
AcDbHatch
10
0
20
0
30
0
210
0
220
0
230
1
2
SOLID
70
1
71
0
91
1
92
7
72
1
73
1
93
2
10
18.18468376936749
20
12.443281686563296
42
1
10
19.759486918973785
20
12.443281686563296
42
1
97
1
330

75
0
76
1
47
0.8681437583925616
98
1
10
3.629517071192367
20
33.92795499968543
450
0
451
0
460
0
461
0
452
1
462
1
453
2
463
0
63
5
421
255
463
1
63
7
421
16777215
470
LINEAR
1001
ACAD
1010
0
1020
0
1030
0
  0
CIRCLE
  5
5b2
330
1F
100
AcDbEntity
  8
Multi-Layer
100
AcDbCircle
 10
18.972085344170637
 20
12.443281686563296
 30
0.0
 40
0.4500127000254001
  0
CIRCLE
  5
5b3
330
1F
100
AcDbEntity
  8
Multi-Layer
100
AcDbCircle
 10
18.972085344170637
 20
12.443281686563296
 30
0.0
 40
0.7620015240030481
  0
CIRCLE
  5
5b4
330
1F
100
AcDbEntity
  8
TopSolderMaskLayer
100
AcDbCircle
 10
-19.38399796799581
 20
-6.31300482600966
 30
0.0
 40
0.46501312335958017
  0
CIRCLE
  5
5b5
330
1F
100
AcDbEntity
  8
TopSolderMaskLayer
100
AcDbCircle
 10
-19.384023368046655
 20
-6.313131826263771
 30
0.0
 40
0.7874015748031498
0
HATCH
5
5b6
100
AcDbEntity
8
TopSolderMaskLayer
100
AcDbHatch
10
0
20
0
30
0
210
0
220
0
230
1
2
SOLID
70
1
71
0
91
1
92
7
72
1
73
1
93
2
10
-20.171424942849804
20
-6.313131826263771
42
1
10
-18.596621793243507
20
-6.313131826263771
42
1
97
1
330

75
0
76
1
47
0.8681437583925616
98
1
10
3.629517071192367
20
33.92795499968543
450
0
451
0
460
0
461
0
452
1
462
1
453
2
463
0
63
5
421
255
463
1
63
7
421
16777215
470
LINEAR
1001
ACAD
1010
0
1020
0
1030
0
  0
CIRCLE
  5
5b7
330
1F
100
AcDbEntity
  8
BottomSolderMaskLayer
100
AcDbCircle
 10
-19.38399796799581
 20
-6.31300482600966
 30
0.0
 40
0.46501312335958017
  0
CIRCLE
  5
5b8
330
1F
100
AcDbEntity
  8
BottomSolderMaskLayer
100
AcDbCircle
 10
-19.384023368046655
 20
-6.313131826263771
 30
0.0
 40
0.7874015748031498
0
HATCH
5
5b9
100
AcDbEntity
8
BottomSolderMaskLayer
100
AcDbHatch
10
0
20
0
30
0
210
0
220
0
230
1
2
SOLID
70
1
71
0
91
1
92
7
72
1
73
1
93
2
10
-20.171424942849804
20
-6.313131826263771
42
1
10
-18.596621793243507
20
-6.313131826263771
42
1
97
1
330

75
0
76
1
47
0.8681437583925616
98
1
10
3.629517071192367
20
33.92795499968543
450
0
451
0
460
0
461
0
452
1
462
1
453
2
463
0
63
5
421
255
463
1
63
7
421
16777215
470
LINEAR
1001
ACAD
1010
0
1020
0
1030
0
  0
CIRCLE
  5
5ba
330
1F
100
AcDbEntity
  8
Multi-Layer
100
AcDbCircle
 10
-19.38399796799581
 20
-6.31300482600966
 30
0.0
 40
0.4500127000254001
  0
CIRCLE
  5
5bb
330
1F
100
AcDbEntity
  8
Multi-Layer
100
AcDbCircle
 10
-19.384023368046655
 20
-6.313131826263771
 30
0.0
 40
0.7620015240030481
  0
CIRCLE
  5
688
330
1F
100
AcDbEntity
  8
TopSolderMaskLayer
100
AcDbCircle
 10
-14.444069088138008
 20
3.9780035560070246
 30
0.0
 40
0.5655353117157847
  0
CIRCLE
  5
689
330
1F
100
AcDbEntity
  8
TopSolderMaskLayer
100
AcDbCircle
 10
-14.443967487934856
 20
3.9779527559054486
 30
0.0
 40
0.9254000508001016
0
HATCH
5
68a
100
AcDbEntity
8
TopSolderMaskLayer
100
AcDbHatch
10
0
20
0
30
0
210
0
220
0
230
1
2
SOLID
70
1
71
0
91
1
92
7
72
1
73
1
93
2
10
-15.369367538734958
20
3.9779527559054486
42
1
10
-13.518567437134754
20
3.9779527559054486
42
1
97
1
330

75
0
76
1
47
0.8681437583925616
98
1
10
3.629517071192367
20
33.92795499968543
450
0
451
0
460
0
461
0
452
1
462
1
453
2
463
0
63
5
421
255
463
1
63
7
421
16777215
470
LINEAR
1001
ACAD
1010
0
1020
0
1030
0
  0
CIRCLE
  5
68b
330
1F
100
AcDbEntity
  8
BottomSolderMaskLayer
100
AcDbCircle
 10
-14.444069088138008
 20
3.9780035560070246
 30
0.0
 40
0.5655353117157847
  0
CIRCLE
  5
68c
330
1F
100
AcDbEntity
  8
BottomSolderMaskLayer
100
AcDbCircle
 10
-14.443967487934856
 20
3.9779527559054486
 30
0.0
 40
0.9254000508001016
0
HATCH
5
68d
100
AcDbEntity
8
BottomSolderMaskLayer
100
AcDbHatch
10
0
20
0
30
0
210
0
220
0
230
1
2
SOLID
70
1
71
0
91
1
92
7
72
1
73
1
93
2
10
-15.369367538734958
20
3.9779527559054486
42
1
10
-13.518567437134754
20
3.9779527559054486
42
1
97
1
330

75
0
76
1
47
0.8681437583925616
98
1
10
3.629517071192367
20
33.92795499968543
450
0
451
0
460
0
461
0
452
1
462
1
453
2
463
0
63
5
421
255
463
1
63
7
421
16777215
470
LINEAR
1001
ACAD
1010
0
1020
0
1030
0
  0
CIRCLE
  5
68e
330
1F
100
AcDbEntity
  8
Multi-Layer
100
AcDbCircle
 10
-14.444069088138008
 20
3.9780035560070246
 30
0.0
 40
0.5500127000254001
  0
CIRCLE
  5
68f
330
1F
100
AcDbEntity
  8
Multi-Layer
100
AcDbCircle
 10
-14.443967487934856
 20
3.9779527559054486
 30
0.0
 40
0.9000000000000001
0
HATCH
5
690
100
AcDbEntity
8
Multi-Layer
100
AcDbHatch
10
0
20
0
30
0
210
0
220
0
230
1
2
SOLID
70
1
71
0
91
1
92
7
72
1
73
1
93
2
10
-15.343967487934856
20
3.9779527559054486
42
1
10
-13.543967487934855
20
3.9779527559054486
42
1
97
1
330

75
0
76
1
47
0.8681437583925616
98
1
10
3.629517071192367
20
33.92795499968543
450
0
451
0
460
0
461
0
452
1
462
1
453
2
463
0
63
5
421
255
463
1
63
7
421
16777215
470
LINEAR
1001
ACAD
1010
0
1020
0
1030
0
  0
CIRCLE
  5
bf2
330
1F
100
AcDbEntity
  8
TopSolderMaskLayer
100
AcDbCircle
 10
1.27000254000518
 20
-20.701041402082865
 30
0.0
 40
0.5149412063530009
  0
CIRCLE
  5
bf3
330
1F
100
AcDbEntity
  8
TopSolderMaskLayer
100
AcDbCircle
 10
1.2700279400560248
 20
-20.70099060198129
 30
0.0
 40
0.8754000508001016
0
HATCH
5
bf4
100
AcDbEntity
8
TopSolderMaskLayer
100
AcDbHatch
10
0
20
0
30
0
210
0
220
0
230
1
2
SOLID
70
1
71
0
91
1
92
7
72
1
73
1
93
2
10
0.3946278892559232
20
-20.70099060198129
42
1
10
2.1454279908561267
20
-20.70099060198129
42
1
97
1
330

75
0
76
1
47
0.8681437583925616
98
1
10
3.629517071192367
20
33.92795499968543
450
0
451
0
460
0
461
0
452
1
462
1
453
2
463
0
63
5
421
255
463
1
63
7
421
16777215
470
LINEAR
1001
ACAD
1010
0
1020
0
1030
0
  0
CIRCLE
  5
bf5
330
1F
100
AcDbEntity
  8
BottomSolderMaskLayer
100
AcDbCircle
 10
1.27000254000518
 20
-20.701041402082865
 30
0.0
 40
0.5149412063530009
  0
CIRCLE
  5
bf6
330
1F
100
AcDbEntity
  8
BottomSolderMaskLayer
100
AcDbCircle
 10
1.2700279400560248
 20
-20.70099060198129
 30
0.0
 40
0.8754000508001016
0
HATCH
5
bf7
100
AcDbEntity
8
BottomSolderMaskLayer
100
AcDbHatch
10
0
20
0
30
0
210
0
220
0
230
1
2
SOLID
70
1
71
0
91
1
92
7
72
1
73
1
93
2
10
0.3946278892559232
20
-20.70099060198129
42
1
10
2.1454279908561267
20
-20.70099060198129
42
1
97
1
330

75
0
76
1
47
0.8681437583925616
98
1
10
3.629517071192367
20
33.92795499968543
450
0
451
0
460
0
461
0
452
1
462
1
453
2
463
0
63
5
421
255
463
1
63
7
421
16777215
470
LINEAR
1001
ACAD
1010
0
1020
0
1030
0
  0
CIRCLE
  5
bf8
330
1F
100
AcDbEntity
  8
Multi-Layer
100
AcDbCircle
 10
1.27000254000518
 20
-20.701041402082865
 30
0.0
 40
0.5
  0
CIRCLE
  5
bf9
330
1F
100
AcDbEntity
  8
Multi-Layer
100
AcDbCircle
 10
1.2700279400560248
 20
-20.70099060198129
 30
0.0
 40
0.8500000000000001
0
HATCH
5
bfa
100
AcDbEntity
8
Multi-Layer
100
AcDbHatch
10
0
20
0
30
0
210
0
220
0
230
1
2
SOLID
70
1
71
0
91
1
92
7
72
1
73
1
93
2
10
0.42002794005602473
20
-20.70099060198129
42
1
10
2.120027940056025
20
-20.70099060198129
42
1
97
1
330

75
0
76
1
47
0.8681437583925616
98
1
10
3.629517071192367
20
33.92795499968543
450
0
451
0
460
0
461
0
452
1
462
1
453
2
463
0
63
5
421
255
463
1
63
7
421
16777215
470
LINEAR
1001
ACAD
1010
0
1020
0
1030
0
  0
CIRCLE
  5
bfb
330
1F
100
AcDbEntity
  8
TopSolderMaskLayer
100
AcDbCircle
 10
-1.2700025400049526
 20
-20.701041402082865
 30
0.0
 40
0.5149412063530009
  0
CIRCLE
  5
bfc
330
1F
100
AcDbEntity
  8
TopSolderMaskLayer
100
AcDbCircle
 10
-1.2699771399541078
 20
-20.70099060198129
 30
0.0
 40
0.8754000508001016
0
HATCH
5
bfd
100
AcDbEntity
8
TopSolderMaskLayer
100
AcDbHatch
10
0
20
0
30
0
210
0
220
0
230
1
2
SOLID
70
1
71
0
91
1
92
7
72
1
73
1
93
2
10
-2.1453771907542096
20
-20.70099060198129
42
1
10
-0.39457708915400613
20
-20.70099060198129
42
1
97
1
330

75
0
76
1
47
0.8681437583925616
98
1
10
3.629517071192367
20
33.92795499968543
450
0
451
0
460
0
461
0
452
1
462
1
453
2
463
0
63
5
421
255
463
1
63
7
421
16777215
470
LINEAR
1001
ACAD
1010
0
1020
0
1030
0
  0
CIRCLE
  5
bfe
330
1F
100
AcDbEntity
  8
BottomSolderMaskLayer
100
AcDbCircle
 10
-1.2700025400049526
 20
-20.701041402082865
 30
0.0
 40
0.5149412063530009
  0
CIRCLE
  5
bff
330
1F
100
AcDbEntity
  8
BottomSolderMaskLayer
100
AcDbCircle
 10
-1.2699771399541078
 20
-20.70099060198129
 30
0.0
 40
0.8754000508001016
0
HATCH
5
c00
100
AcDbEntity
8
BottomSolderMaskLayer
100
AcDbHatch
10
0
20
0
30
0
210
0
220
0
230
1
2
SOLID
70
1
71
0
91
1
92
7
72
1
73
1
93
2
10
-2.1453771907542096
20
-20.70099060198129
42
1
10
-0.39457708915400613
20
-20.70099060198129
42
1
97
1
330

75
0
76
1
47
0.8681437583925616
98
1
10
3.629517071192367
20
33.92795499968543
450
0
451
0
460
0
461
0
452
1
462
1
453
2
463
0
63
5
421
255
463
1
63
7
421
16777215
470
LINEAR
1001
ACAD
1010
0
1020
0
1030
0
  0
CIRCLE
  5
c01
330
1F
100
AcDbEntity
  8
Multi-Layer
100
AcDbCircle
 10
-1.2700025400049526
 20
-20.701041402082865
 30
0.0
 40
0.5
  0
CIRCLE
  5
c02
330
1F
100
AcDbEntity
  8
Multi-Layer
100
AcDbCircle
 10
-1.2699771399541078
 20
-20.70099060198129
 30
0.0
 40
0.8500000000000001
0
HATCH
5
c03
100
AcDbEntity
8
Multi-Layer
100
AcDbHatch
10
0
20
0
30
0
210
0
220
0
230
1
2
SOLID
70
1
71
0
91
1
92
7
72
1
73
1
93
2
10
-2.119977139954108
20
-20.70099060198129
42
1
10
-0.4199771399541077
20
-20.70099060198129
42
1
97
1
330

75
0
76
1
47
0.8681437583925616
98
1
10
3.629517071192367
20
33.92795499968543
450
0
451
0
460
0
461
0
452
1
462
1
453
2
463
0
63
5
421
255
463
1
63
7
421
16777215
470
LINEAR
1001
ACAD
1010
0
1020
0
1030
0
  0
CIRCLE
  5
c04
330
1F
100
AcDbEntity
  8
TopSolderMaskLayer
100
AcDbCircle
 10
18.923037846075886
 20
7.726924053847938
 30
0.0
 40
0.5149412063530009
  0
CIRCLE
  5
c05
330
1F
100
AcDbEntity
  8
TopSolderMaskLayer
100
AcDbCircle
 10
18.923063246126503
 20
7.727000254000359
 30
0.0
 40
0.8754000508001016
0
HATCH
5
c06
100
AcDbEntity
8
TopSolderMaskLayer
100
AcDbHatch
10
0
20
0
30
0
210
0
220
0
230
1
2
SOLID
70
1
71
0
91
1
92
7
72
1
73
1
93
2
10
18.0476631953264
20
7.727000254000359
42
1
10
19.798463296926606
20
7.727000254000359
42
1
97
1
330

75
0
76
1
47
0.8681437583925616
98
1
10
3.629517071192367
20
33.92795499968543
450
0
451
0
460
0
461
0
452
1
462
1
453
2
463
0
63
5
421
255
463
1
63
7
421
16777215
470
LINEAR
1001
ACAD
1010
0
1020
0
1030
0
  0
CIRCLE
  5
c07
330
1F
100
AcDbEntity
  8
BottomSolderMaskLayer
100
AcDbCircle
 10
18.923037846075886
 20
7.726924053847938
 30
0.0
 40
0.5149412063530009
  0
CIRCLE
  5
c08
330
1F
100
AcDbEntity
  8
BottomSolderMaskLayer
100
AcDbCircle
 10
18.923063246126503
 20
7.727000254000359
 30
0.0
 40
0.8754000508001016
0
HATCH
5
c09
100
AcDbEntity
8
BottomSolderMaskLayer
100
AcDbHatch
10
0
20
0
30
0
210
0
220
0
230
1
2
SOLID
70
1
71
0
91
1
92
7
72
1
73
1
93
2
10
18.0476631953264
20
7.727000254000359
42
1
10
19.798463296926606
20
7.727000254000359
42
1
97
1
330

75
0
76
1
47
0.8681437583925616
98
1
10
3.629517071192367
20
33.92795499968543
450
0
451
0
460
0
461
0
452
1
462
1
453
2
463
0
63
5
421
255
463
1
63
7
421
16777215
470
LINEAR
1001
ACAD
1010
0
1020
0
1030
0
  0
CIRCLE
  5
c0a
330
1F
100
AcDbEntity
  8
Multi-Layer
100
AcDbCircle
 10
18.923037846075886
 20
7.726924053847938
 30
0.0
 40
0.5
  0
CIRCLE
  5
c0b
330
1F
100
AcDbEntity
  8
Multi-Layer
100
AcDbCircle
 10
18.923063246126503
 20
7.727000254000359
 30
0.0
 40
0.8500000000000001
0
HATCH
5
c0c
100
AcDbEntity
8
Multi-Layer
100
AcDbHatch
10
0
20
0
30
0
210
0
220
0
230
1
2
SOLID
70
1
71
0
91
1
92
7
72
1
73
1
93
2
10
18.0730632461265
20
7.727000254000359
42
1
10
19.773063246126505
20
7.727000254000359
42
1
97
1
330

75
0
76
1
47
0.8681437583925616
98
1
10
3.629517071192367
20
33.92795499968543
450
0
451
0
460
0
461
0
452
1
462
1
453
2
463
0
63
5
421
255
463
1
63
7
421
16777215
470
LINEAR
1001
ACAD
1010
0
1020
0
1030
0
  0
CIRCLE
  5
c0d
330
1F
100
AcDbEntity
  8
TopSolderMaskLayer
100
AcDbCircle
 10
18.923037846075886
 20
5.186918973837805
 30
0.0
 40
0.5149412063530009
  0
CIRCLE
  5
c0e
330
1F
100
AcDbEntity
  8
TopSolderMaskLayer
100
AcDbCircle
 10
18.923063246126503
 20
5.186995173990226
 30
0.0
 40
0.8754000508001016
0
HATCH
5
c0f
100
AcDbEntity
8
TopSolderMaskLayer
100
AcDbHatch
10
0
20
0
30
0
210
0
220
0
230
1
2
SOLID
70
1
71
0
91
1
92
7
72
1
73
1
93
2
10
18.0476631953264
20
5.186995173990226
42
1
10
19.798463296926606
20
5.186995173990226
42
1
97
1
330

75
0
76
1
47
0.8681437583925616
98
1
10
3.629517071192367
20
33.92795499968543
450
0
451
0
460
0
461
0
452
1
462
1
453
2
463
0
63
5
421
255
463
1
63
7
421
16777215
470
LINEAR
1001
ACAD
1010
0
1020
0
1030
0
  0
CIRCLE
  5
c10
330
1F
100
AcDbEntity
  8
BottomSolderMaskLayer
100
AcDbCircle
 10
18.923037846075886
 20
5.186918973837805
 30
0.0
 40
0.5149412063530009
  0
CIRCLE
  5
c11
330
1F
100
AcDbEntity
  8
BottomSolderMaskLayer
100
AcDbCircle
 10
18.923063246126503
 20
5.186995173990226
 30
0.0
 40
0.8754000508001016
0
HATCH
5
c12
100
AcDbEntity
8
BottomSolderMaskLayer
100
AcDbHatch
10
0
20
0
30
0
210
0
220
0
230
1
2
SOLID
70
1
71
0
91
1
92
7
72
1
73
1
93
2
10
18.0476631953264
20
5.186995173990226
42
1
10
19.798463296926606
20
5.186995173990226
42
1
97
1
330

75
0
76
1
47
0.8681437583925616
98
1
10
3.629517071192367
20
33.92795499968543
450
0
451
0
460
0
461
0
452
1
462
1
453
2
463
0
63
5
421
255
463
1
63
7
421
16777215
470
LINEAR
1001
ACAD
1010
0
1020
0
1030
0
  0
CIRCLE
  5
c13
330
1F
100
AcDbEntity
  8
Multi-Layer
100
AcDbCircle
 10
18.923037846075886
 20
5.186918973837805
 30
0.0
 40
0.5
  0
CIRCLE
  5
c14
330
1F
100
AcDbEntity
  8
Multi-Layer
100
AcDbCircle
 10
18.923063246126503
 20
5.186995173990226
 30
0.0
 40
0.8500000000000001
0
HATCH
5
c15
100
AcDbEntity
8
Multi-Layer
100
AcDbHatch
10
0
20
0
30
0
210
0
220
0
230
1
2
SOLID
70
1
71
0
91
1
92
7
72
1
73
1
93
2
10
18.0730632461265
20
5.186995173990226
42
1
10
19.773063246126505
20
5.186995173990226
42
1
97
1
330

75
0
76
1
47
0.8681437583925616
98
1
10
3.629517071192367
20
33.92795499968543
450
0
451
0
460
0
461
0
452
1
462
1
453
2
463
0
63
5
421
255
463
1
63
7
421
16777215
470
LINEAR
1001
ACAD
1010
0
1020
0
1030
0
  0
CIRCLE
  5
c22
330
1F
100
AcDbEntity
  8
TopSolderMaskLayer
100
AcDbCircle
 10
18.923037846075886
 20
-0.060045720091579824
 30
0.0
 40
0.5149412063530009
  0
CIRCLE
  5
c23
330
1F
100
AcDbEntity
  8
TopSolderMaskLayer
100
AcDbCircle
 10
18.923063246126503
 20
-0.059893319786738175
 30
0.0
 40
0.8754000508001016
0
HATCH
5
c24
100
AcDbEntity
8
TopSolderMaskLayer
100
AcDbHatch
10
0
20
0
30
0
210
0
220
0
230
1
2
SOLID
70
1
71
0
91
1
92
7
72
1
73
1
93
2
10
18.0476631953264
20
-0.059893319786738175
42
1
10
19.798463296926606
20
-0.059893319786738175
42
1
97
1
330

75
0
76
1
47
0.8681437583925616
98
1
10
3.629517071192367
20
33.92795499968543
450
0
451
0
460
0
461
0
452
1
462
1
453
2
463
0
63
5
421
255
463
1
63
7
421
16777215
470
LINEAR
1001
ACAD
1010
0
1020
0
1030
0
  0
CIRCLE
  5
c25
330
1F
100
AcDbEntity
  8
BottomSolderMaskLayer
100
AcDbCircle
 10
18.923037846075886
 20
-0.060045720091579824
 30
0.0
 40
0.5149412063530009
  0
CIRCLE
  5
c26
330
1F
100
AcDbEntity
  8
BottomSolderMaskLayer
100
AcDbCircle
 10
18.923063246126503
 20
-0.059893319786738175
 30
0.0
 40
0.8754000508001016
0
HATCH
5
c27
100
AcDbEntity
8
BottomSolderMaskLayer
100
AcDbHatch
10
0
20
0
30
0
210
0
220
0
230
1
2
SOLID
70
1
71
0
91
1
92
7
72
1
73
1
93
2
10
18.0476631953264
20
-0.059893319786738175
42
1
10
19.798463296926606
20
-0.059893319786738175
42
1
97
1
330

75
0
76
1
47
0.8681437583925616
98
1
10
3.629517071192367
20
33.92795499968543
450
0
451
0
460
0
461
0
452
1
462
1
453
2
463
0
63
5
421
255
463
1
63
7
421
16777215
470
LINEAR
1001
ACAD
1010
0
1020
0
1030
0
  0
CIRCLE
  5
c28
330
1F
100
AcDbEntity
  8
Multi-Layer
100
AcDbCircle
 10
18.923037846075886
 20
-0.060045720091579824
 30
0.0
 40
0.5
  0
CIRCLE
  5
c29
330
1F
100
AcDbEntity
  8
Multi-Layer
100
AcDbCircle
 10
18.923063246126503
 20
-0.059893319786738175
 30
0.0
 40
0.8500000000000001
0
HATCH
5
c2a
100
AcDbEntity
8
Multi-Layer
100
AcDbHatch
10
0
20
0
30
0
210
0
220
0
230
1
2
SOLID
70
1
71
0
91
1
92
7
72
1
73
1
93
2
10
18.0730632461265
20
-0.059893319786738175
42
1
10
19.773063246126505
20
-0.059893319786738175
42
1
97
1
330

75
0
76
1
47
0.8681437583925616
98
1
10
3.629517071192367
20
33.92795499968543
450
0
451
0
460
0
461
0
452
1
462
1
453
2
463
0
63
5
421
255
463
1
63
7
421
16777215
470
LINEAR
1001
ACAD
1010
0
1020
0
1030
0
  0
CIRCLE
  5
c2b
330
1F
100
AcDbEntity
  8
TopSolderMaskLayer
100
AcDbCircle
 10
18.923037846075886
 20
-2.560045720091466
 30
0.0
 40
0.5149412063530009
  0
CIRCLE
  5
c2c
330
1F
100
AcDbEntity
  8
TopSolderMaskLayer
100
AcDbCircle
 10
18.923063246126503
 20
-2.560020320040735
 30
0.0
 40
0.8754000508001016
0
HATCH
5
c2d
100
AcDbEntity
8
TopSolderMaskLayer
100
AcDbHatch
10
0
20
0
30
0
210
0
220
0
230
1
2
SOLID
70
1
71
0
91
1
92
7
72
1
73
1
93
2
10
18.0476631953264
20
-2.560020320040735
42
1
10
19.798463296926606
20
-2.560020320040735
42
1
97
1
330

75
0
76
1
47
0.8681437583925616
98
1
10
3.629517071192367
20
33.92795499968543
450
0
451
0
460
0
461
0
452
1
462
1
453
2
463
0
63
5
421
255
463
1
63
7
421
16777215
470
LINEAR
1001
ACAD
1010
0
1020
0
1030
0
  0
CIRCLE
  5
c2e
330
1F
100
AcDbEntity
  8
BottomSolderMaskLayer
100
AcDbCircle
 10
18.923037846075886
 20
-2.560045720091466
 30
0.0
 40
0.5149412063530009
  0
CIRCLE
  5
c2f
330
1F
100
AcDbEntity
  8
BottomSolderMaskLayer
100
AcDbCircle
 10
18.923063246126503
 20
-2.560020320040735
 30
0.0
 40
0.8754000508001016
0
HATCH
5
c30
100
AcDbEntity
8
BottomSolderMaskLayer
100
AcDbHatch
10
0
20
0
30
0
210
0
220
0
230
1
2
SOLID
70
1
71
0
91
1
92
7
72
1
73
1
93
2
10
18.0476631953264
20
-2.560020320040735
42
1
10
19.798463296926606
20
-2.560020320040735
42
1
97
1
330

75
0
76
1
47
0.8681437583925616
98
1
10
3.629517071192367
20
33.92795499968543
450
0
451
0
460
0
461
0
452
1
462
1
453
2
463
0
63
5
421
255
463
1
63
7
421
16777215
470
LINEAR
1001
ACAD
1010
0
1020
0
1030
0
  0
CIRCLE
  5
c31
330
1F
100
AcDbEntity
  8
Multi-Layer
100
AcDbCircle
 10
18.923037846075886
 20
-2.560045720091466
 30
0.0
 40
0.5
  0
CIRCLE
  5
c32
330
1F
100
AcDbEntity
  8
Multi-Layer
100
AcDbCircle
 10
18.923063246126503
 20
-2.560020320040735
 30
0.0
 40
0.8500000000000001
0
HATCH
5
c33
100
AcDbEntity
8
Multi-Layer
100
AcDbHatch
10
0
20
0
30
0
210
0
220
0
230
1
2
SOLID
70
1
71
0
91
1
92
7
72
1
73
1
93
2
10
18.0730632461265
20
-2.560020320040735
42
1
10
19.773063246126505
20
-2.560020320040735
42
1
97
1
330

75
0
76
1
47
0.8681437583925616
98
1
10
3.629517071192367
20
33.92795499968543
450
0
451
0
460
0
461
0
452
1
462
1
453
2
463
0
63
5
421
255
463
1
63
7
421
16777215
470
LINEAR
1001
ACAD
1010
0
1020
0
1030
0
  0
CIRCLE
  5
c34
330
1F
100
AcDbEntity
  8
TopSolderMaskLayer
100
AcDbCircle
 10
18.923037846075886
 20
-5.06004572009158
 30
0.0
 40
0.5149412063530009
  0
CIRCLE
  5
c35
330
1F
100
AcDbEntity
  8
TopSolderMaskLayer
100
AcDbCircle
 10
18.923063246126503
 20
-5.059893319786738
 30
0.0
 40
0.8754000508001016
0
HATCH
5
c36
100
AcDbEntity
8
TopSolderMaskLayer
100
AcDbHatch
10
0
20
0
30
0
210
0
220
0
230
1
2
SOLID
70
1
71
0
91
1
92
7
72
1
73
1
93
2
10
18.0476631953264
20
-5.059893319786738
42
1
10
19.798463296926606
20
-5.059893319786738
42
1
97
1
330

75
0
76
1
47
0.8681437583925616
98
1
10
3.629517071192367
20
33.92795499968543
450
0
451
0
460
0
461
0
452
1
462
1
453
2
463
0
63
5
421
255
463
1
63
7
421
16777215
470
LINEAR
1001
ACAD
1010
0
1020
0
1030
0
  0
CIRCLE
  5
c37
330
1F
100
AcDbEntity
  8
BottomSolderMaskLayer
100
AcDbCircle
 10
18.923037846075886
 20
-5.06004572009158
 30
0.0
 40
0.5149412063530009
  0
CIRCLE
  5
c38
330
1F
100
AcDbEntity
  8
BottomSolderMaskLayer
100
AcDbCircle
 10
18.923063246126503
 20
-5.059893319786738
 30
0.0
 40
0.8754000508001016
0
HATCH
5
c39
100
AcDbEntity
8
BottomSolderMaskLayer
100
AcDbHatch
10
0
20
0
30
0
210
0
220
0
230
1
2
SOLID
70
1
71
0
91
1
92
7
72
1
73
1
93
2
10
18.0476631953264
20
-5.059893319786738
42
1
10
19.798463296926606
20
-5.059893319786738
42
1
97
1
330

75
0
76
1
47
0.8681437583925616
98
1
10
3.629517071192367
20
33.92795499968543
450
0
451
0
460
0
461
0
452
1
462
1
453
2
463
0
63
5
421
255
463
1
63
7
421
16777215
470
LINEAR
1001
ACAD
1010
0
1020
0
1030
0
  0
CIRCLE
  5
c3a
330
1F
100
AcDbEntity
  8
Multi-Layer
100
AcDbCircle
 10
18.923037846075886
 20
-5.06004572009158
 30
0.0
 40
0.5
  0
CIRCLE
  5
c3b
330
1F
100
AcDbEntity
  8
Multi-Layer
100
AcDbCircle
 10
18.923063246126503
 20
-5.059893319786738
 30
0.0
 40
0.8500000000000001
0
HATCH
5
c3c
100
AcDbEntity
8
Multi-Layer
100
AcDbHatch
10
0
20
0
30
0
210
0
220
0
230
1
2
SOLID
70
1
71
0
91
1
92
7
72
1
73
1
93
2
10
18.0730632461265
20
-5.059893319786738
42
1
10
19.773063246126505
20
-5.059893319786738
42
1
97
1
330

75
0
76
1
47
0.8681437583925616
98
1
10
3.629517071192367
20
33.92795499968543
450
0
451
0
460
0
461
0
452
1
462
1
453
2
463
0
63
5
421
255
463
1
63
7
421
16777215
470
LINEAR
1001
ACAD
1010
0
1020
0
1030
0
  0
CIRCLE
  5
c3d
330
1F
100
AcDbEntity
  8
TopSolderMaskLayer
100
AcDbCircle
 10
18.923037846075886
 20
-7.56004572009158
 30
0.0
 40
0.5149412063530009
  0
CIRCLE
  5
c3e
330
1F
100
AcDbEntity
  8
TopSolderMaskLayer
100
AcDbCircle
 10
18.923063246126503
 20
-7.560020320040735
 30
0.0
 40
0.8754000508001016
0
HATCH
5
c3f
100
AcDbEntity
8
TopSolderMaskLayer
100
AcDbHatch
10
0
20
0
30
0
210
0
220
0
230
1
2
SOLID
70
1
71
0
91
1
92
7
72
1
73
1
93
2
10
18.0476631953264
20
-7.560020320040735
42
1
10
19.798463296926606
20
-7.560020320040735
42
1
97
1
330

75
0
76
1
47
0.8681437583925616
98
1
10
3.629517071192367
20
33.92795499968543
450
0
451
0
460
0
461
0
452
1
462
1
453
2
463
0
63
5
421
255
463
1
63
7
421
16777215
470
LINEAR
1001
ACAD
1010
0
1020
0
1030
0
  0
CIRCLE
  5
c40
330
1F
100
AcDbEntity
  8
BottomSolderMaskLayer
100
AcDbCircle
 10
18.923037846075886
 20
-7.56004572009158
 30
0.0
 40
0.5149412063530009
  0
CIRCLE
  5
c41
330
1F
100
AcDbEntity
  8
BottomSolderMaskLayer
100
AcDbCircle
 10
18.923063246126503
 20
-7.560020320040735
 30
0.0
 40
0.8754000508001016
0
HATCH
5
c42
100
AcDbEntity
8
BottomSolderMaskLayer
100
AcDbHatch
10
0
20
0
30
0
210
0
220
0
230
1
2
SOLID
70
1
71
0
91
1
92
7
72
1
73
1
93
2
10
18.0476631953264
20
-7.560020320040735
42
1
10
19.798463296926606
20
-7.560020320040735
42
1
97
1
330

75
0
76
1
47
0.8681437583925616
98
1
10
3.629517071192367
20
33.92795499968543
450
0
451
0
460
0
461
0
452
1
462
1
453
2
463
0
63
5
421
255
463
1
63
7
421
16777215
470
LINEAR
1001
ACAD
1010
0
1020
0
1030
0
  0
CIRCLE
  5
c43
330
1F
100
AcDbEntity
  8
Multi-Layer
100
AcDbCircle
 10
18.923037846075886
 20
-7.56004572009158
 30
0.0
 40
0.5
  0
CIRCLE
  5
c44
330
1F
100
AcDbEntity
  8
Multi-Layer
100
AcDbCircle
 10
18.923063246126503
 20
-7.560020320040735
 30
0.0
 40
0.8500000000000001
0
HATCH
5
c45
100
AcDbEntity
8
Multi-Layer
100
AcDbHatch
10
0
20
0
30
0
210
0
220
0
230
1
2
SOLID
70
1
71
0
91
1
92
7
72
1
73
1
93
2
10
18.0730632461265
20
-7.560020320040735
42
1
10
19.773063246126505
20
-7.560020320040735
42
1
97
1
330

75
0
76
1
47
0.8681437583925616
98
1
10
3.629517071192367
20
33.92795499968543
450
0
451
0
460
0
461
0
452
1
462
1
453
2
463
0
63
5
421
255
463
1
63
7
421
16777215
470
LINEAR
1001
ACAD
1010
0
1020
0
1030
0
0
HATCH
5
5be
100
AcDbEntity
8
BottomSolderMaskLayer
100
AcDbHatch
10
0
20
0
30
0
210
0
220
0
230
1
2
SOLID
70
1
71
0
91
1
92
7
72
0
73
1
93
4
10
-16.535972117105416
20
6.5898385008238165
10
-16.535972117105416
20
7.434994146690769
10
-17.49314924436294
20
7.434994146690769
10
-17.49314924436294
20
6.5898385008238165
97
1
330

75
0
76
1
47
0.4128176842155181
98
1
10
34.90568961886538
20
22.81183545379326
450
0
451
0
460
0
461
0
452
1
462
1
453
2
463
0
63
5
421
255
463
1
63
7
421
16777215
470
LINEAR
1001
ACAD
1010
0
1020
0
1030
0
0
HATCH
5
5c1
100
AcDbEntity
8
BottomPasteMaskLayer
100
AcDbHatch
10
0
20
0
30
0
210
0
220
0
230
1
2
SOLID
70
1
71
0
91
1
92
7
72
0
73
1
93
4
10
-16.56454152908293
20
6.612420624841093
10
-16.56454152908293
20
7.412420624841161
10
-17.464566929133753
20
7.412420624841161
10
-17.464566929133753
20
6.612420624841093
97
1
330

75
0
76
1
47
0.4128176842155181
98
1
10
34.90568961886538
20
22.81183545379326
450
0
451
0
460
0
461
0
452
1
462
1
453
2
463
0
63
5
421
255
463
1
63
7
421
16777215
470
LINEAR
1001
ACAD
1010
0
1020
0
1030
0
0
HATCH
5
5c4
100
AcDbEntity
8
BottomLayer
100
AcDbHatch
10
0
20
0
30
0
210
0
220
0
230
1
2
SOLID
70
1
71
0
91
1
92
7
72
0
73
1
93
4
10
-16.56454152908293
20
6.612420624841093
10
-16.56454152908293
20
7.412420624841161
10
-17.464566929133753
20
7.412420624841161
10
-17.464566929133753
20
6.612420624841093
97
1
330

75
0
76
1
47
0.4128176842155181
98
1
10
34.90568961886538
20
22.81183545379326
450
0
451
0
460
0
461
0
452
1
462
1
453
2
463
0
63
5
421
255
463
1
63
7
421
16777215
470
LINEAR
1001
ACAD
1010
0
1020
0
1030
0
0
HATCH
5
5c7
100
AcDbEntity
8
BottomSolderMaskLayer
100
AcDbHatch
10
0
20
0
30
0
210
0
220
0
230
1
2
SOLID
70
1
71
0
91
1
92
7
72
0
73
1
93
4
10
-16.535972117105416
20
5.189841368213138
10
-16.535972117105416
20
6.034997014079863
10
-17.49314924436294
20
6.034997014079863
10
-17.49314924436294
20
5.189841368213138
97
1
330

75
0
76
1
47
0.4128176842155181
98
1
10
34.90568961886538
20
22.81183545379326
450
0
451
0
460
0
461
0
452
1
462
1
453
2
463
0
63
5
421
255
463
1
63
7
421
16777215
470
LINEAR
1001
ACAD
1010
0
1020
0
1030
0
0
HATCH
5
5ca
100
AcDbEntity
8
BottomPasteMaskLayer
100
AcDbHatch
10
0
20
0
30
0
210
0
220
0
230
1
2
SOLID
70
1
71
0
91
1
92
7
72
0
73
1
93
4
10
-16.56454152908293
20
5.212420624841116
10
-16.56454152908293
20
6.01242062484107
10
-17.464566929133753
20
6.01242062484107
10
-17.464566929133753
20
5.212420624841116
97
1
330

75
0
76
1
47
0.4128176842155181
98
1
10
34.90568961886538
20
22.81183545379326
450
0
451
0
460
0
461
0
452
1
462
1
453
2
463
0
63
5
421
255
463
1
63
7
421
16777215
470
LINEAR
1001
ACAD
1010
0
1020
0
1030
0
0
HATCH
5
5cd
100
AcDbEntity
8
BottomLayer
100
AcDbHatch
10
0
20
0
30
0
210
0
220
0
230
1
2
SOLID
70
1
71
0
91
1
92
7
72
0
73
1
93
4
10
-16.56454152908293
20
5.212420624841116
10
-16.56454152908293
20
6.01242062484107
10
-17.464566929133753
20
6.01242062484107
10
-17.464566929133753
20
5.212420624841116
97
1
330

75
0
76
1
47
0.4128176842155181
98
1
10
34.90568961886538
20
22.81183545379326
450
0
451
0
460
0
461
0
452
1
462
1
453
2
463
0
63
5
421
255
463
1
63
7
421
16777215
470
LINEAR
1001
ACAD
1010
0
1020
0
1030
0
0
HATCH
5
5d0
100
AcDbEntity
8
BottomSolderMaskLayer
100
AcDbHatch
10
0
20
0
30
0
210
0
220
0
230
1
2
SOLID
70
1
71
0
91
1
92
7
72
0
73
1
93
4
10
-7.206128670321732
20
2.097989140064101
10
-7.206128670321732
20
1.2528334941973753
10
-6.248951543064322
20
1.2528334941973753
10
-6.248951543064322
20
2.097989140064101
97
1
330

75
0
76
1
47
0.4128176842155181
98
1
10
34.90568961886538
20
22.81183545379326
450
0
451
0
460
0
461
0
452
1
462
1
453
2
463
0
63
5
421
255
463
1
63
7
421
16777215
470
LINEAR
1001
ACAD
1010
0
1020
0
1030
0
0
HATCH
5
5d3
100
AcDbEntity
8
BottomPasteMaskLayer
100
AcDbHatch
10
0
20
0
30
0
210
0
220
0
230
1
2
SOLID
70
1
71
0
91
1
92
7
72
0
73
1
93
4
10
-7.177546355092545
20
2.0754127508253077
10
-7.177546355092545
20
1.275412750825467
10
-6.277520955041837
20
1.275412750825467
10
-6.277520955041837
20
2.0754127508253077
97
1
330

75
0
76
1
47
0.4128176842155181
98
1
10
34.90568961886538
20
22.81183545379326
450
0
451
0
460
0
461
0
452
1
462
1
453
2
463
0
63
5
421
255
463
1
63
7
421
16777215
470
LINEAR
1001
ACAD
1010
0
1020
0
1030
0
0
HATCH
5
5d6
100
AcDbEntity
8
BottomLayer
100
AcDbHatch
10
0
20
0
30
0
210
0
220
0
230
1
2
SOLID
70
1
71
0
91
1
92
7
72
0
73
1
93
4
10
-7.177546355092545
20
2.0754127508253077
10
-7.177546355092545
20
1.275412750825467
10
-6.277520955041837
20
1.275412750825467
10
-6.277520955041837
20
2.0754127508253077
97
1
330

75
0
76
1
47
0.4128176842155181
98
1
10
34.90568961886538
20
22.81183545379326
450
0
451
0
460
0
461
0
452
1
462
1
453
2
463
0
63
5
421
255
463
1
63
7
421
16777215
470
LINEAR
1001
ACAD
1010
0
1020
0
1030
0
0
HATCH
5
5d9
100
AcDbEntity
8
BottomSolderMaskLayer
100
AcDbHatch
10
0
20
0
30
0
210
0
220
0
230
1
2
SOLID
70
1
71
0
91
1
92
7
72
0
73
1
93
4
10
-7.206128670321732
20
3.497986272675007
10
-7.206128670321732
20
2.652830626808054
10
-6.248951543064322
20
2.652830626808054
10
-6.248951543064322
20
3.497986272675007
97
1
330

75
0
76
1
47
0.4128176842155181
98
1
10
34.90568961886538
20
22.81183545379326
450
0
451
0
460
0
461
0
452
1
462
1
453
2
463
0
63
5
421
255
463
1
63
7
421
16777215
470
LINEAR
1001
ACAD
1010
0
1020
0
1030
0
0
HATCH
5
5dc
100
AcDbEntity
8
BottomPasteMaskLayer
100
AcDbHatch
10
0
20
0
30
0
210
0
220
0
230
1
2
SOLID
70
1
71
0
91
1
92
7
72
0
73
1
93
4
10
-7.177546355092545
20
3.4754127508253987
10
-7.177546355092545
20
2.6754127508253305
10
-6.277520955041837
20
2.6754127508253305
10
-6.277520955041837
20
3.4754127508253987
97
1
330

75
0
76
1
47
0.4128176842155181
98
1
10
34.90568961886538
20
22.81183545379326
450
0
451
0
460
0
461
0
452
1
462
1
453
2
463
0
63
5
421
255
463
1
63
7
421
16777215
470
LINEAR
1001
ACAD
1010
0
1020
0
1030
0
0
HATCH
5
5df
100
AcDbEntity
8
BottomLayer
100
AcDbHatch
10
0
20
0
30
0
210
0
220
0
230
1
2
SOLID
70
1
71
0
91
1
92
7
72
0
73
1
93
4
10
-7.177546355092545
20
3.4754127508253987
10
-7.177546355092545
20
2.6754127508253305
10
-6.277520955041837
20
2.6754127508253305
10
-6.277520955041837
20
3.4754127508253987
97
1
330

75
0
76
1
47
0.4128176842155181
98
1
10
34.90568961886538
20
22.81183545379326
450
0
451
0
460
0
461
0
452
1
462
1
453
2
463
0
63
5
421
255
463
1
63
7
421
16777215
470
LINEAR
1001
ACAD
1010
0
1020
0
1030
0
0
HATCH
5
5e2
100
AcDbEntity
8
BottomSolderMaskLayer
100
AcDbHatch
10
0
20
0
30
0
210
0
220
0
230
1
2
SOLID
70
1
71
0
91
1
92
7
72
0
73
1
93
4
10
-4.408998876062242
20
4.17674067677865
10
-4.408998876062242
20
5.021896322645603
10
-5.3661760033196515
20
5.021896322645603
10
-5.3661760033196515
20
4.17674067677865
97
1
330

75
0
76
1
47
0.4128176842155181
98
1
10
34.90568961886538
20
22.81183545379326
450
0
451
0
460
0
461
0
452
1
462
1
453
2
463
0
63
5
421
255
463
1
63
7
421
16777215
470
LINEAR
1001
ACAD
1010
0
1020
0
1030
0
0
HATCH
5
5e5
100
AcDbEntity
8
BottomPasteMaskLayer
100
AcDbHatch
10
0
20
0
30
0
210
0
220
0
230
1
2
SOLID
70
1
71
0
91
1
92
7
72
0
73
1
93
4
10
-4.437566675133212
20
4.199314198628258
10
-4.437566675133212
20
4.999314198628326
10
-5.337592075184148
20
4.999314198628326
10
-5.337592075184148
20
4.199314198628258
97
1
330

75
0
76
1
47
0.4128176842155181
98
1
10
34.90568961886538
20
22.81183545379326
450
0
451
0
460
0
461
0
452
1
462
1
453
2
463
0
63
5
421
255
463
1
63
7
421
16777215
470
LINEAR
1001
ACAD
1010
0
1020
0
1030
0
0
HATCH
5
5e8
100
AcDbEntity
8
BottomLayer
100
AcDbHatch
10
0
20
0
30
0
210
0
220
0
230
1
2
SOLID
70
1
71
0
91
1
92
7
72
0
73
1
93
4
10
-4.437566675133212
20
4.199314198628258
10
-4.437566675133212
20
4.999314198628326
10
-5.337592075184148
20
4.999314198628326
10
-5.337592075184148
20
4.199314198628258
97
1
330

75
0
76
1
47
0.4128176842155181
98
1
10
34.90568961886538
20
22.81183545379326
450
0
451
0
460
0
461
0
452
1
462
1
453
2
463
0
63
5
421
255
463
1
63
7
421
16777215
470
LINEAR
1001
ACAD
1010
0
1020
0
1030
0
0
HATCH
5
5eb
100
AcDbEntity
8
BottomSolderMaskLayer
100
AcDbHatch
10
0
20
0
30
0
210
0
220
0
230
1
2
SOLID
70
1
71
0
91
1
92
7
72
0
73
1
93
4
10
-4.408998876062242
20
2.776743544167971
10
-4.408998876062242
20
3.62189919003481
10
-5.3661760033196515
20
3.62189919003481
10
-5.3661760033196515
20
2.776743544167971
97
1
330

75
0
76
1
47
0.4128176842155181
98
1
10
34.90568961886538
20
22.81183545379326
450
0
451
0
460
0
461
0
452
1
462
1
453
2
463
0
63
5
421
255
463
1
63
7
421
16777215
470
LINEAR
1001
ACAD
1010
0
1020
0
1030
0
0
HATCH
5
5ee
100
AcDbEntity
8
BottomPasteMaskLayer
100
AcDbHatch
10
0
20
0
30
0
210
0
220
0
230
1
2
SOLID
70
1
71
0
91
1
92
7
72
0
73
1
93
4
10
-4.437566675133212
20
2.7993141986283945
10
-4.437566675133212
20
3.5993141986282353
10
-5.337592075184148
20
3.5993141986282353
10
-5.337592075184148
20
2.7993141986283945
97
1
330

75
0
76
1
47
0.4128176842155181
98
1
10
34.90568961886538
20
22.81183545379326
450
0
451
0
460
0
461
0
452
1
462
1
453
2
463
0
63
5
421
255
463
1
63
7
421
16777215
470
LINEAR
1001
ACAD
1010
0
1020
0
1030
0
0
HATCH
5
5f1
100
AcDbEntity
8
BottomLayer
100
AcDbHatch
10
0
20
0
30
0
210
0
220
0
230
1
2
SOLID
70
1
71
0
91
1
92
7
72
0
73
1
93
4
10
-4.437566675133212
20
2.7993141986283945
10
-4.437566675133212
20
3.5993141986282353
10
-5.337592075184148
20
3.5993141986282353
10
-5.337592075184148
20
2.7993141986283945
97
1
330

75
0
76
1
47
0.4128176842155181
98
1
10
34.90568961886538
20
22.81183545379326
450
0
451
0
460
0
461
0
452
1
462
1
453
2
463
0
63
5
421
255
463
1
63
7
421
16777215
470
LINEAR
1001
ACAD
1010
0
1020
0
1030
0
0
HATCH
5
5f4
100
AcDbEntity
8
BottomSolderMaskLayer
100
AcDbHatch
10
0
20
0
30
0
210
0
220
0
230
1
2
SOLID
70
1
71
0
91
1
92
7
72
0
73
1
93
4
10
-8.857131972328261
20
2.097989140064101
10
-8.857131972328261
20
1.2528334941973753
10
-7.899954845070852
20
1.2528334941973753
10
-7.899954845070852
20
2.097989140064101
97
1
330

75
0
76
1
47
0.4128176842155181
98
1
10
34.90568961886538
20
22.81183545379326
450
0
451
0
460
0
461
0
452
1
462
1
453
2
463
0
63
5
421
255
463
1
63
7
421
16777215
470
LINEAR
1001
ACAD
1010
0
1020
0
1030
0
0
HATCH
5
5f7
100
AcDbEntity
8
BottomPasteMaskLayer
100
AcDbHatch
10
0
20
0
30
0
210
0
220
0
230
1
2
SOLID
70
1
71
0
91
1
92
7
72
0
73
1
93
4
10
-8.828549657099302
20
2.0754127508253077
10
-8.828549657099302
20
1.275412750825467
10
-7.928524257048366
20
1.275412750825467
10
-7.928524257048366
20
2.0754127508253077
97
1
330

75
0
76
1
47
0.4128176842155181
98
1
10
34.90568961886538
20
22.81183545379326
450
0
451
0
460
0
461
0
452
1
462
1
453
2
463
0
63
5
421
255
463
1
63
7
421
16777215
470
LINEAR
1001
ACAD
1010
0
1020
0
1030
0
0
HATCH
5
5fa
100
AcDbEntity
8
BottomLayer
100
AcDbHatch
10
0
20
0
30
0
210
0
220
0
230
1
2
SOLID
70
1
71
0
91
1
92
7
72
0
73
1
93
4
10
-8.828549657099302
20
2.0754127508253077
10
-8.828549657099302
20
1.275412750825467
10
-7.928524257048366
20
1.275412750825467
10
-7.928524257048366
20
2.0754127508253077
97
1
330

75
0
76
1
47
0.4128176842155181
98
1
10
34.90568961886538
20
22.81183545379326
450
0
451
0
460
0
461
0
452
1
462
1
453
2
463
0
63
5
421
255
463
1
63
7
421
16777215
470
LINEAR
1001
ACAD
1010
0
1020
0
1030
0
0
HATCH
5
5fd
100
AcDbEntity
8
BottomSolderMaskLayer
100
AcDbHatch
10
0
20
0
30
0
210
0
220
0
230
1
2
SOLID
70
1
71
0
91
1
92
7
72
0
73
1
93
4
10
-8.857131972328261
20
3.497986272675007
10
-8.857131972328261
20
2.652830626808054
10
-7.899954845070852
20
2.652830626808054
10
-7.899954845070852
20
3.497986272675007
97
1
330

75
0
76
1
47
0.4128176842155181
98
1
10
34.90568961886538
20
22.81183545379326
450
0
451
0
460
0
461
0
452
1
462
1
453
2
463
0
63
5
421
255
463
1
63
7
421
16777215
470
LINEAR
1001
ACAD
1010
0
1020
0
1030
0
0
HATCH
5
600
100
AcDbEntity
8
BottomPasteMaskLayer
100
AcDbHatch
10
0
20
0
30
0
210
0
220
0
230
1
2
SOLID
70
1
71
0
91
1
92
7
72
0
73
1
93
4
10
-8.828549657099302
20
3.4754127508253987
10
-8.828549657099302
20
2.6754127508253305
10
-7.928524257048366
20
2.6754127508253305
10
-7.928524257048366
20
3.4754127508253987
97
1
330

75
0
76
1
47
0.4128176842155181
98
1
10
34.90568961886538
20
22.81183545379326
450
0
451
0
460
0
461
0
452
1
462
1
453
2
463
0
63
5
421
255
463
1
63
7
421
16777215
470
LINEAR
1001
ACAD
1010
0
1020
0
1030
0
0
HATCH
5
603
100
AcDbEntity
8
BottomLayer
100
AcDbHatch
10
0
20
0
30
0
210
0
220
0
230
1
2
SOLID
70
1
71
0
91
1
92
7
72
0
73
1
93
4
10
-8.828549657099302
20
3.4754127508253987
10
-8.828549657099302
20
2.6754127508253305
10
-7.928524257048366
20
2.6754127508253305
10
-7.928524257048366
20
3.4754127508253987
97
1
330

75
0
76
1
47
0.4128176842155181
98
1
10
34.90568961886538
20
22.81183545379326
450
0
451
0
460
0
461
0
452
1
462
1
453
2
463
0
63
5
421
255
463
1
63
7
421
16777215
470
LINEAR
1001
ACAD
1010
0
1020
0
1030
0
0
HATCH
5
606
100
AcDbEntity
8
BottomSolderMaskLayer
100
AcDbHatch
10
0
20
0
30
0
210
0
220
0
230
1
2
SOLID
70
1
71
0
91
1
92
7
72
0
73
1
93
4
10
-8.768938318521805
20
10.426823743969976
10
-8.768938318521805
20
8.376023642369773
10
-6.7181382169214885
20
8.376023642369773
10
-6.7181382169214885
20
10.426823743969976
97
1
330

75
0
76
1
47
0.4128176842155181
98
1
10
34.90568961886538
20
22.81183545379326
450
0
451
0
460
0
461
0
452
1
462
1
453
2
463
0
63
5
421
255
463
1
63
7
421
16777215
470
LINEAR
1001
ACAD
1010
0
1020
0
1030
0
0
HATCH
5
609
100
AcDbEntity
8
BottomPasteMaskLayer
100
AcDbHatch
10
0
20
0
30
0
210
0
220
0
230
1
2
SOLID
70
1
71
0
91
1
92
7
72
0
73
1
93
4
10
-8.743535687071244
20
10.401422402844673
10
-8.743535687071244
20
8.401422402844787
10
-6.743535687071244
20
8.401422402844787
10
-6.743535687071244
20
10.401422402844673
97
1
330

75
0
76
1
47
0.4128176842155181
98
1
10
34.90568961886538
20
22.81183545379326
450
0
451
0
460
0
461
0
452
1
462
1
453
2
463
0
63
5
421
255
463
1
63
7
421
16777215
470
LINEAR
1001
ACAD
1010
0
1020
0
1030
0
0
HATCH
5
60c
100
AcDbEntity
8
BottomLayer
100
AcDbHatch
10
0
20
0
30
0
210
0
220
0
230
1
2
SOLID
70
1
71
0
91
1
92
7
72
0
73
1
93
4
10
-8.743535687071244
20
10.401422402844673
10
-8.743535687071244
20
8.401422402844787
10
-6.743535687071244
20
8.401422402844787
10
-6.743535687071244
20
10.401422402844673
97
1
330

75
0
76
1
47
0.4128176842155181
98
1
10
34.90568961886538
20
22.81183545379326
450
0
451
0
460
0
461
0
452
1
462
1
453
2
463
0
63
5
421
255
463
1
63
7
421
16777215
470
LINEAR
1001
ACAD
1010
0
1020
0
1030
0
0
HATCH
5
60f
100
AcDbEntity
8
BottomSolderMaskLayer
100
AcDbHatch
10
0
20
0
30
0
210
0
220
0
230
1
2
SOLID
70
1
71
0
91
1
92
7
72
0
73
1
93
4
10
-8.768938318521805
20
6.026825034295143
10
-8.768938318521805
20
3.9760249326950543
10
-6.7181382169214885
20
3.9760249326950543
10
-6.7181382169214885
20
6.026825034295143
97
1
330

75
0
76
1
47
0.4128176842155181
98
1
10
34.90568961886538
20
22.81183545379326
450
0
451
0
460
0
461
0
452
1
462
1
453
2
463
0
63
5
421
255
463
1
63
7
421
16777215
470
LINEAR
1001
ACAD
1010
0
1020
0
1030
0
0
HATCH
5
612
100
AcDbEntity
8
BottomPasteMaskLayer
100
AcDbHatch
10
0
20
0
30
0
210
0
220
0
230
1
2
SOLID
70
1
71
0
91
1
92
7
72
0
73
1
93
4
10
-8.743535687071244
20
6.001422402844696
10
-8.743535687071244
20
4.00142240284481
10
-6.743535687071244
20
4.00142240284481
10
-6.743535687071244
20
6.001422402844696
97
1
330

75
0
76
1
47
0.4128176842155181
98
1
10
34.90568961886538
20
22.81183545379326
450
0
451
0
460
0
461
0
452
1
462
1
453
2
463
0
63
5
421
255
463
1
63
7
421
16777215
470
LINEAR
1001
ACAD
1010
0
1020
0
1030
0
0
HATCH
5
615
100
AcDbEntity
8
BottomLayer
100
AcDbHatch
10
0
20
0
30
0
210
0
220
0
230
1
2
SOLID
70
1
71
0
91
1
92
7
72
0
73
1
93
4
10
-8.743535687071244
20
6.001422402844696
10
-8.743535687071244
20
4.00142240284481
10
-6.743535687071244
20
4.00142240284481
10
-6.743535687071244
20
6.001422402844696
97
1
330

75
0
76
1
47
0.4128176842155181
98
1
10
34.90568961886538
20
22.81183545379326
450
0
451
0
460
0
461
0
452
1
462
1
453
2
463
0
63
5
421
255
463
1
63
7
421
16777215
470
LINEAR
1001
ACAD
1010
0
1020
0
1030
0
0
HATCH
5
618
100
AcDbEntity
8
BottomSolderMaskLayer
100
AcDbHatch
10
0
20
0
30
0
210
0
220
0
230
1
2
SOLID
70
1
71
0
91
1
92
7
72
0
73
1
93
4
10
-5.415976631953072
20
1.8258907162974083
10
-5.415976631953072
20
0.9750906146972511
10
-4.565176530353028
20
0.9750906146972511
10
-4.565176530353028
20
1.8258907162974083
97
1
330

75
0
76
1
47
0.4128176842155181
98
1
10
34.90568961886538
20
22.81183545379326
450
0
451
0
460
0
461
0
452
1
462
1
453
2
463
0
63
5
421
255
463
1
63
7
421
16777215
470
LINEAR
1001
ACAD
1010
0
1020
0
1030
0
0
HATCH
5
61b
100
AcDbEntity
8
BottomPasteMaskLayer
100
AcDbHatch
10
0
20
0
30
0
210
0
220
0
230
1
2
SOLID
70
1
71
0
91
1
92
7
72
0
73
1
93
4
10
-5.390576581153027
20
1.800482600965097
10
-5.390576581153027
20
1.0004826009650287
10
-4.590576581153073
20
1.0004826009650287
10
-4.590576581153073
20
1.800482600965097
97
1
330

75
0
76
1
47
0.4128176842155181
98
1
10
34.90568961886538
20
22.81183545379326
450
0
451
0
460
0
461
0
452
1
462
1
453
2
463
0
63
5
421
255
463
1
63
7
421
16777215
470
LINEAR
1001
ACAD
1010
0
1020
0
1030
0
0
HATCH
5
61e
100
AcDbEntity
8
BottomLayer
100
AcDbHatch
10
0
20
0
30
0
210
0
220
0
230
1
2
SOLID
70
1
71
0
91
1
92
7
72
0
73
1
93
4
10
-5.390576581153027
20
1.800482600965097
10
-5.390576581153027
20
1.0004826009650287
10
-4.590576581153073
20
1.0004826009650287
10
-4.590576581153073
20
1.800482600965097
97
1
330

75
0
76
1
47
0.4128176842155181
98
1
10
34.90568961886538
20
22.81183545379326
450
0
451
0
460
0
461
0
452
1
462
1
453
2
463
0
63
5
421
255
463
1
63
7
421
16777215
470
LINEAR
1001
ACAD
1010
0
1020
0
1030
0
0
HATCH
5
621
100
AcDbEntity
8
BottomSolderMaskLayer
100
AcDbHatch
10
0
20
0
30
0
210
0
220
0
230
1
2
SOLID
70
1
71
0
91
1
92
7
72
0
73
1
93
4
10
-3.816962395215114
20
1.8188706248380413
10
-3.816962395215114
20
0.9680705232376567
10
-2.9661622936148433
20
0.9680705232376567
10
-2.9661622936148433
20
1.8188706248380413
97
1
330

75
0
76
1
47
0.4128176842155181
98
1
10
34.90568961886538
20
22.81183545379326
450
0
451
0
460
0
461
0
452
1
462
1
453
2
463
0
63
5
421
255
463
1
63
7
421
16777215
470
LINEAR
1001
ACAD
1010
0
1020
0
1030
0
0
HATCH
5
624
100
AcDbEntity
8
BottomPasteMaskLayer
100
AcDbHatch
10
0
20
0
30
0
210
0
220
0
230
1
2
SOLID
70
1
71
0
91
1
92
7
72
0
73
1
93
4
10
-3.791567183134248
20
1.7934721869443138
10
-3.791567183134248
20
0.9934721869442455
10
-2.9915671831342934
20
0.9934721869442455
10
-2.9915671831342934
20
1.7934721869443138
97
1
330

75
0
76
1
47
0.4128176842155181
98
1
10
34.90568961886538
20
22.81183545379326
450
0
451
0
460
0
461
0
452
1
462
1
453
2
463
0
63
5
421
255
463
1
63
7
421
16777215
470
LINEAR
1001
ACAD
1010
0
1020
0
1030
0
0
HATCH
5
627
100
AcDbEntity
8
BottomLayer
100
AcDbHatch
10
0
20
0
30
0
210
0
220
0
230
1
2
SOLID
70
1
71
0
91
1
92
7
72
0
73
1
93
4
10
-3.791567183134248
20
1.7934721869443138
10
-3.791567183134248
20
0.9934721869442455
10
-2.9915671831342934
20
0.9934721869442455
10
-2.9915671831342934
20
1.7934721869443138
97
1
330

75
0
76
1
47
0.4128176842155181
98
1
10
34.90568961886538
20
22.81183545379326
450
0
451
0
460
0
461
0
452
1
462
1
453
2
463
0
63
5
421
255
463
1
63
7
421
16777215
470
LINEAR
1001
ACAD
1010
0
1020
0
1030
0
0
HATCH
5
62a
100
AcDbEntity
8
BottomSolderMaskLayer
100
AcDbHatch
10
0
20
0
30
0
210
0
220
0
230
1
2
SOLID
70
1
71
0
91
1
92
7
72
0
73
1
93
4
10
-10.838862593848944
20
7.842007075719039
10
-9.538076224523593
20
7.842007075719039
10
-9.538076224523593
20
8.592834420691815
10
-10.838862593848944
20
8.592834420691815
97
1
330

75
0
76
1
47
0.4128176842155181
98
1
10
34.90568961886538
20
22.81183545379326
450
0
451
0
460
0
461
0
452
1
462
1
453
2
463
0
63
5
421
255
463
1
63
7
421
16777215
470
LINEAR
1001
ACAD
1010
0
1020
0
1030
0
0
HATCH
5
62d
100
AcDbEntity
8
BottomPasteMaskLayer
100
AcDbHatch
10
0
20
0
30
0
210
0
220
0
230
1
2
SOLID
70
1
71
0
91
1
92
7
72
0
73
1
93
4
10
-10.813462026924071
20
7.867411734823349
10
-9.56347472694938
20
7.867411734823349
10
-9.56347472694938
20
8.56743713487424
10
-10.813462026924071
20
8.56743713487424
97
1
330

75
0
76
1
47
0.4128176842155181
98
1
10
34.90568961886538
20
22.81183545379326
450
0
451
0
460
0
461
0
452
1
462
1
453
2
463
0
63
5
421
255
463
1
63
7
421
16777215
470
LINEAR
1001
ACAD
1010
0
1020
0
1030
0
0
HATCH
5
630
100
AcDbEntity
8
BottomLayer
100
AcDbHatch
10
0
20
0
30
0
210
0
220
0
230
1
2
SOLID
70
1
71
0
91
1
92
7
72
0
73
1
93
4
10
-10.813462026924071
20
7.867411734823349
10
-9.56347472694938
20
7.867411734823349
10
-9.56347472694938
20
8.56743713487424
10
-10.813462026924071
20
8.56743713487424
97
1
330

75
0
76
1
47
0.4128176842155181
98
1
10
34.90568961886538
20
22.81183545379326
450
0
451
0
460
0
461
0
452
1
462
1
453
2
463
0
63
5
421
255
463
1
63
7
421
16777215
470
LINEAR
1001
ACAD
1010
0
1020
0
1030
0
0
HATCH
5
633
100
AcDbEntity
8
BottomSolderMaskLayer
100
AcDbHatch
10
0
20
0
30
0
210
0
220
0
230
1
2
SOLID
70
1
71
0
91
1
92
7
72
0
73
1
93
4
10
-10.838862593848944
20
5.942110519244011
10
-9.538076224523593
20
5.942110519244011
10
-9.538076224523593
20
6.692910620844145
10
-10.838862593848944
20
6.692910620844145
97
1
330

75
0
76
1
47
0.4128176842155181
98
1
10
34.90568961886538
20
22.81183545379326
450
0
451
0
460
0
461
0
452
1
462
1
453
2
463
0
63
5
421
255
463
1
63
7
421
16777215
470
LINEAR
1001
ACAD
1010
0
1020
0
1030
0
0
HATCH
5
636
100
AcDbEntity
8
BottomPasteMaskLayer
100
AcDbHatch
10
0
20
0
30
0
210
0
220
0
230
1
2
SOLID
70
1
71
0
91
1
92
7
72
0
73
1
93
4
10
-10.813462026924071
20
5.967513335026638
10
-9.56347472694938
20
5.967513335026638
10
-9.56347472694938
20
6.66751333502657
10
-10.813462026924071
20
6.66751333502657
97
1
330

75
0
76
1
47
0.4128176842155181
98
1
10
34.90568961886538
20
22.81183545379326
450
0
451
0
460
0
461
0
452
1
462
1
453
2
463
0
63
5
421
255
463
1
63
7
421
16777215
470
LINEAR
1001
ACAD
1010
0
1020
0
1030
0
0
HATCH
5
639
100
AcDbEntity
8
BottomLayer
100
AcDbHatch
10
0
20
0
30
0
210
0
220
0
230
1
2
SOLID
70
1
71
0
91
1
92
7
72
0
73
1
93
4
10
-10.813462026924071
20
5.967513335026638
10
-9.56347472694938
20
5.967513335026638
10
-9.56347472694938
20
6.66751333502657
10
-10.813462026924071
20
6.66751333502657
97
1
330

75
0
76
1
47
0.4128176842155181
98
1
10
34.90568961886538
20
22.81183545379326
450
0
451
0
460
0
461
0
452
1
462
1
453
2
463
0
63
5
421
255
463
1
63
7
421
16777215
470
LINEAR
1001
ACAD
1010
0
1020
0
1030
0
0
HATCH
5
63c
100
AcDbEntity
8
BottomSolderMaskLayer
100
AcDbHatch
10
0
20
0
30
0
210
0
220
0
230
1
2
SOLID
70
1
71
0
91
1
92
7
72
0
73
1
93
4
10
-12.83886259384883
20
6.892072419167789
10
-11.538076224523707
20
6.892072419167789
10
-11.538076224523707
20
7.642872520767924
10
-12.83886259384883
20
7.642872520767924
97
1
330

75
0
76
1
47
0.4128176842155181
98
1
10
34.90568961886538
20
22.81183545379326
450
0
451
0
460
0
461
0
452
1
462
1
453
2
463
0
63
5
421
255
463
1
63
7
421
16777215
470
LINEAR
1001
ACAD
1010
0
1020
0
1030
0
0
HATCH
5
63f
100
AcDbEntity
8
BottomPasteMaskLayer
100
AcDbHatch
10
0
20
0
30
0
210
0
220
0
230
1
2
SOLID
70
1
71
0
91
1
92
7
72
0
73
1
93
4
10
-12.813462026923958
20
6.917475234950302
10
-11.56347472694938
20
6.917475234950302
10
-11.56347472694938
20
7.617475234950348
10
-12.813462026923958
20
7.617475234950348
97
1
330

75
0
76
1
47
0.4128176842155181
98
1
10
34.90568961886538
20
22.81183545379326
450
0
451
0
460
0
461
0
452
1
462
1
453
2
463
0
63
5
421
255
463
1
63
7
421
16777215
470
LINEAR
1001
ACAD
1010
0
1020
0
1030
0
0
HATCH
5
642
100
AcDbEntity
8
BottomLayer
100
AcDbHatch
10
0
20
0
30
0
210
0
220
0
230
1
2
SOLID
70
1
71
0
91
1
92
7
72
0
73
1
93
4
10
-12.813462026923958
20
6.917475234950302
10
-11.56347472694938
20
6.917475234950302
10
-11.56347472694938
20
7.617475234950348
10
-12.813462026923958
20
7.617475234950348
97
1
330

75
0
76
1
47
0.4128176842155181
98
1
10
34.90568961886538
20
22.81183545379326
450
0
451
0
460
0
461
0
452
1
462
1
453
2
463
0
63
5
421
255
463
1
63
7
421
16777215
470
LINEAR
1001
ACAD
1010
0
1020
0
1030
0
0
HATCH
5
645
100
AcDbEntity
8
BottomSolderMaskLayer
100
AcDbHatch
10
0
20
0
30
0
210
0
220
0
230
1
2
SOLID
70
1
71
0
91
1
92
7
72
0
73
1
93
4
10
-14.403934607944734
20
8.92882607082231
10
-14.403934607944734
20
8.014017841205828
10
-13.546657493390512
20
8.014017841205828
10
-13.546657493390512
20
8.92882607082231
97
1
330

75
0
76
1
47
0.4128176842155181
98
1
10
34.90568961886538
20
22.81183545379326
450
0
451
0
460
0
461
0
452
1
462
1
453
2
463
0
63
5
421
255
463
1
63
7
421
16777215
470
LINEAR
1001
ACAD
1010
0
1020
0
1030
0
0
HATCH
5
648
100
AcDbEntity
8
BottomLayer
100
AcDbHatch
10
0
20
0
30
0
210
0
220
0
230
1
2
SOLID
70
1
71
0
91
1
92
7
72
0
73
1
93
4
10
-14.378536957073834
20
8.903429006857891
10
-14.378536957073834
20
8.03942087884161
10
-13.572059944119815
20
8.03942087884161
10
-13.572059944119815
20
8.903429006857891
97
1
330

75
0
76
1
47
0.4128176842155181
98
1
10
34.90568961886538
20
22.81183545379326
450
0
451
0
460
0
461
0
452
1
462
1
453
2
463
0
63
5
421
255
463
1
63
7
421
16777215
470
LINEAR
1001
ACAD
1010
0
1020
0
1030
0
0
HATCH
5
64b
100
AcDbEntity
8
BottomSolderMaskLayer
100
AcDbHatch
10
0
20
0
30
0
210
0
220
0
230
1
2
SOLID
70
1
71
0
91
1
92
7
72
0
73
1
93
4
10
-15.053161506348033
20
8.92882607082231
10
-15.053161506348033
20
8.014017841205828
10
-15.910438620902255
20
8.014017841205828
10
-15.910438620902255
20
8.92882607082231
97
1
330

75
0
76
1
47
0.4128176842155181
98
1
10
34.90568961886538
20
22.81183545379326
450
0
451
0
460
0
461
0
452
1
462
1
453
2
463
0
63
5
421
255
463
1
63
7
421
16777215
470
LINEAR
1001
ACAD
1010
0
1020
0
1030
0
0
HATCH
5
64e
100
AcDbEntity
8
BottomLayer
100
AcDbHatch
10
0
20
0
30
0
210
0
220
0
230
1
2
SOLID
70
1
71
0
91
1
92
7
72
0
73
1
93
4
10
-15.07856235712461
20
8.903429006857891
10
-15.07856235712461
20
8.03942087884161
10
-15.88503937007863
20
8.03942087884161
10
-15.88503937007863
20
8.903429006857891
97
1
330

75
0
76
1
47
0.4128176842155181
98
1
10
34.90568961886538
20
22.81183545379326
450
0
451
0
460
0
461
0
452
1
462
1
453
2
463
0
63
5
421
255
463
1
63
7
421
16777215
470
LINEAR
1001
ACAD
1010
0
1020
0
1030
0
0
HATCH
5
651
100
AcDbEntity
8
BottomSolderMaskLayer
100
AcDbHatch
10
0
20
0
30
0
210
0
220
0
230
1
2
SOLID
70
1
71
0
91
1
92
7
72
0
73
1
93
4
10
-3.7577492582277046
20
4.225724970734973
10
-2.8393171355016875
20
4.225724970734973
10
-2.8393171355016875
20
5.07961949385799
10
-3.7577492582277046
20
5.07961949385799
97
1
330

75
0
76
1
47
0.4128176842155181
98
1
10
34.90568961886538
20
22.81183545379326
450
0
451
0
460
0
461
0
452
1
462
1
453
2
463
0
63
5
421
255
463
1
63
7
421
16777215
470
LINEAR
1001
ACAD
1010
0
1020
0
1030
0
0
HATCH
5
654
100
AcDbEntity
8
BottomLayer
100
AcDbHatch
10
0
20
0
30
0
210
0
220
0
230
1
2
SOLID
70
1
71
0
91
1
92
7
72
0
73
1
93
4
10
-3.730530861061652
20
4.249428498856901
10
-2.8665227330454854
20
4.249428498856901
10
-2.8665227330454854
20
5.05590551181092
10
-3.730530861061652
20
5.05590551181092
97
1
330

75
0
76
1
47
0.4128176842155181
98
1
10
34.90568961886538
20
22.81183545379326
450
0
451
0
460
0
461
0
452
1
462
1
453
2
463
0
63
5
421
255
463
1
63
7
421
16777215
470
LINEAR
1001
ACAD
1010
0
1020
0
1030
0
0
HATCH
5
657
100
AcDbEntity
8
BottomSolderMaskLayer
100
AcDbHatch
10
0
20
0
30
0
210
0
220
0
230
1
2
SOLID
70
1
71
0
91
1
92
7
72
0
73
1
93
4
10
-3.7577492582277046
20
3.5731155874351543
10
-2.8393171355016875
20
3.5731155874351543
10
-2.8393171355016875
20
2.719221064312137
10
-3.7577492582277046
20
2.719221064312137
97
1
330

75
0
76
1
47
0.4128176842155181
98
1
10
34.90568961886538
20
22.81183545379326
450
0
451
0
460
0
461
0
452
1
462
1
453
2
463
0
63
5
421
255
463
1
63
7
421
16777215
470
LINEAR
1001
ACAD
1010
0
1020
0
1030
0
0
HATCH
5
65a
100
AcDbEntity
8
BottomLayer
100
AcDbHatch
10
0
20
0
30
0
210
0
220
0
230
1
2
SOLID
70
1
71
0
91
1
92
7
72
0
73
1
93
4
10
-3.730530861061652
20
3.549403098806124
10
-2.8665227330454854
20
3.549403098806124
10
-2.8665227330454854
20
2.7429260858521047
10
-3.730530861061652
20
2.7429260858521047
97
1
330

75
0
76
1
47
0.4128176842155181
98
1
10
34.90568961886538
20
22.81183545379326
450
0
451
0
460
0
461
0
452
1
462
1
453
2
463
0
63
5
421
255
463
1
63
7
421
16777215
470
LINEAR
1001
ACAD
1010
0
1020
0
1030
0
0
HATCH
5
65d
100
AcDbEntity
8
BottomSolderMaskLayer
100
AcDbHatch
10
0
20
0
30
0
210
0
220
0
230
1
2
SOLID
70
1
71
0
91
1
92
7
72
0
73
1
93
4
10
-10.860809795088699
20
2.0138465311410982
10
-10.18770844888627
20
2.0138465311410982
10
-10.18770844888627
20
0.8581442197365732
10
-10.860809795088699
20
0.8581442197365732
97
1
330

75
0
76
1
47
0.4128176842155181
98
1
10
34.90568961886538
20
22.81183545379326
450
0
451
0
460
0
461
0
452
1
462
1
453
2
463
0
63
5
421
255
463
1
63
7
421
16777215
470
LINEAR
1001
ACAD
1010
0
1020
0
1030
0
0
HATCH
5
660
100
AcDbEntity
8
BottomPasteMaskLayer
100
AcDbHatch
10
0
20
0
30
0
210
0
220
0
230
1
2
SOLID
70
1
71
0
91
1
92
7
72
0
73
1
93
4
10
-10.83540767081513
20
1.9884429768858354
10
-10.21310642621279
20
1.9884429768858354
10
-10.21310642621279
20
0.8835407670813993
10
-10.83540767081513
20
0.8835407670813993
97
1
330

75
0
76
1
47
0.4128176842155181
98
1
10
34.90568961886538
20
22.81183545379326
450
0
451
0
460
0
461
0
452
1
462
1
453
2
463
0
63
5
421
255
463
1
63
7
421
16777215
470
LINEAR
1001
ACAD
1010
0
1020
0
1030
0
0
HATCH
5
663
100
AcDbEntity
8
BottomLayer
100
AcDbHatch
10
0
20
0
30
0
210
0
220
0
230
1
2
SOLID
70
1
71
0
91
1
92
7
72
0
73
1
93
4
10
-10.83540767081513
20
1.9884429768858354
10
-10.21310642621279
20
1.9884429768858354
10
-10.21310642621279
20
0.8835407670813993
10
-10.83540767081513
20
0.8835407670813993
97
1
330

75
0
76
1
47
0.4128176842155181
98
1
10
34.90568961886538
20
22.81183545379326
450
0
451
0
460
0
461
0
452
1
462
1
453
2
463
0
63
5
421
255
463
1
63
7
421
16777215
470
LINEAR
1001
ACAD
1010
0
1020
0
1030
0
0
HATCH
5
666
100
AcDbEntity
8
BottomSolderMaskLayer
100
AcDbHatch
10
0
20
0
30
0
210
0
220
0
230
1
2
SOLID
70
1
71
0
91
1
92
7
72
0
73
1
93
4
10
-12.76030801449349
20
2.0138465311410982
10
-12.087206668290833
20
2.0138465311410982
10
-12.087206668290833
20
0.8581442197365732
10
-12.76030801449349
20
0.8581442197365732
97
1
330

75
0
76
1
47
0.4128176842155181
98
1
10
34.90568961886538
20
22.81183545379326
450
0
451
0
460
0
461
0
452
1
462
1
453
2
463
0
63
5
421
255
463
1
63
7
421
16777215
470
LINEAR
1001
ACAD
1010
0
1020
0
1030
0
0
HATCH
5
669
100
AcDbEntity
8
BottomPasteMaskLayer
100
AcDbHatch
10
0
20
0
30
0
210
0
220
0
230
1
2
SOLID
70
1
71
0
91
1
92
7
72
0
73
1
93
4
10
-12.734899669799233
20
1.9884429768858354
10
-12.11259842519678
20
1.9884429768858354
10
-12.11259842519678
20
0.8835407670813993
10
-12.734899669799233
20
0.8835407670813993
97
1
330

75
0
76
1
47
0.4128176842155181
98
1
10
34.90568961886538
20
22.81183545379326
450
0
451
0
460
0
461
0
452
1
462
1
453
2
463
0
63
5
421
255
463
1
63
7
421
16777215
470
LINEAR
1001
ACAD
1010
0
1020
0
1030
0
0
HATCH
5
66c
100
AcDbEntity
8
BottomLayer
100
AcDbHatch
10
0
20
0
30
0
210
0
220
0
230
1
2
SOLID
70
1
71
0
91
1
92
7
72
0
73
1
93
4
10
-12.734899669799233
20
1.9884429768858354
10
-12.11259842519678
20
1.9884429768858354
10
-12.11259842519678
20
0.8835407670813993
10
-12.734899669799233
20
0.8835407670813993
97
1
330

75
0
76
1
47
0.4128176842155181
98
1
10
34.90568961886538
20
22.81183545379326
450
0
451
0
460
0
461
0
452
1
462
1
453
2
463
0
63
5
421
255
463
1
63
7
421
16777215
470
LINEAR
1001
ACAD
1010
0
1020
0
1030
0
0
HATCH
5
66f
100
AcDbEntity
8
BottomSolderMaskLayer
100
AcDbHatch
10
0
20
0
30
0
210
0
220
0
230
1
2
SOLID
70
1
71
0
91
1
92
7
72
0
73
1
93
4
10
-12.760335488017745
20
4.61389032433226
10
-12.087234141815088
20
4.61389032433226
10
-12.087234141815088
20
3.458188012927735
10
-12.760335488017745
20
3.458188012927735
97
1
330

75
0
76
1
47
0.4128176842155181
98
1
10
34.90568961886538
20
22.81183545379326
450
0
451
0
460
0
461
0
452
1
462
1
453
2
463
0
63
5
421
255
463
1
63
7
421
16777215
470
LINEAR
1001
ACAD
1010
0
1020
0
1030
0
0
HATCH
5
672
100
AcDbEntity
8
BottomPasteMaskLayer
100
AcDbHatch
10
0
20
0
30
0
210
0
220
0
230
1
2
SOLID
70
1
71
0
91
1
92
7
72
0
73
1
93
4
10
-12.734925069849965
20
4.588493776987434
10
-12.11262382524751
20
4.588493776987434
10
-12.11262382524751
20
3.4835915671831117
10
-12.734925069849965
20
3.4835915671831117
97
1
330

75
0
76
1
47
0.4128176842155181
98
1
10
34.90568961886538
20
22.81183545379326
450
0
451
0
460
0
461
0
452
1
462
1
453
2
463
0
63
5
421
255
463
1
63
7
421
16777215
470
LINEAR
1001
ACAD
1010
0
1020
0
1030
0
0
HATCH
5
675
100
AcDbEntity
8
BottomLayer
100
AcDbHatch
10
0
20
0
30
0
210
0
220
0
230
1
2
SOLID
70
1
71
0
91
1
92
7
72
0
73
1
93
4
10
-12.734925069849965
20
4.588493776987434
10
-12.11262382524751
20
4.588493776987434
10
-12.11262382524751
20
3.4835915671831117
10
-12.734925069849965
20
3.4835915671831117
97
1
330

75
0
76
1
47
0.4128176842155181
98
1
10
34.90568961886538
20
22.81183545379326
450
0
451
0
460
0
461
0
452
1
462
1
453
2
463
0
63
5
421
255
463
1
63
7
421
16777215
470
LINEAR
1001
ACAD
1010
0
1020
0
1030
0
0
HATCH
5
678
100
AcDbEntity
8
BottomSolderMaskLayer
100
AcDbHatch
10
0
20
0
30
0
210
0
220
0
230
1
2
SOLID
70
1
71
0
91
1
92
7
72
0
73
1
93
4
10
-11.811169801931328
20
4.61389032433226
10
-11.138068455728671
20
4.61389032433226
10
-11.138068455728671
20
3.458188012927735
10
-11.811169801931328
20
3.458188012927735
97
1
330

75
0
76
1
47
0.4128176842155181
98
1
10
34.90568961886538
20
22.81183545379326
450
0
451
0
460
0
461
0
452
1
462
1
453
2
463
0
63
5
421
255
463
1
63
7
421
16777215
470
LINEAR
1001
ACAD
1010
0
1020
0
1030
0
0
HATCH
5
67b
100
AcDbEntity
8
BottomPasteMaskLayer
100
AcDbHatch
10
0
20
0
30
0
210
0
220
0
230
1
2
SOLID
70
1
71
0
91
1
92
7
72
0
73
1
93
4
10
-11.785775971551857
20
4.588493776987434
10
-11.163474726949289
20
4.588493776987434
10
-11.163474726949289
20
3.4835915671831117
10
-11.785775971551857
20
3.4835915671831117
97
1
330

75
0
76
1
47
0.4128176842155181
98
1
10
34.90568961886538
20
22.81183545379326
450
0
451
0
460
0
461
0
452
1
462
1
453
2
463
0
63
5
421
255
463
1
63
7
421
16777215
470
LINEAR
1001
ACAD
1010
0
1020
0
1030
0
0
HATCH
5
67e
100
AcDbEntity
8
BottomLayer
100
AcDbHatch
10
0
20
0
30
0
210
0
220
0
230
1
2
SOLID
70
1
71
0
91
1
92
7
72
0
73
1
93
4
10
-11.785775971551857
20
4.588493776987434
10
-11.163474726949289
20
4.588493776987434
10
-11.163474726949289
20
3.4835915671831117
10
-11.785775971551857
20
3.4835915671831117
97
1
330

75
0
76
1
47
0.4128176842155181
98
1
10
34.90568961886538
20
22.81183545379326
450
0
451
0
460
0
461
0
452
1
462
1
453
2
463
0
63
5
421
255
463
1
63
7
421
16777215
470
LINEAR
1001
ACAD
1010
0
1020
0
1030
0
0
HATCH
5
681
100
AcDbEntity
8
BottomSolderMaskLayer
100
AcDbHatch
10
0
20
0
30
0
210
0
220
0
230
1
2
SOLID
70
1
71
0
91
1
92
7
72
0
73
1
93
4
10
-10.860864742137437
20
4.6138637564629335
10
-10.18776339593478
20
4.6138637564629335
10
-10.18776339593478
20
3.4581614450584084
10
-10.860864742137437
20
3.4581614450584084
97
1
330

75
0
76
1
47
0.4128176842155181
98
1
10
34.90568961886538
20
22.81183545379326
450
0
451
0
460
0
461
0
452
1
462
1
453
2
463
0
63
5
421
255
463
1
63
7
421
16777215
470
LINEAR
1001
ACAD
1010
0
1020
0
1030
0
0
HATCH
5
684
100
AcDbEntity
8
BottomPasteMaskLayer
100
AcDbHatch
10
0
20
0
30
0
210
0
220
0
230
1
2
SOLID
70
1
71
0
91
1
92
7
72
0
73
1
93
4
10
-10.83545847091682
20
4.588468376936589
10
-10.213157226314252
20
4.588468376936589
10
-10.213157226314252
20
3.483566167132267
10
-10.83545847091682
20
3.483566167132267
97
1
330

75
0
76
1
47
0.4128176842155181
98
1
10
34.90568961886538
20
22.81183545379326
450
0
451
0
460
0
461
0
452
1
462
1
453
2
463
0
63
5
421
255
463
1
63
7
421
16777215
470
LINEAR
1001
ACAD
1010
0
1020
0
1030
0
0
HATCH
5
687
100
AcDbEntity
8
BottomLayer
100
AcDbHatch
10
0
20
0
30
0
210
0
220
0
230
1
2
SOLID
70
1
71
0
91
1
92
7
72
0
73
1
93
4
10
-10.83545847091682
20
4.588468376936589
10
-10.213157226314252
20
4.588468376936589
10
-10.213157226314252
20
3.483566167132267
10
-10.83545847091682
20
3.483566167132267
97
1
330

75
0
76
1
47
0.4128176842155181
98
1
10
34.90568961886538
20
22.81183545379326
450
0
451
0
460
0
461
0
452
1
462
1
453
2
463
0
63
5
421
255
463
1
63
7
421
16777215
470
LINEAR
1001
ACAD
1010
0
1020
0
1030
0
  0
CIRCLE
  5
691
330
1F
100
AcDbEntity
  8
TopSolderMaskLayer
100
AcDbCircle
 10
-14.444069088138008
 20
6.518008636017157
 30
0.0
 40
0.5655353117157847
0
HATCH
5
693
100
AcDbEntity
8
TopSolderMaskLayer
100
AcDbHatch
10
0
20
0
30
0
210
0
220
0
230
1
2
SOLID
70
1
71
0
91
1
92
7
72
0
73
1
93
4
10
-15.369472006327442
20
7.443410120511885
10
-15.369472006327442
20
5.592610018911614
10
-13.518671904727285
20
5.592610018911614
10
-13.518671904727285
20
7.443410120511885
97
1
330

75
0
76
1
47
0.4128176842155181
98
1
10
34.90568961886538
20
22.81183545379326
450
0
451
0
460
0
461
0
452
1
462
1
453
2
463
0
63
5
421
255
463
1
63
7
421
16777215
470
LINEAR
1001
ACAD
1010
0
1020
0
1030
0
  0
CIRCLE
  5
694
330
1F
100
AcDbEntity
  8
BottomSolderMaskLayer
100
AcDbCircle
 10
-14.444069088138008
 20
6.518008636017157
 30
0.0
 40
0.5655353117157847
0
HATCH
5
696
100
AcDbEntity
8
BottomSolderMaskLayer
100
AcDbHatch
10
0
20
0
30
0
210
0
220
0
230
1
2
SOLID
70
1
71
0
91
1
92
7
72
0
73
1
93
4
10
-15.369472006327442
20
7.443410120511885
10
-15.369472006327442
20
5.592610018911614
10
-13.518671904727285
20
5.592610018911614
10
-13.518671904727285
20
7.443410120511885
97
1
330

75
0
76
1
47
0.4128176842155181
98
1
10
34.90568961886538
20
22.81183545379326
450
0
451
0
460
0
461
0
452
1
462
1
453
2
463
0
63
5
421
255
463
1
63
7
421
16777215
470
LINEAR
1001
ACAD
1010
0
1020
0
1030
0
  0
CIRCLE
  5
697
330
1F
100
AcDbEntity
  8
Multi-Layer
100
AcDbCircle
 10
-14.444069088138008
 20
6.518008636017157
 30
0.0
 40
0.5500127000254001
0
HATCH
5
699
100
AcDbEntity
8
Multi-Layer
100
AcDbHatch
10
0
20
0
30
0
210
0
220
0
230
1
2
SOLID
70
1
71
0
91
1
92
7
72
0
73
1
93
4
10
-15.344069088138099
20
7.4180086360171344
10
-15.344069088138099
20
5.61800863601718
10
-13.54406908813803
20
5.61800863601718
10
-13.54406908813803
20
7.4180086360171344
97
1
330

75
0
76
1
47
0.4128176842155181
98
1
10
34.90568961886538
20
22.81183545379326
450
0
451
0
460
0
461
0
452
1
462
1
453
2
463
0
63
5
421
255
463
1
63
7
421
16777215
470
LINEAR
1001
ACAD
1010
0
1020
0
1030
0
0
HATCH
5
69c
100
AcDbEntity
8
BottomSolderMaskLayer
100
AcDbHatch
10
0
20
0
30
0
210
0
220
0
230
1
2
SOLID
70
1
71
0
91
1
92
7
72
0
73
1
93
4
10
0.9786058991473965
20
11.597458516063853
10
0.9786058991473965
20
12.442614161930805
10
0.02142877188998682
20
12.442614161930805
10
0.02142877188998682
20
11.597458516063853
97
1
330

75
0
76
1
47
0.4128176842155181
98
1
10
34.90568961886538
20
22.81183545379326
450
0
451
0
460
0
461
0
452
1
462
1
453
2
463
0
63
5
421
255
463
1
63
7
421
16777215
470
LINEAR
1001
ACAD
1010
0
1020
0
1030
0
0
HATCH
5
69f
100
AcDbEntity
8
BottomPasteMaskLayer
100
AcDbHatch
10
0
20
0
30
0
210
0
220
0
230
1
2
SOLID
70
1
71
0
91
1
92
7
72
0
73
1
93
4
10
0.9500381000764264
20
11.620040640081129
10
0.9500381000764264
20
12.420040640081197
10
0.05001270002549063
20
12.420040640081197
10
0.05001270002549063
20
11.620040640081129
97
1
330

75
0
76
1
47
0.4128176842155181
98
1
10
34.90568961886538
20
22.81183545379326
450
0
451
0
460
0
461
0
452
1
462
1
453
2
463
0
63
5
421
255
463
1
63
7
421
16777215
470
LINEAR
1001
ACAD
1010
0
1020
0
1030
0
0
HATCH
5
6a2
100
AcDbEntity
8
BottomLayer
100
AcDbHatch
10
0
20
0
30
0
210
0
220
0
230
1
2
SOLID
70
1
71
0
91
1
92
7
72
0
73
1
93
4
10
0.9500381000764264
20
11.620040640081129
10
0.9500381000764264
20
12.420040640081197
10
0.05001270002549063
20
12.420040640081197
10
0.05001270002549063
20
11.620040640081129
97
1
330

75
0
76
1
47
0.4128176842155181
98
1
10
34.90568961886538
20
22.81183545379326
450
0
451
0
460
0
461
0
452
1
462
1
453
2
463
0
63
5
421
255
463
1
63
7
421
16777215
470
LINEAR
1001
ACAD
1010
0
1020
0
1030
0
0
HATCH
5
6a5
100
AcDbEntity
8
BottomSolderMaskLayer
100
AcDbHatch
10
0
20
0
30
0
210
0
220
0
230
1
2
SOLID
70
1
71
0
91
1
92
7
72
0
73
1
93
4
10
0.9786058991473965
20
10.197461383453174
10
0.9786058991473965
20
11.0426170293199
10
0.02142877188998682
20
11.0426170293199
10
0.02142877188998682
20
10.197461383453174
97
1
330

75
0
76
1
47
0.4128176842155181
98
1
10
34.90568961886538
20
22.81183545379326
450
0
451
0
460
0
461
0
452
1
462
1
453
2
463
0
63
5
421
255
463
1
63
7
421
16777215
470
LINEAR
1001
ACAD
1010
0
1020
0
1030
0
0
HATCH
5
6a8
100
AcDbEntity
8
BottomPasteMaskLayer
100
AcDbHatch
10
0
20
0
30
0
210
0
220
0
230
1
2
SOLID
70
1
71
0
91
1
92
7
72
0
73
1
93
4
10
0.9500381000764264
20
10.220040640081265
10
0.9500381000764264
20
11.02004064008122
10
0.05001270002549063
20
11.02004064008122
10
0.05001270002549063
20
10.220040640081265
97
1
330

75
0
76
1
47
0.4128176842155181
98
1
10
34.90568961886538
20
22.81183545379326
450
0
451
0
460
0
461
0
452
1
462
1
453
2
463
0
63
5
421
255
463
1
63
7
421
16777215
470
LINEAR
1001
ACAD
1010
0
1020
0
1030
0
0
HATCH
5
6ab
100
AcDbEntity
8
BottomLayer
100
AcDbHatch
10
0
20
0
30
0
210
0
220
0
230
1
2
SOLID
70
1
71
0
91
1
92
7
72
0
73
1
93
4
10
0.9500381000764264
20
10.220040640081265
10
0.9500381000764264
20
11.02004064008122
10
0.05001270002549063
20
11.02004064008122
10
0.05001270002549063
20
10.220040640081265
97
1
330

75
0
76
1
47
0.4128176842155181
98
1
10
34.90568961886538
20
22.81183545379326
450
0
451
0
460
0
461
0
452
1
462
1
453
2
463
0
63
5
421
255
463
1
63
7
421
16777215
470
LINEAR
1001
ACAD
1010
0
1020
0
1030
0
0
HATCH
5
6ae
100
AcDbEntity
8
BottomSolderMaskLayer
100
AcDbHatch
10
0
20
0
30
0
210
0
220
0
230
1
2
SOLID
70
1
71
0
91
1
92
7
72
0
73
1
93
4
10
13.598583242328004
20
4.717427257076679
10
13.598583242328004
20
5.562582902943518
10
12.641406115070367
20
5.562582902943518
10
12.641406115070367
20
4.717427257076679
97
1
330

75
0
76
1
47
0.4128176842155181
98
1
10
34.90568961886538
20
22.81183545379326
450
0
451
0
460
0
461
0
452
1
462
1
453
2
463
0
63
5
421
255
463
1
63
7
421
16777215
470
LINEAR
1001
ACAD
1010
0
1020
0
1030
0
0
HATCH
5
6b1
100
AcDbEntity
8
BottomPasteMaskLayer
100
AcDbHatch
10
0
20
0
30
0
210
0
220
0
230
1
2
SOLID
70
1
71
0
91
1
92
7
72
0
73
1
93
4
10
13.570002540005135
20
4.740005080010064
10
13.570002540005135
20
5.540005080010019
10
12.669977139954426
20
5.540005080010019
10
12.669977139954426
20
4.740005080010064
97
1
330

75
0
76
1
47
0.4128176842155181
98
1
10
34.90568961886538
20
22.81183545379326
450
0
451
0
460
0
461
0
452
1
462
1
453
2
463
0
63
5
421
255
463
1
63
7
421
16777215
470
LINEAR
1001
ACAD
1010
0
1020
0
1030
0
0
HATCH
5
6b4
100
AcDbEntity
8
BottomLayer
100
AcDbHatch
10
0
20
0
30
0
210
0
220
0
230
1
2
SOLID
70
1
71
0
91
1
92
7
72
0
73
1
93
4
10
13.570002540005135
20
4.740005080010064
10
13.570002540005135
20
5.540005080010019
10
12.669977139954426
20
5.540005080010019
10
12.669977139954426
20
4.740005080010064
97
1
330

75
0
76
1
47
0.4128176842155181
98
1
10
34.90568961886538
20
22.81183545379326
450
0
451
0
460
0
461
0
452
1
462
1
453
2
463
0
63
5
421
255
463
1
63
7
421
16777215
470
LINEAR
1001
ACAD
1010
0
1020
0
1030
0
0
HATCH
5
6b7
100
AcDbEntity
8
BottomSolderMaskLayer
100
AcDbHatch
10
0
20
0
30
0
210
0
220
0
230
1
2
SOLID
70
1
71
0
91
1
92
7
72
0
73
1
93
4
10
13.598583242328004
20
3.3174301244658864
10
13.598583242328004
20
4.162585770332839
10
12.641406115070367
20
4.162585770332839
10
12.641406115070367
20
3.3174301244658864
97
1
330

75
0
76
1
47
0.4128176842155181
98
1
10
34.90568961886538
20
22.81183545379326
450
0
451
0
460
0
461
0
452
1
462
1
453
2
463
0
63
5
421
255
463
1
63
7
421
16777215
470
LINEAR
1001
ACAD
1010
0
1020
0
1030
0
0
HATCH
5
6ba
100
AcDbEntity
8
BottomPasteMaskLayer
100
AcDbHatch
10
0
20
0
30
0
210
0
220
0
230
1
2
SOLID
70
1
71
0
91
1
92
7
72
0
73
1
93
4
10
13.570002540005135
20
3.340005080010087
10
13.570002540005135
20
4.140005080010042
10
12.669977139954426
20
4.140005080010042
10
12.669977139954426
20
3.340005080010087
97
1
330

75
0
76
1
47
0.4128176842155181
98
1
10
34.90568961886538
20
22.81183545379326
450
0
451
0
460
0
461
0
452
1
462
1
453
2
463
0
63
5
421
255
463
1
63
7
421
16777215
470
LINEAR
1001
ACAD
1010
0
1020
0
1030
0
0
HATCH
5
6bd
100
AcDbEntity
8
BottomLayer
100
AcDbHatch
10
0
20
0
30
0
210
0
220
0
230
1
2
SOLID
70
1
71
0
91
1
92
7
72
0
73
1
93
4
10
13.570002540005135
20
3.340005080010087
10
13.570002540005135
20
4.140005080010042
10
12.669977139954426
20
4.140005080010042
10
12.669977139954426
20
3.340005080010087
97
1
330

75
0
76
1
47
0.4128176842155181
98
1
10
34.90568961886538
20
22.81183545379326
450
0
451
0
460
0
461
0
452
1
462
1
453
2
463
0
63
5
421
255
463
1
63
7
421
16777215
470
LINEAR
1001
ACAD
1010
0
1020
0
1030
0
0
HATCH
5
6c0
100
AcDbEntity
8
BottomSolderMaskLayer
100
AcDbHatch
10
0
20
0
30
0
210
0
220
0
230
1
2
SOLID
70
1
71
0
91
1
92
7
72
0
73
1
93
4
10
1.7006189793617068
20
11.72846036265912
10
3.0992702692424245
20
11.72846036265912
10
3.0992702692424245
20
13.191525654170732
10
1.7006189793617068
20
13.191525654170732
97
1
330

75
0
76
1
47
0.4128176842155181
98
1
10
34.90568961886538
20
22.81183545379326
450
0
451
0
460
0
461
0
452
1
462
1
453
2
463
0
63
5
421
255
463
1
63
7
421
16777215
470
LINEAR
1001
ACAD
1010
0
1020
0
1030
0
0
HATCH
5
6c3
100
AcDbEntity
8
BottomLayer
100
AcDbHatch
10
0
20
0
30
0
210
0
220
0
230
1
2
SOLID
70
1
71
0
91
1
92
7
72
0
73
1
93
4
10
1.7249428498857924
20
11.754991109982143
10
3.0749555499112375
20
11.754991109982143
10
3.0749555499112375
20
13.164998729997365
10
1.7249428498857924
20
13.164998729997365
97
1
330

75
0
76
1
47
0.4128176842155181
98
1
10
34.90568961886538
20
22.81183545379326
450
0
451
0
460
0
461
0
452
1
462
1
453
2
463
0
63
5
421
255
463
1
63
7
421
16777215
470
LINEAR
1001
ACAD
1010
0
1020
0
1030
0
0
HATCH
5
6c6
100
AcDbEntity
8
BottomSolderMaskLayer
100
AcDbHatch
10
0
20
0
30
0
210
0
220
0
230
1
2
SOLID
70
1
71
0
91
1
92
7
72
0
73
1
93
4
10
1.7006189793617068
20
11.191472942494215
10
3.0992702692424245
20
11.191472942494215
10
3.0992702692424245
20
9.728407650982717
10
1.7006189793617068
20
9.728407650982717
97
1
330

75
0
76
1
47
0.4128176842155181
98
1
10
34.90568961886538
20
22.81183545379326
450
0
451
0
460
0
461
0
452
1
462
1
453
2
463
0
63
5
421
255
463
1
63
7
421
16777215
470
LINEAR
1001
ACAD
1010
0
1020
0
1030
0
0
HATCH
5
6c9
100
AcDbEntity
8
BottomLayer
100
AcDbHatch
10
0
20
0
30
0
210
0
220
0
230
1
2
SOLID
70
1
71
0
91
1
92
7
72
0
73
1
93
4
10
1.7249428498857924
20
11.164947929895789
10
3.0749555499112375
20
11.164947929895789
10
3.0749555499112375
20
9.754940309880453
10
1.7249428498857924
20
9.754940309880453
97
1
330

75
0
76
1
47
0.4128176842155181
98
1
10
34.90568961886538
20
22.81183545379326
450
0
451
0
460
0
461
0
452
1
462
1
453
2
463
0
63
5
421
255
463
1
63
7
421
16777215
470
LINEAR
1001
ACAD
1010
0
1020
0
1030
0
0
HATCH
5
6cc
100
AcDbEntity
8
BottomSolderMaskLayer
100
AcDbHatch
10
0
20
0
30
0
210
0
220
0
230
1
2
SOLID
70
1
71
0
91
1
92
7
72
0
73
1
93
4
10
15.455454660909481
20
11.100003810136627
10
14.884448818897681
20
11.100003810136627
10
14.884448818897681
20
10.800021589914081
10
15.455454660909481
20
10.800021589914081
97
1
330

75
0
76
1
47
0.4128176842155181
98
1
10
34.90568961886538
20
22.81183545379326
450
0
451
0
460
0
461
0
452
1
462
1
453
2
463
0
63
5
421
255
463
1
63
7
421
16777215
470
LINEAR
1001
ACAD
1010
0
1020
0
1030
0
0
HATCH
5
6cf
100
AcDbEntity
8
BottomPasteMaskLayer
100
AcDbHatch
10
0
20
0
30
0
210
0
220
0
230
1
2
SOLID
70
1
71
0
91
1
92
7
72
0
73
1
93
4
10
15.43045466090939
20
11.0750063500127
10
14.909448818897772
20
11.0750063500127
10
14.909448818897772
20
10.825019050038009
10
15.43045466090939
20
10.825019050038009
97
1
330

75
0
76
1
47
0.4128176842155181
98
1
10
34.90568961886538
20
22.81183545379326
450
0
451
0
460
0
461
0
452
1
462
1
453
2
463
0
63
5
421
255
463
1
63
7
421
16777215
470
LINEAR
1001
ACAD
1010
0
1020
0
1030
0
0
HATCH
5
6d2
100
AcDbEntity
8
BottomLayer
100
AcDbHatch
10
0
20
0
30
0
210
0
220
0
230
1
2
SOLID
70
1
71
0
91
1
92
7
72
0
73
1
93
4
10
15.43045466090939
20
11.0750063500127
10
14.909448818897772
20
11.0750063500127
10
14.909448818897772
20
10.825019050038009
10
15.43045466090939
20
10.825019050038009
97
1
330

75
0
76
1
47
0.4128176842155181
98
1
10
34.90568961886538
20
22.81183545379326
450
0
451
0
460
0
461
0
452
1
462
1
453
2
463
0
63
5
421
255
463
1
63
7
421
16777215
470
LINEAR
1001
ACAD
1010
0
1020
0
1030
0
0
HATCH
5
6d5
100
AcDbEntity
8
BottomSolderMaskLayer
100
AcDbHatch
10
0
20
0
30
0
210
0
220
0
230
1
2
SOLID
70
1
71
0
91
1
92
7
72
0
73
1
93
4
10
15.455454660909481
20
10.600029208897013
10
14.884448818897681
20
10.600029208897013
10
14.884448818897681
20
10.30004698867458
10
15.455454660909481
20
10.30004698867458
97
1
330

75
0
76
1
47
0.4128176842155181
98
1
10
34.90568961886538
20
22.81183545379326
450
0
451
0
460
0
461
0
452
1
462
1
453
2
463
0
63
5
421
255
463
1
63
7
421
16777215
470
LINEAR
1001
ACAD
1010
0
1020
0
1030
0
0
HATCH
5
6d8
100
AcDbEntity
8
BottomPasteMaskLayer
100
AcDbHatch
10
0
20
0
30
0
210
0
220
0
230
1
2
SOLID
70
1
71
0
91
1
92
7
72
0
73
1
93
4
10
15.43045466090939
20
10.575006350012586
10
14.909448818897772
20
10.575006350012586
10
14.909448818897772
20
10.325019050038009
10
15.43045466090939
20
10.325019050038009
97
1
330

75
0
76
1
47
0.4128176842155181
98
1
10
34.90568961886538
20
22.81183545379326
450
0
451
0
460
0
461
0
452
1
462
1
453
2
463
0
63
5
421
255
463
1
63
7
421
16777215
470
LINEAR
1001
ACAD
1010
0
1020
0
1030
0
0
HATCH
5
6db
100
AcDbEntity
8
BottomLayer
100
AcDbHatch
10
0
20
0
30
0
210
0
220
0
230
1
2
SOLID
70
1
71
0
91
1
92
7
72
0
73
1
93
4
10
15.43045466090939
20
10.575006350012586
10
14.909448818897772
20
10.575006350012586
10
14.909448818897772
20
10.325019050038009
10
15.43045466090939
20
10.325019050038009
97
1
330

75
0
76
1
47
0.4128176842155181
98
1
10
34.90568961886538
20
22.81183545379326
450
0
451
0
460
0
461
0
452
1
462
1
453
2
463
0
63
5
421
255
463
1
63
7
421
16777215
470
LINEAR
1001
ACAD
1010
0
1020
0
1030
0
0
HATCH
5
6de
100
AcDbEntity
8
BottomSolderMaskLayer
100
AcDbHatch
10
0
20
0
30
0
210
0
220
0
230
1
2
SOLID
70
1
71
0
91
1
92
7
72
0
73
1
93
4
10
15.455454660909481
20
10.099973330333682
10
14.884448818897681
20
10.099973330333682
10
14.884448818897681
20
9.79999111011125
10
15.455454660909481
20
9.79999111011125
97
1
330

75
0
76
1
47
0.4128176842155181
98
1
10
34.90568961886538
20
22.81183545379326
450
0
451
0
460
0
461
0
452
1
462
1
453
2
463
0
63
5
421
255
463
1
63
7
421
16777215
470
LINEAR
1001
ACAD
1010
0
1020
0
1030
0
0
HATCH
5
6e1
100
AcDbEntity
8
BottomPasteMaskLayer
100
AcDbHatch
10
0
20
0
30
0
210
0
220
0
230
1
2
SOLID
70
1
71
0
91
1
92
7
72
0
73
1
93
4
10
15.43045466090939
20
10.074980949961855
10
14.909448818897772
20
10.074980949961855
10
14.909448818897772
20
9.824993649987277
10
15.43045466090939
20
9.824993649987277
97
1
330

75
0
76
1
47
0.4128176842155181
98
1
10
34.90568961886538
20
22.81183545379326
450
0
451
0
460
0
461
0
452
1
462
1
453
2
463
0
63
5
421
255
463
1
63
7
421
16777215
470
LINEAR
1001
ACAD
1010
0
1020
0
1030
0
0
HATCH
5
6e4
100
AcDbEntity
8
BottomLayer
100
AcDbHatch
10
0
20
0
30
0
210
0
220
0
230
1
2
SOLID
70
1
71
0
91
1
92
7
72
0
73
1
93
4
10
15.43045466090939
20
10.074980949961855
10
14.909448818897772
20
10.074980949961855
10
14.909448818897772
20
9.824993649987277
10
15.43045466090939
20
9.824993649987277
97
1
330

75
0
76
1
47
0.4128176842155181
98
1
10
34.90568961886538
20
22.81183545379326
450
0
451
0
460
0
461
0
452
1
462
1
453
2
463
0
63
5
421
255
463
1
63
7
421
16777215
470
LINEAR
1001
ACAD
1010
0
1020
0
1030
0
0
HATCH
5
6e7
100
AcDbEntity
8
BottomSolderMaskLayer
100
AcDbHatch
10
0
20
0
30
0
210
0
220
0
230
1
2
SOLID
70
1
71
0
91
1
92
7
72
0
73
1
93
4
10
15.455454660909481
20
9.599998729094182
10
14.884448818897681
20
9.599998729094182
10
14.884448818897681
20
9.300016508871636
10
15.455454660909481
20
9.300016508871636
97
1
330

75
0
76
1
47
0.4128176842155181
98
1
10
34.90568961886538
20
22.81183545379326
450
0
451
0
460
0
461
0
452
1
462
1
453
2
463
0
63
5
421
255
463
1
63
7
421
16777215
470
LINEAR
1001
ACAD
1010
0
1020
0
1030
0
0
HATCH
5
6ea
100
AcDbEntity
8
BottomPasteMaskLayer
100
AcDbHatch
10
0
20
0
30
0
210
0
220
0
230
1
2
SOLID
70
1
71
0
91
1
92
7
72
0
73
1
93
4
10
15.43045466090939
20
9.574980949961855
10
14.909448818897772
20
9.574980949961855
10
14.909448818897772
20
9.324993649987164
10
15.43045466090939
20
9.324993649987164
97
1
330

75
0
76
1
47
0.4128176842155181
98
1
10
34.90568961886538
20
22.81183545379326
450
0
451
0
460
0
461
0
452
1
462
1
453
2
463
0
63
5
421
255
463
1
63
7
421
16777215
470
LINEAR
1001
ACAD
1010
0
1020
0
1030
0
0
HATCH
5
6ed
100
AcDbEntity
8
BottomLayer
100
AcDbHatch
10
0
20
0
30
0
210
0
220
0
230
1
2
SOLID
70
1
71
0
91
1
92
7
72
0
73
1
93
4
10
15.43045466090939
20
9.574980949961855
10
14.909448818897772
20
9.574980949961855
10
14.909448818897772
20
9.324993649987164
10
15.43045466090939
20
9.324993649987164
97
1
330

75
0
76
1
47
0.4128176842155181
98
1
10
34.90568961886538
20
22.81183545379326
450
0
451
0
460
0
461
0
452
1
462
1
453
2
463
0
63
5
421
255
463
1
63
7
421
16777215
470
LINEAR
1001
ACAD
1010
0
1020
0
1030
0
0
HATCH
5
6f0
100
AcDbEntity
8
BottomSolderMaskLayer
100
AcDbHatch
10
0
20
0
30
0
210
0
220
0
230
1
2
SOLID
70
1
71
0
91
1
92
7
72
0
73
1
93
4
10
13.555530861061925
20
9.599998729094182
10
12.984525019050125
20
9.599998729094182
10
12.984525019050125
20
9.300016508871636
10
13.555530861061925
20
9.300016508871636
97
1
330

75
0
76
1
47
0.4128176842155181
98
1
10
34.90568961886538
20
22.81183545379326
450
0
451
0
460
0
461
0
452
1
462
1
453
2
463
0
63
5
421
255
463
1
63
7
421
16777215
470
LINEAR
1001
ACAD
1010
0
1020
0
1030
0
0
HATCH
5
6f3
100
AcDbEntity
8
BottomPasteMaskLayer
100
AcDbHatch
10
0
20
0
30
0
210
0
220
0
230
1
2
SOLID
70
1
71
0
91
1
92
7
72
0
73
1
93
4
10
13.530530861061834
20
9.574980949961855
10
13.009525019050216
20
9.574980949961855
10
13.009525019050216
20
9.324993649987164
10
13.530530861061834
20
9.324993649987164
97
1
330

75
0
76
1
47
0.4128176842155181
98
1
10
34.90568961886538
20
22.81183545379326
450
0
451
0
460
0
461
0
452
1
462
1
453
2
463
0
63
5
421
255
463
1
63
7
421
16777215
470
LINEAR
1001
ACAD
1010
0
1020
0
1030
0
0
HATCH
5
6f6
100
AcDbEntity
8
BottomLayer
100
AcDbHatch
10
0
20
0
30
0
210
0
220
0
230
1
2
SOLID
70
1
71
0
91
1
92
7
72
0
73
1
93
4
10
13.530530861061834
20
9.574980949961855
10
13.009525019050216
20
9.574980949961855
10
13.009525019050216
20
9.324993649987164
10
13.530530861061834
20
9.324993649987164
97
1
330

75
0
76
1
47
0.4128176842155181
98
1
10
34.90568961886538
20
22.81183545379326
450
0
451
0
460
0
461
0
452
1
462
1
453
2
463
0
63
5
421
255
463
1
63
7
421
16777215
470
LINEAR
1001
ACAD
1010
0
1020
0
1030
0
0
HATCH
5
6f9
100
AcDbEntity
8
BottomSolderMaskLayer
100
AcDbHatch
10
0
20
0
30
0
210
0
220
0
230
1
2
SOLID
70
1
71
0
91
1
92
7
72
0
73
1
93
4
10
13.555530861061925
20
10.099973330333682
10
12.984525019050125
20
10.099973330333682
10
12.984525019050125
20
9.79999111011125
10
13.555530861061925
20
9.79999111011125
97
1
330

75
0
76
1
47
0.4128176842155181
98
1
10
34.90568961886538
20
22.81183545379326
450
0
451
0
460
0
461
0
452
1
462
1
453
2
463
0
63
5
421
255
463
1
63
7
421
16777215
470
LINEAR
1001
ACAD
1010
0
1020
0
1030
0
0
HATCH
5
6fc
100
AcDbEntity
8
BottomPasteMaskLayer
100
AcDbHatch
10
0
20
0
30
0
210
0
220
0
230
1
2
SOLID
70
1
71
0
91
1
92
7
72
0
73
1
93
4
10
13.530530861061834
20
10.074980949961855
10
13.009525019050216
20
10.074980949961855
10
13.009525019050216
20
9.824993649987277
10
13.530530861061834
20
9.824993649987277
97
1
330

75
0
76
1
47
0.4128176842155181
98
1
10
34.90568961886538
20
22.81183545379326
450
0
451
0
460
0
461
0
452
1
462
1
453
2
463
0
63
5
421
255
463
1
63
7
421
16777215
470
LINEAR
1001
ACAD
1010
0
1020
0
1030
0
0
HATCH
5
6ff
100
AcDbEntity
8
BottomLayer
100
AcDbHatch
10
0
20
0
30
0
210
0
220
0
230
1
2
SOLID
70
1
71
0
91
1
92
7
72
0
73
1
93
4
10
13.530530861061834
20
10.074980949961855
10
13.009525019050216
20
10.074980949961855
10
13.009525019050216
20
9.824993649987277
10
13.530530861061834
20
9.824993649987277
97
1
330

75
0
76
1
47
0.4128176842155181
98
1
10
34.90568961886538
20
22.81183545379326
450
0
451
0
460
0
461
0
452
1
462
1
453
2
463
0
63
5
421
255
463
1
63
7
421
16777215
470
LINEAR
1001
ACAD
1010
0
1020
0
1030
0
0
HATCH
5
702
100
AcDbEntity
8
BottomSolderMaskLayer
100
AcDbHatch
10
0
20
0
30
0
210
0
220
0
230
1
2
SOLID
70
1
71
0
91
1
92
7
72
0
73
1
93
4
10
13.555530861061925
20
10.600029208897013
10
12.984525019050125
20
10.600029208897013
10
12.984525019050125
20
10.30004698867458
10
13.555530861061925
20
10.30004698867458
97
1
330

75
0
76
1
47
0.4128176842155181
98
1
10
34.90568961886538
20
22.81183545379326
450
0
451
0
460
0
461
0
452
1
462
1
453
2
463
0
63
5
421
255
463
1
63
7
421
16777215
470
LINEAR
1001
ACAD
1010
0
1020
0
1030
0
0
HATCH
5
705
100
AcDbEntity
8
BottomPasteMaskLayer
100
AcDbHatch
10
0
20
0
30
0
210
0
220
0
230
1
2
SOLID
70
1
71
0
91
1
92
7
72
0
73
1
93
4
10
13.530530861061834
20
10.575006350012586
10
13.009525019050216
20
10.575006350012586
10
13.009525019050216
20
10.325019050038009
10
13.530530861061834
20
10.325019050038009
97
1
330

75
0
76
1
47
0.4128176842155181
98
1
10
34.90568961886538
20
22.81183545379326
450
0
451
0
460
0
461
0
452
1
462
1
453
2
463
0
63
5
421
255
463
1
63
7
421
16777215
470
LINEAR
1001
ACAD
1010
0
1020
0
1030
0
0
HATCH
5
708
100
AcDbEntity
8
BottomLayer
100
AcDbHatch
10
0
20
0
30
0
210
0
220
0
230
1
2
SOLID
70
1
71
0
91
1
92
7
72
0
73
1
93
4
10
13.530530861061834
20
10.575006350012586
10
13.009525019050216
20
10.575006350012586
10
13.009525019050216
20
10.325019050038009
10
13.530530861061834
20
10.325019050038009
97
1
330

75
0
76
1
47
0.4128176842155181
98
1
10
34.90568961886538
20
22.81183545379326
450
0
451
0
460
0
461
0
452
1
462
1
453
2
463
0
63
5
421
255
463
1
63
7
421
16777215
470
LINEAR
1001
ACAD
1010
0
1020
0
1030
0
0
HATCH
5
70b
100
AcDbEntity
8
BottomSolderMaskLayer
100
AcDbHatch
10
0
20
0
30
0
210
0
220
0
230
1
2
SOLID
70
1
71
0
91
1
92
7
72
0
73
1
93
4
10
13.555530861061925
20
11.100003810136627
10
12.984525019050125
20
11.100003810136627
10
12.984525019050125
20
10.800021589914081
10
13.555530861061925
20
10.800021589914081
97
1
330

75
0
76
1
47
0.4128176842155181
98
1
10
34.90568961886538
20
22.81183545379326
450
0
451
0
460
0
461
0
452
1
462
1
453
2
463
0
63
5
421
255
463
1
63
7
421
16777215
470
LINEAR
1001
ACAD
1010
0
1020
0
1030
0
0
HATCH
5
70e
100
AcDbEntity
8
BottomPasteMaskLayer
100
AcDbHatch
10
0
20
0
30
0
210
0
220
0
230
1
2
SOLID
70
1
71
0
91
1
92
7
72
0
73
1
93
4
10
13.530530861061834
20
11.0750063500127
10
13.009525019050216
20
11.0750063500127
10
13.009525019050216
20
10.825019050038009
10
13.530530861061834
20
10.825019050038009
97
1
330

75
0
76
1
47
0.4128176842155181
98
1
10
34.90568961886538
20
22.81183545379326
450
0
451
0
460
0
461
0
452
1
462
1
453
2
463
0
63
5
421
255
463
1
63
7
421
16777215
470
LINEAR
1001
ACAD
1010
0
1020
0
1030
0
0
HATCH
5
711
100
AcDbEntity
8
BottomLayer
100
AcDbHatch
10
0
20
0
30
0
210
0
220
0
230
1
2
SOLID
70
1
71
0
91
1
92
7
72
0
73
1
93
4
10
13.530530861061834
20
11.0750063500127
10
13.009525019050216
20
11.0750063500127
10
13.009525019050216
20
10.825019050038009
10
13.530530861061834
20
10.825019050038009
97
1
330

75
0
76
1
47
0.4128176842155181
98
1
10
34.90568961886538
20
22.81183545379326
450
0
451
0
460
0
461
0
452
1
462
1
453
2
463
0
63
5
421
255
463
1
63
7
421
16777215
470
LINEAR
1001
ACAD
1010
0
1020
0
1030
0
  0
CIRCLE
  5
712
330
1F
100
AcDbEntity
  8
TopSolderMaskLayer
100
AcDbCircle
 10
14.21998983997969
 20
10.199999999999932
 30
0.0
 40
0.3219484661191545
0
HATCH
5
714
100
AcDbEntity
8
TopSolderMaskLayer
100
AcDbHatch
10
0
20
0
30
0
210
0
220
0
230
1
2
SOLID
70
1
71
0
91
1
92
7
72
0
73
1
93
4
10
14.694976434397404
20
11.025001587503084
10
13.745003245562202
20
11.025001587503084
10
13.745003245562202
20
9.375001587503107
10
14.694976434397404
20
9.375001587503107
97
1
330

75
0
76
1
47
0.4128176842155181
98
1
10
34.90568961886538
20
22.81183545379326
450
0
451
0
460
0
461
0
452
1
462
1
453
2
463
0
63
5
421
255
463
1
63
7
421
16777215
470
LINEAR
1001
ACAD
1010
0
1020
0
1030
0
  0
CIRCLE
  5
715
330
1F
100
AcDbEntity
  8
BottomSolderMaskLayer
100
AcDbCircle
 10
14.21998983997969
 20
10.199999999999932
 30
0.0
 40
0.3219484661191545
0
HATCH
5
717
100
AcDbEntity
8
BottomSolderMaskLayer
100
AcDbHatch
10
0
20
0
30
0
210
0
220
0
230
1
2
SOLID
70
1
71
0
91
1
92
7
72
0
73
1
93
4
10
14.694976434397404
20
11.025001587503084
10
13.745003245562202
20
11.025001587503084
10
13.745003245562202
20
9.375001587503107
10
14.694976434397404
20
9.375001587503107
97
1
330

75
0
76
1
47
0.4128176842155181
98
1
10
34.90568961886538
20
22.81183545379326
450
0
451
0
460
0
461
0
452
1
462
1
453
2
463
0
63
5
421
255
463
1
63
7
421
16777215
470
LINEAR
1001
ACAD
1010
0
1020
0
1030
0
  0
CIRCLE
  5
718
330
1F
100
AcDbEntity
  8
Multi-Layer
100
AcDbCircle
 10
14.21998983997969
 20
10.199999999999932
 30
0.0
 40
0.30500381000762006
0
HATCH
5
71a
100
AcDbEntity
8
Multi-Layer
100
AcDbHatch
10
0
20
0
30
0
210
0
220
0
230
1
2
SOLID
70
1
71
0
91
1
92
7
72
0
73
1
93
4
10
14.669977139954426
20
10.999999999999886
10
13.77000254000518
20
10.999999999999886
10
13.77000254000518
20
9.399999999999864
10
14.669977139954426
20
9.399999999999864
97
1
330

75
0
76
1
47
0.4128176842155181
98
1
10
34.90568961886538
20
22.81183545379326
450
0
451
0
460
0
461
0
452
1
462
1
453
2
463
0
63
5
421
255
463
1
63
7
421
16777215
470
LINEAR
1001
ACAD
1010
0
1020
0
1030
0
0
HATCH
5
721
100
AcDbEntity
8
BottomSolderMaskLayer
100
AcDbHatch
10
0
20
0
30
0
210
0
220
0
230
1
2
SOLID
70
1
71
0
91
1
92
7
72
1
73
1
93
4
10
9.723175522039128
20
13.457531115062196
42
-0.7853981633974483
10
9.723175522039128
20
14.082321564643095
42
0
10
11.316753357818698
20
14.082321564643095
42
-0.7853981633974483
10
11.316753357818698
20
13.457531115062196
42
0
97
1
330

75
0
76
1
47
0.4128176842155181
98
1
10
34.90568961886538
20
22.81183545379326
450
0
451
0
460
0
461
0
452
1
462
1
453
2
463
0
63
5
421
255
463
1
63
7
421
16777215
470
LINEAR
1001
ACAD
1010
0
1020
0
1030
0
0
HATCH
5
728
100
AcDbEntity
8
BottomPasteMaskLayer
100
AcDbHatch
10
0
20
0
30
0
210
0
220
0
230
1
2
SOLID
70
1
71
0
91
1
92
7
72
1
73
1
93
4
10
9.787960375920875
20
13.482931165862297
42
-0.7853981633974483
10
9.787960375920875
20
14.056921513842994
42
0
10
11.251968503937178
20
14.056921513842994
42
-0.7853981633974483
10
11.251968503937178
20
13.482931165862297
42
0
97
1
330

75
0
76
1
47
0.4128176842155181
98
1
10
34.90568961886538
20
22.81183545379326
450
0
451
0
460
0
461
0
452
1
462
1
453
2
463
0
63
5
421
255
463
1
63
7
421
16777215
470
LINEAR
1001
ACAD
1010
0
1020
0
1030
0
0
HATCH
5
72f
100
AcDbEntity
8
BottomLayer
100
AcDbHatch
10
0
20
0
30
0
210
0
220
0
230
1
2
SOLID
70
1
71
0
91
1
92
7
72
1
73
1
93
4
10
9.787960375920875
20
13.482931165862297
42
-0.7853981633974483
10
9.787960375920875
20
14.056921513842994
42
0
10
11.251968503937178
20
14.056921513842994
42
-0.7853981633974483
10
11.251968503937178
20
13.482931165862297
42
0
97
1
330

75
0
76
1
47
0.4128176842155181
98
1
10
34.90568961886538
20
22.81183545379326
450
0
451
0
460
0
461
0
452
1
462
1
453
2
463
0
63
5
421
255
463
1
63
7
421
16777215
470
LINEAR
1001
ACAD
1010
0
1020
0
1030
0
0
HATCH
5
736
100
AcDbEntity
8
BottomSolderMaskLayer
100
AcDbHatch
10
0
20
0
30
0
210
0
220
0
230
1
2
SOLID
70
1
71
0
91
1
92
7
72
1
73
1
93
4
10
9.723175522039128
20
12.18752857505713
42
-0.7853981633974483
10
9.723175522039128
20
12.812319024638029
42
0
10
11.316753357818698
20
12.812319024638029
42
-0.7853981633974483
10
11.316753357818698
20
12.18752857505713
42
0
97
1
330

75
0
76
1
47
0.4128176842155181
98
1
10
34.90568961886538
20
22.81183545379326
450
0
451
0
460
0
461
0
452
1
462
1
453
2
463
0
63
5
421
255
463
1
63
7
421
16777215
470
LINEAR
1001
ACAD
1010
0
1020
0
1030
0
0
HATCH
5
73d
100
AcDbEntity
8
BottomPasteMaskLayer
100
AcDbHatch
10
0
20
0
30
0
210
0
220
0
230
1
2
SOLID
70
1
71
0
91
1
92
7
72
1
73
1
93
4
10
9.787960375920875
20
12.21292862585723
42
-0.7853981633974483
10
9.787960375920875
20
12.786918973837928
42
0
10
11.251968503937178
20
12.786918973837928
42
-0.7853981633974483
10
11.251968503937178
20
12.21292862585723
42
0
97
1
330

75
0
76
1
47
0.4128176842155181
98
1
10
34.90568961886538
20
22.81183545379326
450
0
451
0
460
0
461
0
452
1
462
1
453
2
463
0
63
5
421
255
463
1
63
7
421
16777215
470
LINEAR
1001
ACAD
1010
0
1020
0
1030
0
0
HATCH
5
744
100
AcDbEntity
8
BottomLayer
100
AcDbHatch
10
0
20
0
30
0
210
0
220
0
230
1
2
SOLID
70
1
71
0
91
1
92
7
72
1
73
1
93
4
10
9.787960375920875
20
12.21292862585723
42
-0.7853981633974483
10
9.787960375920875
20
12.786918973837928
42
0
10
11.251968503937178
20
12.786918973837928
42
-0.7853981633974483
10
11.251968503937178
20
12.21292862585723
42
0
97
1
330

75
0
76
1
47
0.4128176842155181
98
1
10
34.90568961886538
20
22.81183545379326
450
0
451
0
460
0
461
0
452
1
462
1
453
2
463
0
63
5
421
255
463
1
63
7
421
16777215
470
LINEAR
1001
ACAD
1010
0
1020
0
1030
0
0
HATCH
5
74b
100
AcDbEntity
8
BottomSolderMaskLayer
100
AcDbHatch
10
0
20
0
30
0
210
0
220
0
230
1
2
SOLID
70
1
71
0
91
1
92
7
72
1
73
1
93
4
10
9.723175522039128
20
10.91752603505195
42
-0.7853981633974483
10
9.723175522039128
20
11.542316484632849
42
0
10
11.316753357818698
20
11.542316484632849
42
-0.7853981633974483
10
11.316753357818698
20
10.91752603505195
42
0
97
1
330

75
0
76
1
47
0.4128176842155181
98
1
10
34.90568961886538
20
22.81183545379326
450
0
451
0
460
0
461
0
452
1
462
1
453
2
463
0
63
5
421
255
463
1
63
7
421
16777215
470
LINEAR
1001
ACAD
1010
0
1020
0
1030
0
0
HATCH
5
752
100
AcDbEntity
8
BottomPasteMaskLayer
100
AcDbHatch
10
0
20
0
30
0
210
0
220
0
230
1
2
SOLID
70
1
71
0
91
1
92
7
72
1
73
1
93
4
10
9.787960375920875
20
10.94292608585205
42
-0.7853981633974483
10
9.787960375920875
20
11.516916433832748
42
0
10
11.251968503937178
20
11.516916433832748
42
-0.7853981633974483
10
11.251968503937178
20
10.94292608585205
42
0
97
1
330

75
0
76
1
47
0.4128176842155181
98
1
10
34.90568961886538
20
22.81183545379326
450
0
451
0
460
0
461
0
452
1
462
1
453
2
463
0
63
5
421
255
463
1
63
7
421
16777215
470
LINEAR
1001
ACAD
1010
0
1020
0
1030
0
0
HATCH
5
759
100
AcDbEntity
8
BottomLayer
100
AcDbHatch
10
0
20
0
30
0
210
0
220
0
230
1
2
SOLID
70
1
71
0
91
1
92
7
72
1
73
1
93
4
10
9.787960375920875
20
10.94292608585205
42
-0.7853981633974483
10
9.787960375920875
20
11.516916433832748
42
0
10
11.251968503937178
20
11.516916433832748
42
-0.7853981633974483
10
11.251968503937178
20
10.94292608585205
42
0
97
1
330

75
0
76
1
47
0.4128176842155181
98
1
10
34.90568961886538
20
22.81183545379326
450
0
451
0
460
0
461
0
452
1
462
1
453
2
463
0
63
5
421
255
463
1
63
7
421
16777215
470
LINEAR
1001
ACAD
1010
0
1020
0
1030
0
0
HATCH
5
760
100
AcDbEntity
8
BottomSolderMaskLayer
100
AcDbHatch
10
0
20
0
30
0
210
0
220
0
230
1
2
SOLID
70
1
71
0
91
1
92
7
72
1
73
1
93
4
10
9.723175522039128
20
9.647523495046883
42
-0.7853981633974483
10
9.723175522039128
20
10.272313944627783
42
0
10
11.316753357818698
20
10.272313944627783
42
-0.7853981633974483
10
11.316753357818698
20
9.647523495046883
42
0
97
1
330

75
0
76
1
47
0.4128176842155181
98
1
10
34.90568961886538
20
22.81183545379326
450
0
451
0
460
0
461
0
452
1
462
1
453
2
463
0
63
5
421
255
463
1
63
7
421
16777215
470
LINEAR
1001
ACAD
1010
0
1020
0
1030
0
0
HATCH
5
767
100
AcDbEntity
8
BottomPasteMaskLayer
100
AcDbHatch
10
0
20
0
30
0
210
0
220
0
230
1
2
SOLID
70
1
71
0
91
1
92
7
72
1
73
1
93
4
10
9.787960375920875
20
9.672923545846984
42
-0.7853981633974483
10
9.787960375920875
20
10.246913893827681
42
0
10
11.251968503937178
20
10.246913893827681
42
-0.7853981633974483
10
11.251968503937178
20
9.672923545846984
42
0
97
1
330

75
0
76
1
47
0.4128176842155181
98
1
10
34.90568961886538
20
22.81183545379326
450
0
451
0
460
0
461
0
452
1
462
1
453
2
463
0
63
5
421
255
463
1
63
7
421
16777215
470
LINEAR
1001
ACAD
1010
0
1020
0
1030
0
0
HATCH
5
76e
100
AcDbEntity
8
BottomLayer
100
AcDbHatch
10
0
20
0
30
0
210
0
220
0
230
1
2
SOLID
70
1
71
0
91
1
92
7
72
1
73
1
93
4
10
9.787960375920875
20
9.672923545846984
42
-0.7853981633974483
10
9.787960375920875
20
10.246913893827681
42
0
10
11.251968503937178
20
10.246913893827681
42
-0.7853981633974483
10
11.251968503937178
20
9.672923545846984
42
0
97
1
330

75
0
76
1
47
0.4128176842155181
98
1
10
34.90568961886538
20
22.81183545379326
450
0
451
0
460
0
461
0
452
1
462
1
453
2
463
0
63
5
421
255
463
1
63
7
421
16777215
470
LINEAR
1001
ACAD
1010
0
1020
0
1030
0
0
HATCH
5
775
100
AcDbEntity
8
BottomSolderMaskLayer
100
AcDbHatch
10
0
20
0
30
0
210
0
220
0
230
1
2
SOLID
70
1
71
0
91
1
92
7
72
1
73
1
93
4
10
9.723175522039128
20
8.377520955041817
42
-0.7853981633974483
10
9.723175522039128
20
9.002311404622716
42
0
10
11.316753357818698
20
9.002311404622716
42
-0.7853981633974483
10
11.316753357818698
20
8.377520955041817
42
0
97
1
330

75
0
76
1
47
0.4128176842155181
98
1
10
34.90568961886538
20
22.81183545379326
450
0
451
0
460
0
461
0
452
1
462
1
453
2
463
0
63
5
421
255
463
1
63
7
421
16777215
470
LINEAR
1001
ACAD
1010
0
1020
0
1030
0
0
HATCH
5
77c
100
AcDbEntity
8
BottomPasteMaskLayer
100
AcDbHatch
10
0
20
0
30
0
210
0
220
0
230
1
2
SOLID
70
1
71
0
91
1
92
7
72
1
73
1
93
4
10
9.787960375920875
20
8.402921005841918
42
-0.7853981633974483
10
9.787960375920875
20
8.976911353822615
42
0
10
11.251968503937178
20
8.976911353822615
42
-0.7853981633974483
10
11.251968503937178
20
8.402921005841918
42
0
97
1
330

75
0
76
1
47
0.4128176842155181
98
1
10
34.90568961886538
20
22.81183545379326
450
0
451
0
460
0
461
0
452
1
462
1
453
2
463
0
63
5
421
255
463
1
63
7
421
16777215
470
LINEAR
1001
ACAD
1010
0
1020
0
1030
0
0
HATCH
5
783
100
AcDbEntity
8
BottomLayer
100
AcDbHatch
10
0
20
0
30
0
210
0
220
0
230
1
2
SOLID
70
1
71
0
91
1
92
7
72
1
73
1
93
4
10
9.787960375920875
20
8.402921005841918
42
-0.7853981633974483
10
9.787960375920875
20
8.976911353822615
42
0
10
11.251968503937178
20
8.976911353822615
42
-0.7853981633974483
10
11.251968503937178
20
8.402921005841918
42
0
97
1
330

75
0
76
1
47
0.4128176842155181
98
1
10
34.90568961886538
20
22.81183545379326
450
0
451
0
460
0
461
0
452
1
462
1
453
2
463
0
63
5
421
255
463
1
63
7
421
16777215
470
LINEAR
1001
ACAD
1010
0
1020
0
1030
0
0
HATCH
5
78a
100
AcDbEntity
8
BottomSolderMaskLayer
100
AcDbHatch
10
0
20
0
30
0
210
0
220
0
230
1
2
SOLID
70
1
71
0
91
1
92
7
72
1
73
1
93
4
10
9.723175522039128
20
7.1075184150367505
42
-0.7853981633974483
10
9.723175522039128
20
7.73230886461765
42
0
10
11.316753357818698
20
7.73230886461765
42
-0.7853981633974483
10
11.316753357818698
20
7.1075184150367505
42
0
97
1
330

75
0
76
1
47
0.4128176842155181
98
1
10
34.90568961886538
20
22.81183545379326
450
0
451
0
460
0
461
0
452
1
462
1
453
2
463
0
63
5
421
255
463
1
63
7
421
16777215
470
LINEAR
1001
ACAD
1010
0
1020
0
1030
0
0
HATCH
5
791
100
AcDbEntity
8
BottomPasteMaskLayer
100
AcDbHatch
10
0
20
0
30
0
210
0
220
0
230
1
2
SOLID
70
1
71
0
91
1
92
7
72
1
73
1
93
4
10
9.787960375920875
20
7.132918465836852
42
-0.7853981633974483
10
9.787960375920875
20
7.706908813817549
42
0
10
11.251968503937178
20
7.706908813817549
42
-0.7853981633974483
10
11.251968503937178
20
7.132918465836852
42
0
97
1
330

75
0
76
1
47
0.4128176842155181
98
1
10
34.90568961886538
20
22.81183545379326
450
0
451
0
460
0
461
0
452
1
462
1
453
2
463
0
63
5
421
255
463
1
63
7
421
16777215
470
LINEAR
1001
ACAD
1010
0
1020
0
1030
0
0
HATCH
5
798
100
AcDbEntity
8
BottomLayer
100
AcDbHatch
10
0
20
0
30
0
210
0
220
0
230
1
2
SOLID
70
1
71
0
91
1
92
7
72
1
73
1
93
4
10
9.787960375920875
20
7.132918465836852
42
-0.7853981633974483
10
9.787960375920875
20
7.706908813817549
42
0
10
11.251968503937178
20
7.706908813817549
42
-0.7853981633974483
10
11.251968503937178
20
7.132918465836852
42
0
97
1
330

75
0
76
1
47
0.4128176842155181
98
1
10
34.90568961886538
20
22.81183545379326
450
0
451
0
460
0
461
0
452
1
462
1
453
2
463
0
63
5
421
255
463
1
63
7
421
16777215
470
LINEAR
1001
ACAD
1010
0
1020
0
1030
0
0
HATCH
5
79f
100
AcDbEntity
8
BottomSolderMaskLayer
100
AcDbHatch
10
0
20
0
30
0
210
0
220
0
230
1
2
SOLID
70
1
71
0
91
1
92
7
72
1
73
1
93
4
10
9.723175522039128
20
5.837515875031684
42
-0.7853981633974483
10
9.723175522039128
20
6.462306324612584
42
0
10
11.316753357818698
20
6.462306324612584
42
-0.7853981633974483
10
11.316753357818698
20
5.837515875031684
42
0
97
1
330

75
0
76
1
47
0.4128176842155181
98
1
10
34.90568961886538
20
22.81183545379326
450
0
451
0
460
0
461
0
452
1
462
1
453
2
463
0
63
5
421
255
463
1
63
7
421
16777215
470
LINEAR
1001
ACAD
1010
0
1020
0
1030
0
0
HATCH
5
7a6
100
AcDbEntity
8
BottomPasteMaskLayer
100
AcDbHatch
10
0
20
0
30
0
210
0
220
0
230
1
2
SOLID
70
1
71
0
91
1
92
7
72
1
73
1
93
4
10
9.787960375920875
20
5.862915925831786
42
-0.7853981633974483
10
9.787960375920875
20
6.4369062738124825
42
0
10
11.251968503937178
20
6.4369062738124825
42
-0.7853981633974483
10
11.251968503937178
20
5.862915925831786
42
0
97
1
330

75
0
76
1
47
0.4128176842155181
98
1
10
34.90568961886538
20
22.81183545379326
450
0
451
0
460
0
461
0
452
1
462
1
453
2
463
0
63
5
421
255
463
1
63
7
421
16777215
470
LINEAR
1001
ACAD
1010
0
1020
0
1030
0
0
HATCH
5
7ad
100
AcDbEntity
8
BottomLayer
100
AcDbHatch
10
0
20
0
30
0
210
0
220
0
230
1
2
SOLID
70
1
71
0
91
1
92
7
72
1
73
1
93
4
10
9.787960375920875
20
5.862915925831786
42
-0.7853981633974483
10
9.787960375920875
20
6.4369062738124825
42
0
10
11.251968503937178
20
6.4369062738124825
42
-0.7853981633974483
10
11.251968503937178
20
5.862915925831786
42
0
97
1
330

75
0
76
1
47
0.4128176842155181
98
1
10
34.90568961886538
20
22.81183545379326
450
0
451
0
460
0
461
0
452
1
462
1
453
2
463
0
63
5
421
255
463
1
63
7
421
16777215
470
LINEAR
1001
ACAD
1010
0
1020
0
1030
0
0
HATCH
5
7b4
100
AcDbEntity
8
BottomSolderMaskLayer
100
AcDbHatch
10
0
20
0
30
0
210
0
220
0
230
1
2
SOLID
70
1
71
0
91
1
92
7
72
1
73
1
93
4
10
4.184948445585178
20
13.457531115062196
42
-0.7853981633974483
10
4.184948445585178
20
14.082321564643095
42
0
10
5.77852628136452
20
14.082321564643095
42
-0.7853981633974483
10
5.77852628136452
20
13.457531115062196
42
0
97
1
330

75
0
76
1
47
0.4128176842155181
98
1
10
34.90568961886538
20
22.81183545379326
450
0
451
0
460
0
461
0
452
1
462
1
453
2
463
0
63
5
421
255
463
1
63
7
421
16777215
470
LINEAR
1001
ACAD
1010
0
1020
0
1030
0
0
HATCH
5
7bb
100
AcDbEntity
8
BottomPasteMaskLayer
100
AcDbHatch
10
0
20
0
30
0
210
0
220
0
230
1
2
SOLID
70
1
71
0
91
1
92
7
72
1
73
1
93
4
10
4.249733299466698
20
13.482931165862297
42
-0.7853981633974483
10
4.249733299466698
20
14.056921513842994
42
0
10
5.713741427483001
20
14.056921513842994
42
-0.7853981633974483
10
5.713741427483001
20
13.482931165862297
42
0
97
1
330

75
0
76
1
47
0.4128176842155181
98
1
10
34.90568961886538
20
22.81183545379326
450
0
451
0
460
0
461
0
452
1
462
1
453
2
463
0
63
5
421
255
463
1
63
7
421
16777215
470
LINEAR
1001
ACAD
1010
0
1020
0
1030
0
0
HATCH
5
7c2
100
AcDbEntity
8
BottomLayer
100
AcDbHatch
10
0
20
0
30
0
210
0
220
0
230
1
2
SOLID
70
1
71
0
91
1
92
7
72
1
73
1
93
4
10
4.249733299466698
20
13.482931165862297
42
-0.7853981633974483
10
4.249733299466698
20
14.056921513842994
42
0
10
5.713741427483001
20
14.056921513842994
42
-0.7853981633974483
10
5.713741427483001
20
13.482931165862297
42
0
97
1
330

75
0
76
1
47
0.4128176842155181
98
1
10
34.90568961886538
20
22.81183545379326
450
0
451
0
460
0
461
0
452
1
462
1
453
2
463
0
63
5
421
255
463
1
63
7
421
16777215
470
LINEAR
1001
ACAD
1010
0
1020
0
1030
0
0
HATCH
5
7c9
100
AcDbEntity
8
BottomSolderMaskLayer
100
AcDbHatch
10
0
20
0
30
0
210
0
220
0
230
1
2
SOLID
70
1
71
0
91
1
92
7
72
1
73
1
93
4
10
4.184948445585178
20
12.18752857505713
42
-0.7853981633974483
10
4.184948445585178
20
12.812319024638029
42
0
10
5.77852628136452
20
12.812319024638029
42
-0.7853981633974483
10
5.77852628136452
20
12.18752857505713
42
0
97
1
330

75
0
76
1
47
0.4128176842155181
98
1
10
34.90568961886538
20
22.81183545379326
450
0
451
0
460
0
461
0
452
1
462
1
453
2
463
0
63
5
421
255
463
1
63
7
421
16777215
470
LINEAR
1001
ACAD
1010
0
1020
0
1030
0
0
HATCH
5
7d0
100
AcDbEntity
8
BottomPasteMaskLayer
100
AcDbHatch
10
0
20
0
30
0
210
0
220
0
230
1
2
SOLID
70
1
71
0
91
1
92
7
72
1
73
1
93
4
10
4.249733299466698
20
12.21292862585723
42
-0.7853981633974483
10
4.249733299466698
20
12.786918973837928
42
0
10
5.713741427483001
20
12.786918973837928
42
-0.7853981633974483
10
5.713741427483001
20
12.21292862585723
42
0
97
1
330

75
0
76
1
47
0.4128176842155181
98
1
10
34.90568961886538
20
22.81183545379326
450
0
451
0
460
0
461
0
452
1
462
1
453
2
463
0
63
5
421
255
463
1
63
7
421
16777215
470
LINEAR
1001
ACAD
1010
0
1020
0
1030
0
0
HATCH
5
7d7
100
AcDbEntity
8
BottomLayer
100
AcDbHatch
10
0
20
0
30
0
210
0
220
0
230
1
2
SOLID
70
1
71
0
91
1
92
7
72
1
73
1
93
4
10
4.249733299466698
20
12.21292862585723
42
-0.7853981633974483
10
4.249733299466698
20
12.786918973837928
42
0
10
5.713741427483001
20
12.786918973837928
42
-0.7853981633974483
10
5.713741427483001
20
12.21292862585723
42
0
97
1
330

75
0
76
1
47
0.4128176842155181
98
1
10
34.90568961886538
20
22.81183545379326
450
0
451
0
460
0
461
0
452
1
462
1
453
2
463
0
63
5
421
255
463
1
63
7
421
16777215
470
LINEAR
1001
ACAD
1010
0
1020
0
1030
0
0
HATCH
5
7de
100
AcDbEntity
8
BottomSolderMaskLayer
100
AcDbHatch
10
0
20
0
30
0
210
0
220
0
230
1
2
SOLID
70
1
71
0
91
1
92
7
72
1
73
1
93
4
10
4.184948445585178
20
10.91752603505195
42
-0.7853981633974483
10
4.184948445585178
20
11.542316484632849
42
0
10
5.77852628136452
20
11.542316484632849
42
-0.7853981633974483
10
5.77852628136452
20
10.91752603505195
42
0
97
1
330

75
0
76
1
47
0.4128176842155181
98
1
10
34.90568961886538
20
22.81183545379326
450
0
451
0
460
0
461
0
452
1
462
1
453
2
463
0
63
5
421
255
463
1
63
7
421
16777215
470
LINEAR
1001
ACAD
1010
0
1020
0
1030
0
0
HATCH
5
7e5
100
AcDbEntity
8
BottomPasteMaskLayer
100
AcDbHatch
10
0
20
0
30
0
210
0
220
0
230
1
2
SOLID
70
1
71
0
91
1
92
7
72
1
73
1
93
4
10
4.249733299466698
20
10.94292608585205
42
-0.7853981633974483
10
4.249733299466698
20
11.516916433832748
42
0
10
5.713741427483001
20
11.516916433832748
42
-0.7853981633974483
10
5.713741427483001
20
10.94292608585205
42
0
97
1
330

75
0
76
1
47
0.4128176842155181
98
1
10
34.90568961886538
20
22.81183545379326
450
0
451
0
460
0
461
0
452
1
462
1
453
2
463
0
63
5
421
255
463
1
63
7
421
16777215
470
LINEAR
1001
ACAD
1010
0
1020
0
1030
0
0
HATCH
5
7ec
100
AcDbEntity
8
BottomLayer
100
AcDbHatch
10
0
20
0
30
0
210
0
220
0
230
1
2
SOLID
70
1
71
0
91
1
92
7
72
1
73
1
93
4
10
4.249733299466698
20
10.94292608585205
42
-0.7853981633974483
10
4.249733299466698
20
11.516916433832748
42
0
10
5.713741427483001
20
11.516916433832748
42
-0.7853981633974483
10
5.713741427483001
20
10.94292608585205
42
0
97
1
330

75
0
76
1
47
0.4128176842155181
98
1
10
34.90568961886538
20
22.81183545379326
450
0
451
0
460
0
461
0
452
1
462
1
453
2
463
0
63
5
421
255
463
1
63
7
421
16777215
470
LINEAR
1001
ACAD
1010
0
1020
0
1030
0
0
HATCH
5
7f3
100
AcDbEntity
8
BottomSolderMaskLayer
100
AcDbHatch
10
0
20
0
30
0
210
0
220
0
230
1
2
SOLID
70
1
71
0
91
1
92
7
72
1
73
1
93
4
10
4.184948445585178
20
9.647523495046883
42
-0.7853981633974483
10
4.184948445585178
20
10.272313944627783
42
0
10
5.77852628136452
20
10.272313944627783
42
-0.7853981633974483
10
5.77852628136452
20
9.647523495046883
42
0
97
1
330

75
0
76
1
47
0.4128176842155181
98
1
10
34.90568961886538
20
22.81183545379326
450
0
451
0
460
0
461
0
452
1
462
1
453
2
463
0
63
5
421
255
463
1
63
7
421
16777215
470
LINEAR
1001
ACAD
1010
0
1020
0
1030
0
0
HATCH
5
7fa
100
AcDbEntity
8
BottomPasteMaskLayer
100
AcDbHatch
10
0
20
0
30
0
210
0
220
0
230
1
2
SOLID
70
1
71
0
91
1
92
7
72
1
73
1
93
4
10
4.249733299466698
20
9.672923545846984
42
-0.7853981633974483
10
4.249733299466698
20
10.246913893827681
42
0
10
5.713741427483001
20
10.246913893827681
42
-0.7853981633974483
10
5.713741427483001
20
9.672923545846984
42
0
97
1
330

75
0
76
1
47
0.4128176842155181
98
1
10
34.90568961886538
20
22.81183545379326
450
0
451
0
460
0
461
0
452
1
462
1
453
2
463
0
63
5
421
255
463
1
63
7
421
16777215
470
LINEAR
1001
ACAD
1010
0
1020
0
1030
0
0
HATCH
5
801
100
AcDbEntity
8
BottomLayer
100
AcDbHatch
10
0
20
0
30
0
210
0
220
0
230
1
2
SOLID
70
1
71
0
91
1
92
7
72
1
73
1
93
4
10
4.249733299466698
20
9.672923545846984
42
-0.7853981633974483
10
4.249733299466698
20
10.246913893827681
42
0
10
5.713741427483001
20
10.246913893827681
42
-0.7853981633974483
10
5.713741427483001
20
9.672923545846984
42
0
97
1
330

75
0
76
1
47
0.4128176842155181
98
1
10
34.90568961886538
20
22.81183545379326
450
0
451
0
460
0
461
0
452
1
462
1
453
2
463
0
63
5
421
255
463
1
63
7
421
16777215
470
LINEAR
1001
ACAD
1010
0
1020
0
1030
0
0
HATCH
5
808
100
AcDbEntity
8
BottomSolderMaskLayer
100
AcDbHatch
10
0
20
0
30
0
210
0
220
0
230
1
2
SOLID
70
1
71
0
91
1
92
7
72
1
73
1
93
4
10
4.184948445585178
20
8.377520955041817
42
-0.7853981633974483
10
4.184948445585178
20
9.002311404622716
42
0
10
5.77852628136452
20
9.002311404622716
42
-0.7853981633974483
10
5.77852628136452
20
8.377520955041817
42
0
97
1
330

75
0
76
1
47
0.4128176842155181
98
1
10
34.90568961886538
20
22.81183545379326
450
0
451
0
460
0
461
0
452
1
462
1
453
2
463
0
63
5
421
255
463
1
63
7
421
16777215
470
LINEAR
1001
ACAD
1010
0
1020
0
1030
0
0
HATCH
5
80f
100
AcDbEntity
8
BottomPasteMaskLayer
100
AcDbHatch
10
0
20
0
30
0
210
0
220
0
230
1
2
SOLID
70
1
71
0
91
1
92
7
72
1
73
1
93
4
10
4.249733299466698
20
8.402921005841918
42
-0.7853981633974483
10
4.249733299466698
20
8.976911353822615
42
0
10
5.713741427483001
20
8.976911353822615
42
-0.7853981633974483
10
5.713741427483001
20
8.402921005841918
42
0
97
1
330

75
0
76
1
47
0.4128176842155181
98
1
10
34.90568961886538
20
22.81183545379326
450
0
451
0
460
0
461
0
452
1
462
1
453
2
463
0
63
5
421
255
463
1
63
7
421
16777215
470
LINEAR
1001
ACAD
1010
0
1020
0
1030
0
0
HATCH
5
816
100
AcDbEntity
8
BottomLayer
100
AcDbHatch
10
0
20
0
30
0
210
0
220
0
230
1
2
SOLID
70
1
71
0
91
1
92
7
72
1
73
1
93
4
10
4.249733299466698
20
8.402921005841918
42
-0.7853981633974483
10
4.249733299466698
20
8.976911353822615
42
0
10
5.713741427483001
20
8.976911353822615
42
-0.7853981633974483
10
5.713741427483001
20
8.402921005841918
42
0
97
1
330

75
0
76
1
47
0.4128176842155181
98
1
10
34.90568961886538
20
22.81183545379326
450
0
451
0
460
0
461
0
452
1
462
1
453
2
463
0
63
5
421
255
463
1
63
7
421
16777215
470
LINEAR
1001
ACAD
1010
0
1020
0
1030
0
0
HATCH
5
81d
100
AcDbEntity
8
BottomSolderMaskLayer
100
AcDbHatch
10
0
20
0
30
0
210
0
220
0
230
1
2
SOLID
70
1
71
0
91
1
92
7
72
1
73
1
93
4
10
4.184948445585178
20
7.1075184150367505
42
-0.7853981633974483
10
4.184948445585178
20
7.73230886461765
42
0
10
5.77852628136452
20
7.73230886461765
42
-0.7853981633974483
10
5.77852628136452
20
7.1075184150367505
42
0
97
1
330

75
0
76
1
47
0.4128176842155181
98
1
10
34.90568961886538
20
22.81183545379326
450
0
451
0
460
0
461
0
452
1
462
1
453
2
463
0
63
5
421
255
463
1
63
7
421
16777215
470
LINEAR
1001
ACAD
1010
0
1020
0
1030
0
0
HATCH
5
824
100
AcDbEntity
8
BottomPasteMaskLayer
100
AcDbHatch
10
0
20
0
30
0
210
0
220
0
230
1
2
SOLID
70
1
71
0
91
1
92
7
72
1
73
1
93
4
10
4.249733299466698
20
7.132918465836852
42
-0.7853981633974483
10
4.249733299466698
20
7.706908813817549
42
0
10
5.713741427483001
20
7.706908813817549
42
-0.7853981633974483
10
5.713741427483001
20
7.132918465836852
42
0
97
1
330

75
0
76
1
47
0.4128176842155181
98
1
10
34.90568961886538
20
22.81183545379326
450
0
451
0
460
0
461
0
452
1
462
1
453
2
463
0
63
5
421
255
463
1
63
7
421
16777215
470
LINEAR
1001
ACAD
1010
0
1020
0
1030
0
0
HATCH
5
82b
100
AcDbEntity
8
BottomLayer
100
AcDbHatch
10
0
20
0
30
0
210
0
220
0
230
1
2
SOLID
70
1
71
0
91
1
92
7
72
1
73
1
93
4
10
4.249733299466698
20
7.132918465836852
42
-0.7853981633974483
10
4.249733299466698
20
7.706908813817549
42
0
10
5.713741427483001
20
7.706908813817549
42
-0.7853981633974483
10
5.713741427483001
20
7.132918465836852
42
0
97
1
330

75
0
76
1
47
0.4128176842155181
98
1
10
34.90568961886538
20
22.81183545379326
450
0
451
0
460
0
461
0
452
1
462
1
453
2
463
0
63
5
421
255
463
1
63
7
421
16777215
470
LINEAR
1001
ACAD
1010
0
1020
0
1030
0
0
HATCH
5
832
100
AcDbEntity
8
BottomSolderMaskLayer
100
AcDbHatch
10
0
20
0
30
0
210
0
220
0
230
1
2
SOLID
70
1
71
0
91
1
92
7
72
1
73
1
93
4
10
4.184948445585178
20
5.837515875031684
42
-0.7853981633974483
10
4.184948445585178
20
6.462306324612584
42
0
10
5.77852628136452
20
6.462306324612584
42
-0.7853981633974483
10
5.77852628136452
20
5.837515875031684
42
0
97
1
330

75
0
76
1
47
0.4128176842155181
98
1
10
34.90568961886538
20
22.81183545379326
450
0
451
0
460
0
461
0
452
1
462
1
453
2
463
0
63
5
421
255
463
1
63
7
421
16777215
470
LINEAR
1001
ACAD
1010
0
1020
0
1030
0
0
HATCH
5
839
100
AcDbEntity
8
BottomPasteMaskLayer
100
AcDbHatch
10
0
20
0
30
0
210
0
220
0
230
1
2
SOLID
70
1
71
0
91
1
92
7
72
1
73
1
93
4
10
4.249733299466698
20
5.862915925831786
42
-0.7853981633974483
10
4.249733299466698
20
6.4369062738124825
42
0
10
5.713741427483001
20
6.4369062738124825
42
-0.7853981633974483
10
5.713741427483001
20
5.862915925831786
42
0
97
1
330

75
0
76
1
47
0.4128176842155181
98
1
10
34.90568961886538
20
22.81183545379326
450
0
451
0
460
0
461
0
452
1
462
1
453
2
463
0
63
5
421
255
463
1
63
7
421
16777215
470
LINEAR
1001
ACAD
1010
0
1020
0
1030
0
0
HATCH
5
840
100
AcDbEntity
8
BottomLayer
100
AcDbHatch
10
0
20
0
30
0
210
0
220
0
230
1
2
SOLID
70
1
71
0
91
1
92
7
72
1
73
1
93
4
10
4.249733299466698
20
5.862915925831786
42
-0.7853981633974483
10
4.249733299466698
20
6.4369062738124825
42
0
10
5.713741427483001
20
6.4369062738124825
42
-0.7853981633974483
10
5.713741427483001
20
5.862915925831786
42
0
97
1
330

75
0
76
1
47
0.4128176842155181
98
1
10
34.90568961886538
20
22.81183545379326
450
0
451
0
460
0
461
0
452
1
462
1
453
2
463
0
63
5
421
255
463
1
63
7
421
16777215
470
LINEAR
1001
ACAD
1010
0
1020
0
1030
0
0
HATCH
5
843
100
AcDbEntity
8
TopSolderMaskLayer
100
AcDbHatch
10
0
20
0
30
0
210
0
220
0
230
1
2
SOLID
70
1
71
0
91
1
92
7
72
0
73
1
93
4
10
-15.98680310449788
20
17.613738258918488
10
-14.209207770881562
20
17.613738258918488
10
-14.209207770881562
20
16.604269613589054
10
-15.98680310449788
20
16.604269613589054
97
1
330

75
0
76
1
47
0.4128176842155181
98
1
10
34.90568961886538
20
22.81183545379326
450
0
451
0
460
0
461
0
452
1
462
1
453
2
463
0
63
5
421
255
463
1
63
7
421
16777215
470
LINEAR
1001
ACAD
1010
0
1020
0
1030
0
0
HATCH
5
846
100
AcDbEntity
8
TopPasteMaskLayer
100
AcDbHatch
10
0
20
0
30
0
210
0
220
0
230
1
2
SOLID
70
1
71
0
91
1
92
7
72
0
73
1
93
4
10
-15.943002286004457
20
17.59900939801878
10
-14.253009906019656
20
17.59900939801878
10
-14.253009906019656
20
16.61899923799831
10
-15.943002286004457
20
16.61899923799831
97
1
330

75
0
76
1
47
0.4128176842155181
98
1
10
34.90568961886538
20
22.81183545379326
450
0
451
0
460
0
461
0
452
1
462
1
453
2
463
0
63
5
421
255
463
1
63
7
421
16777215
470
LINEAR
1001
ACAD
1010
0
1020
0
1030
0
0
HATCH
5
849
100
AcDbEntity
8
TopLayer
100
AcDbHatch
10
0
20
0
30
0
210
0
220
0
230
1
2
SOLID
70
1
71
0
91
1
92
7
72
0
73
1
93
4
10
-15.943002286004457
20
17.59900939801878
10
-14.253009906019656
20
17.59900939801878
10
-14.253009906019656
20
16.61899923799831
10
-15.943002286004457
20
16.61899923799831
97
1
330

75
0
76
1
47
0.4128176842155181
98
1
10
34.90568961886538
20
22.81183545379326
450
0
451
0
460
0
461
0
452
1
462
1
453
2
463
0
63
5
421
255
463
1
63
7
421
16777215
470
LINEAR
1001
ACAD
1010
0
1020
0
1030
0
0
HATCH
5
84c
100
AcDbEntity
8
TopSolderMaskLayer
100
AcDbHatch
10
0
20
0
30
0
210
0
220
0
230
1
2
SOLID
70
1
71
0
91
1
92
7
72
0
73
1
93
4
10
-15.98680310449788
20
13.113742076465769
10
-14.209207770881562
20
13.113742076465769
10
-14.209207770881562
20
12.104273431136335
10
-15.98680310449788
20
12.104273431136335
97
1
330

75
0
76
1
47
0.4128176842155181
98
1
10
34.90568961886538
20
22.81183545379326
450
0
451
0
460
0
461
0
452
1
462
1
453
2
463
0
63
5
421
255
463
1
63
7
421
16777215
470
LINEAR
1001
ACAD
1010
0
1020
0
1030
0
0
HATCH
5
84f
100
AcDbEntity
8
TopPasteMaskLayer
100
AcDbHatch
10
0
20
0
30
0
210
0
220
0
230
1
2
SOLID
70
1
71
0
91
1
92
7
72
0
73
1
93
4
10
-15.943002286004457
20
13.09900939801878
10
-14.253009906019656
20
13.09900939801878
10
-14.253009906019656
20
12.11899923799831
10
-15.943002286004457
20
12.11899923799831
97
1
330

75
0
76
1
47
0.4128176842155181
98
1
10
34.90568961886538
20
22.81183545379326
450
0
451
0
460
0
461
0
452
1
462
1
453
2
463
0
63
5
421
255
463
1
63
7
421
16777215
470
LINEAR
1001
ACAD
1010
0
1020
0
1030
0
0
HATCH
5
852
100
AcDbEntity
8
TopLayer
100
AcDbHatch
10
0
20
0
30
0
210
0
220
0
230
1
2
SOLID
70
1
71
0
91
1
92
7
72
0
73
1
93
4
10
-15.943002286004457
20
13.09900939801878
10
-14.253009906019656
20
13.09900939801878
10
-14.253009906019656
20
12.11899923799831
10
-15.943002286004457
20
12.11899923799831
97
1
330

75
0
76
1
47
0.4128176842155181
98
1
10
34.90568961886538
20
22.81183545379326
450
0
451
0
460
0
461
0
452
1
462
1
453
2
463
0
63
5
421
255
463
1
63
7
421
16777215
470
LINEAR
1001
ACAD
1010
0
1020
0
1030
0
0
HATCH
5
855
100
AcDbEntity
8
TopSolderMaskLayer
100
AcDbHatch
10
0
20
0
30
0
210
0
220
0
230
1
2
SOLID
70
1
71
0
91
1
92
7
72
0
73
1
93
4
10
-6.61919130749061
20
17.613738258918488
10
-8.396786641106928
20
17.613738258918488
10
-8.396786641106928
20
16.604269613589054
10
-6.61919130749061
20
16.604269613589054
97
1
330

75
0
76
1
47
0.4128176842155181
98
1
10
34.90568961886538
20
22.81183545379326
450
0
451
0
460
0
461
0
452
1
462
1
453
2
463
0
63
5
421
255
463
1
63
7
421
16777215
470
LINEAR
1001
ACAD
1010
0
1020
0
1030
0
0
HATCH
5
858
100
AcDbEntity
8
TopPasteMaskLayer
100
AcDbHatch
10
0
20
0
30
0
210
0
220
0
230
1
2
SOLID
70
1
71
0
91
1
92
7
72
0
73
1
93
4
10
-6.662992125984147
20
17.59900939801878
10
-8.352984505968834
20
17.59900939801878
10
-8.352984505968834
20
16.61899923799831
10
-6.662992125984147
20
16.61899923799831
97
1
330

75
0
76
1
47
0.4128176842155181
98
1
10
34.90568961886538
20
22.81183545379326
450
0
451
0
460
0
461
0
452
1
462
1
453
2
463
0
63
5
421
255
463
1
63
7
421
16777215
470
LINEAR
1001
ACAD
1010
0
1020
0
1030
0
0
HATCH
5
85b
100
AcDbEntity
8
TopLayer
100
AcDbHatch
10
0
20
0
30
0
210
0
220
0
230
1
2
SOLID
70
1
71
0
91
1
92
7
72
0
73
1
93
4
10
-6.662992125984147
20
17.59900939801878
10
-8.352984505968834
20
17.59900939801878
10
-8.352984505968834
20
16.61899923799831
10
-6.662992125984147
20
16.61899923799831
97
1
330

75
0
76
1
47
0.4128176842155181
98
1
10
34.90568961886538
20
22.81183545379326
450
0
451
0
460
0
461
0
452
1
462
1
453
2
463
0
63
5
421
255
463
1
63
7
421
16777215
470
LINEAR
1001
ACAD
1010
0
1020
0
1030
0
0
HATCH
5
85e
100
AcDbEntity
8
TopSolderMaskLayer
100
AcDbHatch
10
0
20
0
30
0
210
0
220
0
230
1
2
SOLID
70
1
71
0
91
1
92
7
72
0
73
1
93
4
10
-6.61919130749061
20
13.113742076465769
10
-8.396786641106928
20
13.113742076465769
10
-8.396786641106928
20
12.104273431136335
10
-6.61919130749061
20
12.104273431136335
97
1
330

75
0
76
1
47
0.4128176842155181
98
1
10
34.90568961886538
20
22.81183545379326
450
0
451
0
460
0
461
0
452
1
462
1
453
2
463
0
63
5
421
255
463
1
63
7
421
16777215
470
LINEAR
1001
ACAD
1010
0
1020
0
1030
0
0
HATCH
5
861
100
AcDbEntity
8
TopPasteMaskLayer
100
AcDbHatch
10
0
20
0
30
0
210
0
220
0
230
1
2
SOLID
70
1
71
0
91
1
92
7
72
0
73
1
93
4
10
-6.662992125984147
20
13.09900939801878
10
-8.352984505968834
20
13.09900939801878
10
-8.352984505968834
20
12.11899923799831
10
-6.662992125984147
20
12.11899923799831
97
1
330

75
0
76
1
47
0.4128176842155181
98
1
10
34.90568961886538
20
22.81183545379326
450
0
451
0
460
0
461
0
452
1
462
1
453
2
463
0
63
5
421
255
463
1
63
7
421
16777215
470
LINEAR
1001
ACAD
1010
0
1020
0
1030
0
0
HATCH
5
864
100
AcDbEntity
8
TopLayer
100
AcDbHatch
10
0
20
0
30
0
210
0
220
0
230
1
2
SOLID
70
1
71
0
91
1
92
7
72
0
73
1
93
4
10
-6.662992125984147
20
13.09900939801878
10
-8.352984505968834
20
13.09900939801878
10
-8.352984505968834
20
12.11899923799831
10
-6.662992125984147
20
12.11899923799831
97
1
330

75
0
76
1
47
0.4128176842155181
98
1
10
34.90568961886538
20
22.81183545379326
450
0
451
0
460
0
461
0
452
1
462
1
453
2
463
0
63
5
421
255
463
1
63
7
421
16777215
470
LINEAR
1001
ACAD
1010
0
1020
0
1030
0
0
HATCH
5
867
100
AcDbEntity
8
TopSolderMaskLayer
100
AcDbHatch
10
0
20
0
30
0
210
0
220
0
230
1
2
SOLID
70
1
71
0
91
1
92
7
72
0
73
1
93
4
10
6.619188674201496
20
17.613738258918488
10
8.396784007818042
20
17.613738258918488
10
8.396784007818042
20
16.604269613589054
10
6.619188674201496
20
16.604269613589054
97
1
330

75
0
76
1
47
0.4128176842155181
98
1
10
34.90568961886538
20
22.81183545379326
450
0
451
0
460
0
461
0
452
1
462
1
453
2
463
0
63
5
421
255
463
1
63
7
421
16777215
470
LINEAR
1001
ACAD
1010
0
1020
0
1030
0
0
HATCH
5
86a
100
AcDbEntity
8
TopPasteMaskLayer
100
AcDbHatch
10
0
20
0
30
0
210
0
220
0
230
1
2
SOLID
70
1
71
0
91
1
92
7
72
0
73
1
93
4
10
6.662992125984374
20
17.59900939801878
10
8.352984505969062
20
17.59900939801878
10
8.352984505969062
20
16.61899923799831
10
6.662992125984374
20
16.61899923799831
97
1
330

75
0
76
1
47
0.4128176842155181
98
1
10
34.90568961886538
20
22.81183545379326
450
0
451
0
460
0
461
0
452
1
462
1
453
2
463
0
63
5
421
255
463
1
63
7
421
16777215
470
LINEAR
1001
ACAD
1010
0
1020
0
1030
0
0
HATCH
5
86d
100
AcDbEntity
8
TopLayer
100
AcDbHatch
10
0
20
0
30
0
210
0
220
0
230
1
2
SOLID
70
1
71
0
91
1
92
7
72
0
73
1
93
4
10
6.662992125984374
20
17.59900939801878
10
8.352984505969062
20
17.59900939801878
10
8.352984505969062
20
16.61899923799831
10
6.662992125984374
20
16.61899923799831
97
1
330

75
0
76
1
47
0.4128176842155181
98
1
10
34.90568961886538
20
22.81183545379326
450
0
451
0
460
0
461
0
452
1
462
1
453
2
463
0
63
5
421
255
463
1
63
7
421
16777215
470
LINEAR
1001
ACAD
1010
0
1020
0
1030
0
0
HATCH
5
870
100
AcDbEntity
8
TopSolderMaskLayer
100
AcDbHatch
10
0
20
0
30
0
210
0
220
0
230
1
2
SOLID
70
1
71
0
91
1
92
7
72
0
73
1
93
4
10
6.619188674201496
20
13.113742076465769
10
8.396784007818042
20
13.113742076465769
10
8.396784007818042
20
12.104273431136335
10
6.619188674201496
20
12.104273431136335
97
1
330

75
0
76
1
47
0.4128176842155181
98
1
10
34.90568961886538
20
22.81183545379326
450
0
451
0
460
0
461
0
452
1
462
1
453
2
463
0
63
5
421
255
463
1
63
7
421
16777215
470
LINEAR
1001
ACAD
1010
0
1020
0
1030
0
0
HATCH
5
873
100
AcDbEntity
8
TopPasteMaskLayer
100
AcDbHatch
10
0
20
0
30
0
210
0
220
0
230
1
2
SOLID
70
1
71
0
91
1
92
7
72
0
73
1
93
4
10
6.662992125984374
20
13.09900939801878
10
8.352984505969062
20
13.09900939801878
10
8.352984505969062
20
12.11899923799831
10
6.662992125984374
20
12.11899923799831
97
1
330

75
0
76
1
47
0.4128176842155181
98
1
10
34.90568961886538
20
22.81183545379326
450
0
451
0
460
0
461
0
452
1
462
1
453
2
463
0
63
5
421
255
463
1
63
7
421
16777215
470
LINEAR
1001
ACAD
1010
0
1020
0
1030
0
0
HATCH
5
876
100
AcDbEntity
8
TopLayer
100
AcDbHatch
10
0
20
0
30
0
210
0
220
0
230
1
2
SOLID
70
1
71
0
91
1
92
7
72
0
73
1
93
4
10
6.662992125984374
20
13.09900939801878
10
8.352984505969062
20
13.09900939801878
10
8.352984505969062
20
12.11899923799831
10
6.662992125984374
20
12.11899923799831
97
1
330

75
0
76
1
47
0.4128176842155181
98
1
10
34.90568961886538
20
22.81183545379326
450
0
451
0
460
0
461
0
452
1
462
1
453
2
463
0
63
5
421
255
463
1
63
7
421
16777215
470
LINEAR
1001
ACAD
1010
0
1020
0
1030
0
0
HATCH
5
879
100
AcDbEntity
8
TopSolderMaskLayer
100
AcDbHatch
10
0
20
0
30
0
210
0
220
0
230
1
2
SOLID
70
1
71
0
91
1
92
7
72
0
73
1
93
4
10
15.986800471209108
20
17.613738258918488
10
14.209205137592562
20
17.613738258918488
10
14.209205137592562
20
16.604269613589054
10
15.986800471209108
20
16.604269613589054
97
1
330

75
0
76
1
47
0.4128176842155181
98
1
10
34.90568961886538
20
22.81183545379326
450
0
451
0
460
0
461
0
452
1
462
1
453
2
463
0
63
5
421
255
463
1
63
7
421
16777215
470
LINEAR
1001
ACAD
1010
0
1020
0
1030
0
0
HATCH
5
87c
100
AcDbEntity
8
TopPasteMaskLayer
100
AcDbHatch
10
0
20
0
30
0
210
0
220
0
230
1
2
SOLID
70
1
71
0
91
1
92
7
72
0
73
1
93
4
10
15.943002286004685
20
17.59900939801878
10
14.253009906019997
20
17.59900939801878
10
14.253009906019997
20
16.61899923799831
10
15.943002286004685
20
16.61899923799831
97
1
330

75
0
76
1
47
0.4128176842155181
98
1
10
34.90568961886538
20
22.81183545379326
450
0
451
0
460
0
461
0
452
1
462
1
453
2
463
0
63
5
421
255
463
1
63
7
421
16777215
470
LINEAR
1001
ACAD
1010
0
1020
0
1030
0
0
HATCH
5
87f
100
AcDbEntity
8
TopLayer
100
AcDbHatch
10
0
20
0
30
0
210
0
220
0
230
1
2
SOLID
70
1
71
0
91
1
92
7
72
0
73
1
93
4
10
15.943002286004685
20
17.59900939801878
10
14.253009906019997
20
17.59900939801878
10
14.253009906019997
20
16.61899923799831
10
15.943002286004685
20
16.61899923799831
97
1
330

75
0
76
1
47
0.4128176842155181
98
1
10
34.90568961886538
20
22.81183545379326
450
0
451
0
460
0
461
0
452
1
462
1
453
2
463
0
63
5
421
255
463
1
63
7
421
16777215
470
LINEAR
1001
ACAD
1010
0
1020
0
1030
0
0
HATCH
5
882
100
AcDbEntity
8
TopSolderMaskLayer
100
AcDbHatch
10
0
20
0
30
0
210
0
220
0
230
1
2
SOLID
70
1
71
0
91
1
92
7
72
0
73
1
93
4
10
15.986800471209108
20
13.113742076465769
10
14.209205137592562
20
13.113742076465769
10
14.209205137592562
20
12.104273431136335
10
15.986800471209108
20
12.104273431136335
97
1
330

75
0
76
1
47
0.4128176842155181
98
1
10
34.90568961886538
20
22.81183545379326
450
0
451
0
460
0
461
0
452
1
462
1
453
2
463
0
63
5
421
255
463
1
63
7
421
16777215
470
LINEAR
1001
ACAD
1010
0
1020
0
1030
0
0
HATCH
5
885
100
AcDbEntity
8
TopPasteMaskLayer
100
AcDbHatch
10
0
20
0
30
0
210
0
220
0
230
1
2
SOLID
70
1
71
0
91
1
92
7
72
0
73
1
93
4
10
15.943002286004685
20
13.09900939801878
10
14.253009906019997
20
13.09900939801878
10
14.253009906019997
20
12.11899923799831
10
15.943002286004685
20
12.11899923799831
97
1
330

75
0
76
1
47
0.4128176842155181
98
1
10
34.90568961886538
20
22.81183545379326
450
0
451
0
460
0
461
0
452
1
462
1
453
2
463
0
63
5
421
255
463
1
63
7
421
16777215
470
LINEAR
1001
ACAD
1010
0
1020
0
1030
0
0
HATCH
5
888
100
AcDbEntity
8
TopLayer
100
AcDbHatch
10
0
20
0
30
0
210
0
220
0
230
1
2
SOLID
70
1
71
0
91
1
92
7
72
0
73
1
93
4
10
15.943002286004685
20
13.09900939801878
10
14.253009906019997
20
13.09900939801878
10
14.253009906019997
20
12.11899923799831
10
15.943002286004685
20
12.11899923799831
97
1
330

75
0
76
1
47
0.4128176842155181
98
1
10
34.90568961886538
20
22.81183545379326
450
0
451
0
460
0
461
0
452
1
462
1
453
2
463
0
63
5
421
255
463
1
63
7
421
16777215
470
LINEAR
1001
ACAD
1010
0
1020
0
1030
0
0
HATCH
5
88b
100
AcDbEntity
8
TopSolderMaskLayer
100
AcDbHatch
10
0
20
0
30
0
210
0
220
0
230
1
2
SOLID
70
1
71
0
91
1
92
7
72
0
73
1
93
4
10
2.061414903474997
20
11.453440228027262
10
2.061414903474997
20
12.298595873894214
10
3.018592030732634
20
12.298595873894214
10
3.018592030732634
20
11.453440228027262
97
1
330

75
0
76
1
47
0.4128176842155181
98
1
10
34.90568961886538
20
22.81183545379326
450
0
451
0
460
0
461
0
452
1
462
1
453
2
463
0
63
5
421
255
463
1
63
7
421
16777215
470
LINEAR
1001
ACAD
1010
0
1020
0
1030
0
0
HATCH
5
88e
100
AcDbEntity
8
TopPasteMaskLayer
100
AcDbHatch
10
0
20
0
30
0
210
0
220
0
230
1
2
SOLID
70
1
71
0
91
1
92
7
72
0
73
1
93
4
10
2.0899923799847784
20
11.476022352044652
10
2.0899923799847784
20
12.276022352044606
10
2.990017780035714
20
12.276022352044606
10
2.990017780035714
20
11.476022352044652
97
1
330

75
0
76
1
47
0.4128176842155181
98
1
10
34.90568961886538
20
22.81183545379326
450
0
451
0
460
0
461
0
452
1
462
1
453
2
463
0
63
5
421
255
463
1
63
7
421
16777215
470
LINEAR
1001
ACAD
1010
0
1020
0
1030
0
0
HATCH
5
891
100
AcDbEntity
8
TopLayer
100
AcDbHatch
10
0
20
0
30
0
210
0
220
0
230
1
2
SOLID
70
1
71
0
91
1
92
7
72
0
73
1
93
4
10
2.0899923799847784
20
11.476022352044652
10
2.0899923799847784
20
12.276022352044606
10
2.990017780035714
20
12.276022352044606
10
2.990017780035714
20
11.476022352044652
97
1
330

75
0
76
1
47
0.4128176842155181
98
1
10
34.90568961886538
20
22.81183545379326
450
0
451
0
460
0
461
0
452
1
462
1
453
2
463
0
63
5
421
255
463
1
63
7
421
16777215
470
LINEAR
1001
ACAD
1010
0
1020
0
1030
0
0
HATCH
5
894
100
AcDbEntity
8
TopSolderMaskLayer
100
AcDbHatch
10
0
20
0
30
0
210
0
220
0
230
1
2
SOLID
70
1
71
0
91
1
92
7
72
0
73
1
93
4
10
2.061414903474997
20
10.053443095416696
10
2.061414903474997
20
10.898598741283308
10
3.018592030732634
20
10.898598741283308
10
3.018592030732634
20
10.053443095416696
97
1
330

75
0
76
1
47
0.4128176842155181
98
1
10
34.90568961886538
20
22.81183545379326
450
0
451
0
460
0
461
0
452
1
462
1
453
2
463
0
63
5
421
255
463
1
63
7
421
16777215
470
LINEAR
1001
ACAD
1010
0
1020
0
1030
0
0
HATCH
5
897
100
AcDbEntity
8
TopPasteMaskLayer
100
AcDbHatch
10
0
20
0
30
0
210
0
220
0
230
1
2
SOLID
70
1
71
0
91
1
92
7
72
0
73
1
93
4
10
2.0899923799847784
20
10.076022352044674
10
2.0899923799847784
20
10.876022352044629
10
2.990017780035714
20
10.876022352044629
10
2.990017780035714
20
10.076022352044674
97
1
330

75
0
76
1
47
0.4128176842155181
98
1
10
34.90568961886538
20
22.81183545379326
450
0
451
0
460
0
461
0
452
1
462
1
453
2
463
0
63
5
421
255
463
1
63
7
421
16777215
470
LINEAR
1001
ACAD
1010
0
1020
0
1030
0
0
HATCH
5
89a
100
AcDbEntity
8
TopLayer
100
AcDbHatch
10
0
20
0
30
0
210
0
220
0
230
1
2
SOLID
70
1
71
0
91
1
92
7
72
0
73
1
93
4
10
2.0899923799847784
20
10.076022352044674
10
2.0899923799847784
20
10.876022352044629
10
2.990017780035714
20
10.876022352044629
10
2.990017780035714
20
10.076022352044674
97
1
330

75
0
76
1
47
0.4128176842155181
98
1
10
34.90568961886538
20
22.81183545379326
450
0
451
0
460
0
461
0
452
1
462
1
453
2
463
0
63
5
421
255
463
1
63
7
421
16777215
470
LINEAR
1001
ACAD
1010
0
1020
0
1030
0
0
HATCH
5
89d
100
AcDbEntity
8
TopSolderMaskLayer
100
AcDbHatch
10
0
20
0
30
0
210
0
220
0
230
1
2
SOLID
70
1
71
0
91
1
92
7
72
0
73
1
93
4
10
-3.018595256545268
20
11.072439466025799
10
-3.018595256545268
20
11.917595111892751
10
-2.061418129287631
20
11.917595111892751
10
-2.061418129287631
20
11.072439466025799
97
1
330

75
0
76
1
47
0.4128176842155181
98
1
10
34.90568961886538
20
22.81183545379326
450
0
451
0
460
0
461
0
452
1
462
1
453
2
463
0
63
5
421
255
463
1
63
7
421
16777215
470
LINEAR
1001
ACAD
1010
0
1020
0
1030
0
0
HATCH
5
8a0
100
AcDbEntity
8
TopPasteMaskLayer
100
AcDbHatch
10
0
20
0
30
0
210
0
220
0
230
1
2
SOLID
70
1
71
0
91
1
92
7
72
0
73
1
93
4
10
-2.990017780035487
20
11.095021590043075
10
-2.990017780035487
20
11.895021590043143
10
-2.089992379984551
20
11.895021590043143
10
-2.089992379984551
20
11.095021590043075
97
1
330

75
0
76
1
47
0.4128176842155181
98
1
10
34.90568961886538
20
22.81183545379326
450
0
451
0
460
0
461
0
452
1
462
1
453
2
463
0
63
5
421
255
463
1
63
7
421
16777215
470
LINEAR
1001
ACAD
1010
0
1020
0
1030
0
0
HATCH
5
8a3
100
AcDbEntity
8
TopLayer
100
AcDbHatch
10
0
20
0
30
0
210
0
220
0
230
1
2
SOLID
70
1
71
0
91
1
92
7
72
0
73
1
93
4
10
-2.990017780035487
20
11.095021590043075
10
-2.990017780035487
20
11.895021590043143
10
-2.089992379984551
20
11.895021590043143
10
-2.089992379984551
20
11.095021590043075
97
1
330

75
0
76
1
47
0.4128176842155181
98
1
10
34.90568961886538
20
22.81183545379326
450
0
451
0
460
0
461
0
452
1
462
1
453
2
463
0
63
5
421
255
463
1
63
7
421
16777215
470
LINEAR
1001
ACAD
1010
0
1020
0
1030
0
0
HATCH
5
8a6
100
AcDbEntity
8
TopSolderMaskLayer
100
AcDbHatch
10
0
20
0
30
0
210
0
220
0
230
1
2
SOLID
70
1
71
0
91
1
92
7
72
0
73
1
93
4
10
-3.018595256545268
20
9.67244233341512
10
-3.018595256545268
20
10.517597979281845
10
-2.061418129287631
20
10.517597979281845
10
-2.061418129287631
20
9.67244233341512
97
1
330

75
0
76
1
47
0.4128176842155181
98
1
10
34.90568961886538
20
22.81183545379326
450
0
451
0
460
0
461
0
452
1
462
1
453
2
463
0
63
5
421
255
463
1
63
7
421
16777215
470
LINEAR
1001
ACAD
1010
0
1020
0
1030
0
0
HATCH
5
8a9
100
AcDbEntity
8
TopPasteMaskLayer
100
AcDbHatch
10
0
20
0
30
0
210
0
220
0
230
1
2
SOLID
70
1
71
0
91
1
92
7
72
0
73
1
93
4
10
-2.990017780035487
20
9.695021590043098
10
-2.990017780035487
20
10.495021590043052
10
-2.089992379984551
20
10.495021590043052
10
-2.089992379984551
20
9.695021590043098
97
1
330

75
0
76
1
47
0.4128176842155181
98
1
10
34.90568961886538
20
22.81183545379326
450
0
451
0
460
0
461
0
452
1
462
1
453
2
463
0
63
5
421
255
463
1
63
7
421
16777215
470
LINEAR
1001
ACAD
1010
0
1020
0
1030
0
0
HATCH
5
8ac
100
AcDbEntity
8
TopLayer
100
AcDbHatch
10
0
20
0
30
0
210
0
220
0
230
1
2
SOLID
70
1
71
0
91
1
92
7
72
0
73
1
93
4
10
-2.990017780035487
20
9.695021590043098
10
-2.990017780035487
20
10.495021590043052
10
-2.089992379984551
20
10.495021590043052
10
-2.089992379984551
20
9.695021590043098
97
1
330

75
0
76
1
47
0.4128176842155181
98
1
10
34.90568961886538
20
22.81183545379326
450
0
451
0
460
0
461
0
452
1
462
1
453
2
463
0
63
5
421
255
463
1
63
7
421
16777215
470
LINEAR
1001
ACAD
1010
0
1020
0
1030
0
0
HATCH
5
8af
100
AcDbEntity
8
TopSolderMaskLayer
100
AcDbHatch
10
0
20
0
30
0
210
0
220
0
230
1
2
SOLID
70
1
71
0
91
1
92
7
72
0
73
1
93
4
10
-4.765373279133655
20
12.915419981377568
10
-3.9145731775333843
20
12.915419981377568
10
-3.9145731775333843
20
11.96459304603195
10
-4.765373279133655
20
11.96459304603195
97
1
330

75
0
76
1
47
0.4128176842155181
98
1
10
34.90568961886538
20
22.81183545379326
450
0
451
0
460
0
461
0
452
1
462
1
453
2
463
0
63
5
421
255
463
1
63
7
421
16777215
470
LINEAR
1001
ACAD
1010
0
1020
0
1030
0
0
HATCH
5
8b2
100
AcDbEntity
8
TopPasteMaskLayer
100
AcDbHatch
10
0
20
0
30
0
210
0
220
0
230
1
2
SOLID
70
1
71
0
91
1
92
7
72
0
73
1
93
4
10
-4.739979679959333
20
12.890017780035578
10
-3.9399796799593787
20
12.890017780035578
10
-3.9399796799593787
20
11.989992379984756
10
-4.739979679959333
20
11.989992379984756
97
1
330

75
0
76
1
47
0.4128176842155181
98
1
10
34.90568961886538
20
22.81183545379326
450
0
451
0
460
0
461
0
452
1
462
1
453
2
463
0
63
5
421
255
463
1
63
7
421
16777215
470
LINEAR
1001
ACAD
1010
0
1020
0
1030
0
0
HATCH
5
8b5
100
AcDbEntity
8
TopLayer
100
AcDbHatch
10
0
20
0
30
0
210
0
220
0
230
1
2
SOLID
70
1
71
0
91
1
92
7
72
0
73
1
93
4
10
-4.739979679959333
20
12.890017780035578
10
-3.9399796799593787
20
12.890017780035578
10
-3.9399796799593787
20
11.989992379984756
10
-4.739979679959333
20
11.989992379984756
97
1
330

75
0
76
1
47
0.4128176842155181
98
1
10
34.90568961886538
20
22.81183545379326
450
0
451
0
460
0
461
0
452
1
462
1
453
2
463
0
63
5
421
255
463
1
63
7
421
16777215
470
LINEAR
1001
ACAD
1010
0
1020
0
1030
0
0
HATCH
5
8b8
100
AcDbEntity
8
TopSolderMaskLayer
100
AcDbHatch
10
0
20
0
30
0
210
0
220
0
230
1
2
SOLID
70
1
71
0
91
1
92
7
72
0
73
1
93
4
10
-6.165386182385191
20
12.915419981377568
10
-5.31458608078492
20
12.915419981377568
10
-5.31458608078492
20
11.96459304603195
10
-6.165386182385191
20
11.96459304603195
97
1
330

75
0
76
1
47
0.4128176842155181
98
1
10
34.90568961886538
20
22.81183545379326
450
0
451
0
460
0
461
0
452
1
462
1
453
2
463
0
63
5
421
255
463
1
63
7
421
16777215
470
LINEAR
1001
ACAD
1010
0
1020
0
1030
0
0
HATCH
5
8bb
100
AcDbEntity
8
TopPasteMaskLayer
100
AcDbHatch
10
0
20
0
30
0
210
0
220
0
230
1
2
SOLID
70
1
71
0
91
1
92
7
72
0
73
1
93
4
10
-6.139979679959197
20
12.890017780035578
10
-5.339979679959242
20
12.890017780035578
10
-5.339979679959242
20
11.989992379984756
10
-6.139979679959197
20
11.989992379984756
97
1
330

75
0
76
1
47
0.4128176842155181
98
1
10
34.90568961886538
20
22.81183545379326
450
0
451
0
460
0
461
0
452
1
462
1
453
2
463
0
63
5
421
255
463
1
63
7
421
16777215
470
LINEAR
1001
ACAD
1010
0
1020
0
1030
0
0
HATCH
5
8be
100
AcDbEntity
8
TopLayer
100
AcDbHatch
10
0
20
0
30
0
210
0
220
0
230
1
2
SOLID
70
1
71
0
91
1
92
7
72
0
73
1
93
4
10
-6.139979679959197
20
12.890017780035578
10
-5.339979679959242
20
12.890017780035578
10
-5.339979679959242
20
11.989992379984756
10
-6.139979679959197
20
11.989992379984756
97
1
330

75
0
76
1
47
0.4128176842155181
98
1
10
34.90568961886538
20
22.81183545379326
450
0
451
0
460
0
461
0
452
1
462
1
453
2
463
0
63
5
421
255
463
1
63
7
421
16777215
470
LINEAR
1001
ACAD
1010
0
1020
0
1030
0
0
HATCH
5
8c1
100
AcDbEntity
8
TopSolderMaskLayer
100
AcDbHatch
10
0
20
0
30
0
210
0
220
0
230
1
2
SOLID
70
1
71
0
91
1
92
7
72
0
73
1
93
4
10
-17.369596945645412
20
14.75541999829511
10
-17.369596945645412
20
15.60057564416195
10
-16.412419818388003
20
15.60057564416195
10
-16.412419818388003
20
14.75541999829511
97
1
330

75
0
76
1
47
0.4128176842155181
98
1
10
34.90568961886538
20
22.81183545379326
450
0
451
0
460
0
461
0
452
1
462
1
453
2
463
0
63
5
421
255
463
1
63
7
421
16777215
470
LINEAR
1001
ACAD
1010
0
1020
0
1030
0
0
HATCH
5
8c4
100
AcDbEntity
8
TopPasteMaskLayer
100
AcDbHatch
10
0
20
0
30
0
210
0
220
0
230
1
2
SOLID
70
1
71
0
91
1
92
7
72
0
73
1
93
4
10
-17.34102108204206
20
14.778003556007093
10
-17.34102108204206
20
15.578003556007047
10
-16.440995681991353
20
15.578003556007047
10
-16.440995681991353
20
14.778003556007093
97
1
330

75
0
76
1
47
0.4128176842155181
98
1
10
34.90568961886538
20
22.81183545379326
450
0
451
0
460
0
461
0
452
1
462
1
453
2
463
0
63
5
421
255
463
1
63
7
421
16777215
470
LINEAR
1001
ACAD
1010
0
1020
0
1030
0
0
HATCH
5
8c7
100
AcDbEntity
8
TopLayer
100
AcDbHatch
10
0
20
0
30
0
210
0
220
0
230
1
2
SOLID
70
1
71
0
91
1
92
7
72
0
73
1
93
4
10
-17.34102108204206
20
14.778003556007093
10
-17.34102108204206
20
15.578003556007047
10
-16.440995681991353
20
15.578003556007047
10
-16.440995681991353
20
14.778003556007093
97
1
330

75
0
76
1
47
0.4128176842155181
98
1
10
34.90568961886538
20
22.81183545379326
450
0
451
0
460
0
461
0
452
1
462
1
453
2
463
0
63
5
421
255
463
1
63
7
421
16777215
470
LINEAR
1001
ACAD
1010
0
1020
0
1030
0
0
HATCH
5
8ca
100
AcDbEntity
8
TopSolderMaskLayer
100
AcDbHatch
10
0
20
0
30
0
210
0
220
0
230
1
2
SOLID
70
1
71
0
91
1
92
7
72
0
73
1
93
4
10
-17.369596945645412
20
13.355422865684318
10
-17.369596945645412
20
14.20057851155127
10
-16.412419818388003
20
14.20057851155127
10
-16.412419818388003
20
13.355422865684318
97
1
330

75
0
76
1
47
0.4128176842155181
98
1
10
34.90568961886538
20
22.81183545379326
450
0
451
0
460
0
461
0
452
1
462
1
453
2
463
0
63
5
421
255
463
1
63
7
421
16777215
470
LINEAR
1001
ACAD
1010
0
1020
0
1030
0
0
HATCH
5
8cd
100
AcDbEntity
8
TopPasteMaskLayer
100
AcDbHatch
10
0
20
0
30
0
210
0
220
0
230
1
2
SOLID
70
1
71
0
91
1
92
7
72
0
73
1
93
4
10
-17.34102108204206
20
13.378003556007002
10
-17.34102108204206
20
14.17800355600707
10
-16.440995681991353
20
14.17800355600707
10
-16.440995681991353
20
13.378003556007002
97
1
330

75
0
76
1
47
0.4128176842155181
98
1
10
34.90568961886538
20
22.81183545379326
450
0
451
0
460
0
461
0
452
1
462
1
453
2
463
0
63
5
421
255
463
1
63
7
421
16777215
470
LINEAR
1001
ACAD
1010
0
1020
0
1030
0
0
HATCH
5
8d0
100
AcDbEntity
8
TopLayer
100
AcDbHatch
10
0
20
0
30
0
210
0
220
0
230
1
2
SOLID
70
1
71
0
91
1
92
7
72
0
73
1
93
4
10
-17.34102108204206
20
13.378003556007002
10
-17.34102108204206
20
14.17800355600707
10
-16.440995681991353
20
14.17800355600707
10
-16.440995681991353
20
13.378003556007002
97
1
330

75
0
76
1
47
0.4128176842155181
98
1
10
34.90568961886538
20
22.81183545379326
450
0
451
0
460
0
461
0
452
1
462
1
453
2
463
0
63
5
421
255
463
1
63
7
421
16777215
470
LINEAR
1001
ACAD
1010
0
1020
0
1030
0
0
HATCH
5
8d3
100
AcDbEntity
8
TopSolderMaskLayer
100
AcDbHatch
10
0
20
0
30
0
210
0
220
0
230
1
2
SOLID
70
1
71
0
91
1
92
7
72
0
73
1
93
4
10
16.412416592575255
20
14.755446832040548
10
16.412416592575255
20
15.6006024779075
10
17.369593719832892
20
15.6006024779075
10
17.369593719832892
20
14.755446832040548
97
1
330

75
0
76
1
47
0.4128176842155181
98
1
10
34.90568961886538
20
22.81183545379326
450
0
451
0
460
0
461
0
452
1
462
1
453
2
463
0
63
5
421
255
463
1
63
7
421
16777215
470
LINEAR
1001
ACAD
1010
0
1020
0
1030
0
0
HATCH
5
8d6
100
AcDbEntity
8
TopPasteMaskLayer
100
AcDbHatch
10
0
20
0
30
0
210
0
220
0
230
1
2
SOLID
70
1
71
0
91
1
92
7
72
0
73
1
93
4
10
16.440995681991353
20
14.778028956057824
10
16.440995681991353
20
15.578028956057892
10
17.34102108204229
20
15.578028956057892
10
17.34102108204229
20
14.778028956057824
97
1
330

75
0
76
1
47
0.4128176842155181
98
1
10
34.90568961886538
20
22.81183545379326
450
0
451
0
460
0
461
0
452
1
462
1
453
2
463
0
63
5
421
255
463
1
63
7
421
16777215
470
LINEAR
1001
ACAD
1010
0
1020
0
1030
0
0
HATCH
5
8d9
100
AcDbEntity
8
TopLayer
100
AcDbHatch
10
0
20
0
30
0
210
0
220
0
230
1
2
SOLID
70
1
71
0
91
1
92
7
72
0
73
1
93
4
10
16.440995681991353
20
14.778028956057824
10
16.440995681991353
20
15.578028956057892
10
17.34102108204229
20
15.578028956057892
10
17.34102108204229
20
14.778028956057824
97
1
330

75
0
76
1
47
0.4128176842155181
98
1
10
34.90568961886538
20
22.81183545379326
450
0
451
0
460
0
461
0
452
1
462
1
453
2
463
0
63
5
421
255
463
1
63
7
421
16777215
470
LINEAR
1001
ACAD
1010
0
1020
0
1030
0
0
HATCH
5
8dc
100
AcDbEntity
8
TopSolderMaskLayer
100
AcDbHatch
10
0
20
0
30
0
210
0
220
0
230
1
2
SOLID
70
1
71
0
91
1
92
7
72
0
73
1
93
4
10
16.412416592575255
20
13.355449699429869
10
16.412416592575255
20
14.200605345296594
10
17.369593719832892
20
14.200605345296594
10
17.369593719832892
20
13.355449699429869
97
1
330

75
0
76
1
47
0.4128176842155181
98
1
10
34.90568961886538
20
22.81183545379326
450
0
451
0
460
0
461
0
452
1
462
1
453
2
463
0
63
5
421
255
463
1
63
7
421
16777215
470
LINEAR
1001
ACAD
1010
0
1020
0
1030
0
0
HATCH
5
8df
100
AcDbEntity
8
TopPasteMaskLayer
100
AcDbHatch
10
0
20
0
30
0
210
0
220
0
230
1
2
SOLID
70
1
71
0
91
1
92
7
72
0
73
1
93
4
10
16.440995681991353
20
13.378028956057847
10
16.440995681991353
20
14.178028956057801
10
17.34102108204229
20
14.178028956057801
10
17.34102108204229
20
13.378028956057847
97
1
330

75
0
76
1
47
0.4128176842155181
98
1
10
34.90568961886538
20
22.81183545379326
450
0
451
0
460
0
461
0
452
1
462
1
453
2
463
0
63
5
421
255
463
1
63
7
421
16777215
470
LINEAR
1001
ACAD
1010
0
1020
0
1030
0
0
HATCH
5
8e2
100
AcDbEntity
8
TopLayer
100
AcDbHatch
10
0
20
0
30
0
210
0
220
0
230
1
2
SOLID
70
1
71
0
91
1
92
7
72
0
73
1
93
4
10
16.440995681991353
20
13.378028956057847
10
16.440995681991353
20
14.178028956057801
10
17.34102108204229
20
14.178028956057801
10
17.34102108204229
20
13.378028956057847
97
1
330

75
0
76
1
47
0.4128176842155181
98
1
10
34.90568961886538
20
22.81183545379326
450
0
451
0
460
0
461
0
452
1
462
1
453
2
463
0
63
5
421
255
463
1
63
7
421
16777215
470
LINEAR
1001
ACAD
1010
0
1020
0
1030
0
0
HATCH
5
8e5
100
AcDbEntity
8
TopSolderMaskLayer
100
AcDbHatch
10
0
20
0
30
0
210
0
220
0
230
1
2
SOLID
70
1
71
0
91
1
92
7
72
0
73
1
93
4
10
11.409423418846927
20
-9.111433607096728
10
10.558623317246656
20
-9.111433607096728
10
10.558623317246656
20
-8.160606671751111
10
11.409423418846927
20
-8.160606671751111
97
1
330

75
0
76
1
47
0.4128176842155181
98
1
10
34.90568961886538
20
22.81183545379326
450
0
451
0
460
0
461
0
452
1
462
1
453
2
463
0
63
5
421
255
463
1
63
7
421
16777215
470
LINEAR
1001
ACAD
1010
0
1020
0
1030
0
0
HATCH
5
8e8
100
AcDbEntity
8
TopPasteMaskLayer
100
AcDbHatch
10
0
20
0
30
0
210
0
220
0
230
1
2
SOLID
70
1
71
0
91
1
92
7
72
0
73
1
93
4
10
11.384023368046655
20
-9.086029972060032
10
10.5840233680467
20
-9.086029972060032
10
10.5840233680467
20
-8.18600457200921
10
11.384023368046655
20
-8.18600457200921
97
1
330

75
0
76
1
47
0.4128176842155181
98
1
10
34.90568961886538
20
22.81183545379326
450
0
451
0
460
0
461
0
452
1
462
1
453
2
463
0
63
5
421
255
463
1
63
7
421
16777215
470
LINEAR
1001
ACAD
1010
0
1020
0
1030
0
0
HATCH
5
8eb
100
AcDbEntity
8
TopLayer
100
AcDbHatch
10
0
20
0
30
0
210
0
220
0
230
1
2
SOLID
70
1
71
0
91
1
92
7
72
0
73
1
93
4
10
11.384023368046655
20
-9.086029972060032
10
10.5840233680467
20
-9.086029972060032
10
10.5840233680467
20
-8.18600457200921
10
11.384023368046655
20
-8.18600457200921
97
1
330

75
0
76
1
47
0.4128176842155181
98
1
10
34.90568961886538
20
22.81183545379326
450
0
451
0
460
0
461
0
452
1
462
1
453
2
463
0
63
5
421
255
463
1
63
7
421
16777215
470
LINEAR
1001
ACAD
1010
0
1020
0
1030
0
0
HATCH
5
8ee
100
AcDbEntity
8
TopSolderMaskLayer
100
AcDbHatch
10
0
20
0
30
0
210
0
220
0
230
1
2
SOLID
70
1
71
0
91
1
92
7
72
0
73
1
93
4
10
12.80942019303393
20
-9.111433607096728
10
11.958620091433886
20
-9.111433607096728
10
11.958620091433886
20
-8.160606671751111
10
12.80942019303393
20
-8.160606671751111
97
1
330

75
0
76
1
47
0.4128176842155181
98
1
10
34.90568961886538
20
22.81183545379326
450
0
451
0
460
0
461
0
452
1
462
1
453
2
463
0
63
5
421
255
463
1
63
7
421
16777215
470
LINEAR
1001
ACAD
1010
0
1020
0
1030
0
0
HATCH
5
8f1
100
AcDbEntity
8
TopPasteMaskLayer
100
AcDbHatch
10
0
20
0
30
0
210
0
220
0
230
1
2
SOLID
70
1
71
0
91
1
92
7
72
0
73
1
93
4
10
12.784023368046746
20
-9.086029972060032
10
11.984023368046792
20
-9.086029972060032
10
11.984023368046792
20
-8.18600457200921
10
12.784023368046746
20
-8.18600457200921
97
1
330

75
0
76
1
47
0.4128176842155181
98
1
10
34.90568961886538
20
22.81183545379326
450
0
451
0
460
0
461
0
452
1
462
1
453
2
463
0
63
5
421
255
463
1
63
7
421
16777215
470
LINEAR
1001
ACAD
1010
0
1020
0
1030
0
0
HATCH
5
8f4
100
AcDbEntity
8
TopLayer
100
AcDbHatch
10
0
20
0
30
0
210
0
220
0
230
1
2
SOLID
70
1
71
0
91
1
92
7
72
0
73
1
93
4
10
12.784023368046746
20
-9.086029972060032
10
11.984023368046792
20
-9.086029972060032
10
11.984023368046792
20
-8.18600457200921
10
12.784023368046746
20
-8.18600457200921
97
1
330

75
0
76
1
47
0.4128176842155181
98
1
10
34.90568961886538
20
22.81183545379326
450
0
451
0
460
0
461
0
452
1
462
1
453
2
463
0
63
5
421
255
463
1
63
7
421
16777215
470
LINEAR
1001
ACAD
1010
0
1020
0
1030
0
0
HATCH
5
8f7
100
AcDbEntity
8
TopSolderMaskLayer
100
AcDbHatch
10
0
20
0
30
0
210
0
220
0
230
1
2
SOLID
70
1
71
0
91
1
92
7
72
0
73
1
93
4
10
11.409423418846927
20
-10.762436909103371
10
10.558623317246656
20
-10.762436909103371
10
10.558623317246656
20
-9.811609973757754
10
11.409423418846927
20
-9.811609973757754
97
1
330

75
0
76
1
47
0.4128176842155181
98
1
10
34.90568961886538
20
22.81183545379326
450
0
451
0
460
0
461
0
452
1
462
1
453
2
463
0
63
5
421
255
463
1
63
7
421
16777215
470
LINEAR
1001
ACAD
1010
0
1020
0
1030
0
0
HATCH
5
8fa
100
AcDbEntity
8
TopPasteMaskLayer
100
AcDbHatch
10
0
20
0
30
0
210
0
220
0
230
1
2
SOLID
70
1
71
0
91
1
92
7
72
0
73
1
93
4
10
11.384023368046655
20
-10.737033274066675
10
10.5840233680467
20
-10.737033274066675
10
10.5840233680467
20
-9.837007874015853
10
11.384023368046655
20
-9.837007874015853
97
1
330

75
0
76
1
47
0.4128176842155181
98
1
10
34.90568961886538
20
22.81183545379326
450
0
451
0
460
0
461
0
452
1
462
1
453
2
463
0
63
5
421
255
463
1
63
7
421
16777215
470
LINEAR
1001
ACAD
1010
0
1020
0
1030
0
0
HATCH
5
8fd
100
AcDbEntity
8
TopLayer
100
AcDbHatch
10
0
20
0
30
0
210
0
220
0
230
1
2
SOLID
70
1
71
0
91
1
92
7
72
0
73
1
93
4
10
11.384023368046655
20
-10.737033274066675
10
10.5840233680467
20
-10.737033274066675
10
10.5840233680467
20
-9.837007874015853
10
11.384023368046655
20
-9.837007874015853
97
1
330

75
0
76
1
47
0.4128176842155181
98
1
10
34.90568961886538
20
22.81183545379326
450
0
451
0
460
0
461
0
452
1
462
1
453
2
463
0
63
5
421
255
463
1
63
7
421
16777215
470
LINEAR
1001
ACAD
1010
0
1020
0
1030
0
0
HATCH
5
900
100
AcDbEntity
8
TopSolderMaskLayer
100
AcDbHatch
10
0
20
0
30
0
210
0
220
0
230
1
2
SOLID
70
1
71
0
91
1
92
7
72
0
73
1
93
4
10
12.80942019303393
20
-10.762436909103371
10
11.958620091433886
20
-10.762436909103371
10
11.958620091433886
20
-9.811609973757754
10
12.80942019303393
20
-9.811609973757754
97
1
330

75
0
76
1
47
0.4128176842155181
98
1
10
34.90568961886538
20
22.81183545379326
450
0
451
0
460
0
461
0
452
1
462
1
453
2
463
0
63
5
421
255
463
1
63
7
421
16777215
470
LINEAR
1001
ACAD
1010
0
1020
0
1030
0
0
HATCH
5
903
100
AcDbEntity
8
TopPasteMaskLayer
100
AcDbHatch
10
0
20
0
30
0
210
0
220
0
230
1
2
SOLID
70
1
71
0
91
1
92
7
72
0
73
1
93
4
10
12.784023368046746
20
-10.737033274066675
10
11.984023368046792
20
-10.737033274066675
10
11.984023368046792
20
-9.837007874015853
10
12.784023368046746
20
-9.837007874015853
97
1
330

75
0
76
1
47
0.4128176842155181
98
1
10
34.90568961886538
20
22.81183545379326
450
0
451
0
460
0
461
0
452
1
462
1
453
2
463
0
63
5
421
255
463
1
63
7
421
16777215
470
LINEAR
1001
ACAD
1010
0
1020
0
1030
0
0
HATCH
5
906
100
AcDbEntity
8
TopLayer
100
AcDbHatch
10
0
20
0
30
0
210
0
220
0
230
1
2
SOLID
70
1
71
0
91
1
92
7
72
0
73
1
93
4
10
12.784023368046746
20
-10.737033274066675
10
11.984023368046792
20
-10.737033274066675
10
11.984023368046792
20
-9.837007874015853
10
12.784023368046746
20
-9.837007874015853
97
1
330

75
0
76
1
47
0.4128176842155181
98
1
10
34.90568961886538
20
22.81183545379326
450
0
451
0
460
0
461
0
452
1
462
1
453
2
463
0
63
5
421
255
463
1
63
7
421
16777215
470
LINEAR
1001
ACAD
1010
0
1020
0
1030
0
0
HATCH
5
909
100
AcDbEntity
8
TopSolderMaskLayer
100
AcDbHatch
10
0
20
0
30
0
210
0
220
0
230
1
2
SOLID
70
1
71
0
91
1
92
7
72
0
73
1
93
4
10
11.967407702557466
20
-5.375656760632637
10
11.967407702557466
20
-4.530501114765798
10
12.924584829815103
20
-4.530501114765798
10
12.924584829815103
20
-5.375656760632637
97
1
330

75
0
76
1
47
0.4128176842155181
98
1
10
34.90568961886538
20
22.81183545379326
450
0
451
0
460
0
461
0
452
1
462
1
453
2
463
0
63
5
421
255
463
1
63
7
421
16777215
470
LINEAR
1001
ACAD
1010
0
1020
0
1030
0
0
HATCH
5
90c
100
AcDbEntity
8
TopPasteMaskLayer
100
AcDbHatch
10
0
20
0
30
0
210
0
220
0
230
1
2
SOLID
70
1
71
0
91
1
92
7
72
0
73
1
93
4
10
11.995986791973564
20
-5.3530861061722135
10
11.995986791973564
20
-4.553086106172373
10
12.8960121920245
20
-4.553086106172373
10
12.8960121920245
20
-5.3530861061722135
97
1
330

75
0
76
1
47
0.4128176842155181
98
1
10
34.90568961886538
20
22.81183545379326
450
0
451
0
460
0
461
0
452
1
462
1
453
2
463
0
63
5
421
255
463
1
63
7
421
16777215
470
LINEAR
1001
ACAD
1010
0
1020
0
1030
0
0
HATCH
5
90f
100
AcDbEntity
8
TopLayer
100
AcDbHatch
10
0
20
0
30
0
210
0
220
0
230
1
2
SOLID
70
1
71
0
91
1
92
7
72
0
73
1
93
4
10
11.995986791973564
20
-5.3530861061722135
10
11.995986791973564
20
-4.553086106172373
10
12.8960121920245
20
-4.553086106172373
10
12.8960121920245
20
-5.3530861061722135
97
1
330

75
0
76
1
47
0.4128176842155181
98
1
10
34.90568961886538
20
22.81183545379326
450
0
451
0
460
0
461
0
452
1
462
1
453
2
463
0
63
5
421
255
463
1
63
7
421
16777215
470
LINEAR
1001
ACAD
1010
0
1020
0
1030
0
0
HATCH
5
912
100
AcDbEntity
8
TopSolderMaskLayer
100
AcDbHatch
10
0
20
0
30
0
210
0
220
0
230
1
2
SOLID
70
1
71
0
91
1
92
7
72
0
73
1
93
4
10
11.967407702557466
20
-6.775668230189581
10
11.967407702557466
20
-5.930512584322628
10
12.924584829815103
20
-5.930512584322628
10
12.924584829815103
20
-6.775668230189581
97
1
330

75
0
76
1
47
0.4128176842155181
98
1
10
34.90568961886538
20
22.81183545379326
450
0
451
0
460
0
461
0
452
1
462
1
453
2
463
0
63
5
421
255
463
1
63
7
421
16777215
470
LINEAR
1001
ACAD
1010
0
1020
0
1030
0
0
HATCH
5
915
100
AcDbEntity
8
TopPasteMaskLayer
100
AcDbHatch
10
0
20
0
30
0
210
0
220
0
230
1
2
SOLID
70
1
71
0
91
1
92
7
72
0
73
1
93
4
10
11.995986791973564
20
-6.753086106172304
10
11.995986791973564
20
-5.953086106172236
10
12.8960121920245
20
-5.953086106172236
10
12.8960121920245
20
-6.753086106172304
97
1
330

75
0
76
1
47
0.4128176842155181
98
1
10
34.90568961886538
20
22.81183545379326
450
0
451
0
460
0
461
0
452
1
462
1
453
2
463
0
63
5
421
255
463
1
63
7
421
16777215
470
LINEAR
1001
ACAD
1010
0
1020
0
1030
0
0
HATCH
5
918
100
AcDbEntity
8
TopLayer
100
AcDbHatch
10
0
20
0
30
0
210
0
220
0
230
1
2
SOLID
70
1
71
0
91
1
92
7
72
0
73
1
93
4
10
11.995986791973564
20
-6.753086106172304
10
11.995986791973564
20
-5.953086106172236
10
12.8960121920245
20
-5.953086106172236
10
12.8960121920245
20
-6.753086106172304
97
1
330

75
0
76
1
47
0.4128176842155181
98
1
10
34.90568961886538
20
22.81183545379326
450
0
451
0
460
0
461
0
452
1
462
1
453
2
463
0
63
5
421
255
463
1
63
7
421
16777215
470
LINEAR
1001
ACAD
1010
0
1020
0
1030
0
0
HATCH
5
91b
100
AcDbEntity
8
TopSolderMaskLayer
100
AcDbHatch
10
0
20
0
30
0
210
0
220
0
230
1
2
SOLID
70
1
71
0
91
1
92
7
72
0
73
1
93
4
10
-3.750664499178356
20
13.744621437629803
10
-4.401464600778581
20
13.744621437629803
10
-4.401464600778581
20
14.195421539230097
10
-3.750664499178356
20
14.195421539230097
97
1
330

75
0
76
1
47
0.4128176842155181
98
1
10
34.90568961886538
20
22.81183545379326
450
0
451
0
460
0
461
0
452
1
462
1
453
2
463
0
63
5
421
255
463
1
63
7
421
16777215
470
LINEAR
1001
ACAD
1010
0
1020
0
1030
0
0
HATCH
5
91e
100
AcDbEntity
8
TopPasteMaskLayer
100
AcDbHatch
10
0
20
0
30
0
210
0
220
0
230
1
2
SOLID
70
1
71
0
91
1
92
7
72
0
73
1
93
4
10
-3.776073152146182
20
13.770027940055797
10
-4.3760731521463185
20
13.770027940055797
10
-4.3760731521463185
20
14.170027940055775
10
-3.776073152146182
20
14.170027940055775
97
1
330

75
0
76
1
47
0.4128176842155181
98
1
10
34.90568961886538
20
22.81183545379326
450
0
451
0
460
0
461
0
452
1
462
1
453
2
463
0
63
5
421
255
463
1
63
7
421
16777215
470
LINEAR
1001
ACAD
1010
0
1020
0
1030
0
0
HATCH
5
921
100
AcDbEntity
8
TopLayer
100
AcDbHatch
10
0
20
0
30
0
210
0
220
0
230
1
2
SOLID
70
1
71
0
91
1
92
7
72
0
73
1
93
4
10
-3.776073152146182
20
13.770027940055797
10
-4.3760731521463185
20
13.770027940055797
10
-4.3760731521463185
20
14.170027940055775
10
-3.776073152146182
20
14.170027940055775
97
1
330

75
0
76
1
47
0.4128176842155181
98
1
10
34.90568961886538
20
22.81183545379326
450
0
451
0
460
0
461
0
452
1
462
1
453
2
463
0
63
5
421
255
463
1
63
7
421
16777215
470
LINEAR
1001
ACAD
1010
0
1020
0
1030
0
0
HATCH
5
924
100
AcDbEntity
8
TopSolderMaskLayer
100
AcDbHatch
10
0
20
0
30
0
210
0
220
0
230
1
2
SOLID
70
1
71
0
91
1
92
7
72
0
73
1
93
4
10
-5.901337600524585
20
14.195421539230097
10
-5.250537498924359
20
14.195421539230097
10
-5.250537498924359
20
13.744621437629803
10
-5.901337600524585
20
13.744621437629803
97
1
330

75
0
76
1
47
0.4128176842155181
98
1
10
34.90568961886538
20
22.81183545379326
450
0
451
0
460
0
461
0
452
1
462
1
453
2
463
0
63
5
421
255
463
1
63
7
421
16777215
470
LINEAR
1001
ACAD
1010
0
1020
0
1030
0
0
HATCH
5
927
100
AcDbEntity
8
TopPasteMaskLayer
100
AcDbHatch
10
0
20
0
30
0
210
0
220
0
230
1
2
SOLID
70
1
71
0
91
1
92
7
72
0
73
1
93
4
10
-5.875946151892094
20
14.170027940055775
10
-5.275946151892185
20
14.170027940055775
10
-5.275946151892185
20
13.770027940055797
10
-5.875946151892094
20
13.770027940055797
97
1
330

75
0
76
1
47
0.4128176842155181
98
1
10
34.90568961886538
20
22.81183545379326
450
0
451
0
460
0
461
0
452
1
462
1
453
2
463
0
63
5
421
255
463
1
63
7
421
16777215
470
LINEAR
1001
ACAD
1010
0
1020
0
1030
0
0
HATCH
5
92a
100
AcDbEntity
8
TopLayer
100
AcDbHatch
10
0
20
0
30
0
210
0
220
0
230
1
2
SOLID
70
1
71
0
91
1
92
7
72
0
73
1
93
4
10
-5.875946151892094
20
14.170027940055775
10
-5.275946151892185
20
14.170027940055775
10
-5.275946151892185
20
13.770027940055797
10
-5.875946151892094
20
13.770027940055797
97
1
330

75
0
76
1
47
0.4128176842155181
98
1
10
34.90568961886538
20
22.81183545379326
450
0
451
0
460
0
461
0
452
1
462
1
453
2
463
0
63
5
421
255
463
1
63
7
421
16777215
470
LINEAR
1001
ACAD
1010
0
1020
0
1030
0
0
HATCH
5
92d
100
AcDbEntity
8
TopSolderMaskLayer
100
AcDbHatch
10
0
20
0
30
0
210
0
220
0
230
1
2
SOLID
70
1
71
0
91
1
92
7
72
0
73
1
93
4
10
4.407939598675057
20
11.88306784355484
10
4.407939598675057
20
11.20686769115457
10
3.974072864274831
20
11.20686769115457
10
3.974072864274831
20
11.88306784355484
97
1
330

75
0
76
1
47
0.4128176842155181
98
1
10
34.90568961886538
20
22.81183545379326
450
0
451
0
460
0
461
0
452
1
462
1
453
2
463
0
63
5
421
255
463
1
63
7
421
16777215
470
LINEAR
1001
ACAD
1010
0
1020
0
1030
0
0
HATCH
5
930
100
AcDbEntity
8
TopPasteMaskLayer
100
AcDbHatch
10
0
20
0
30
0
210
0
220
0
230
1
2
SOLID
70
1
71
0
91
1
92
7
72
0
73
1
93
4
10
4.391008382016935
20
11.844958089916076
10
4.391008382016935
20
11.244958089916054
10
3.991008382016844
20
11.244958089916054
10
3.991008382016844
20
11.844958089916076
97
1
330

75
0
76
1
47
0.4128176842155181
98
1
10
34.90568961886538
20
22.81183545379326
450
0
451
0
460
0
461
0
452
1
462
1
453
2
463
0
63
5
421
255
463
1
63
7
421
16777215
470
LINEAR
1001
ACAD
1010
0
1020
0
1030
0
0
HATCH
5
933
100
AcDbEntity
8
TopLayer
100
AcDbHatch
10
0
20
0
30
0
210
0
220
0
230
1
2
SOLID
70
1
71
0
91
1
92
7
72
0
73
1
93
4
10
4.391008382016935
20
11.844958089916076
10
4.391008382016935
20
11.244958089916054
10
3.991008382016844
20
11.244958089916054
10
3.991008382016844
20
11.844958089916076
97
1
330

75
0
76
1
47
0.4128176842155181
98
1
10
34.90568961886538
20
22.81183545379326
450
0
451
0
460
0
461
0
452
1
462
1
453
2
463
0
63
5
421
255
463
1
63
7
421
16777215
470
LINEAR
1001
ACAD
1010
0
1020
0
1030
0
0
HATCH
5
936
100
AcDbEntity
8
TopSolderMaskLayer
100
AcDbHatch
10
0
20
0
30
0
210
0
220
0
230
1
2
SOLID
70
1
71
0
91
1
92
7
72
0
73
1
93
4
10
3.974072864274831
20
9.706994691408681
10
3.974072864274831
20
10.383194843808951
10
4.407939598675057
20
10.383194843808951
10
4.407939598675057
20
9.706994691408681
97
1
330

75
0
76
1
47
0.4128176842155181
98
1
10
34.90568961886538
20
22.81183545379326
450
0
451
0
460
0
461
0
452
1
462
1
453
2
463
0
63
5
421
255
463
1
63
7
421
16777215
470
LINEAR
1001
ACAD
1010
0
1020
0
1030
0
0
HATCH
5
939
100
AcDbEntity
8
TopPasteMaskLayer
100
AcDbHatch
10
0
20
0
30
0
210
0
220
0
230
1
2
SOLID
70
1
71
0
91
1
92
7
72
0
73
1
93
4
10
3.991008382016844
20
9.74508509017005
10
3.991008382016844
20
10.345085090170073
10
4.391008382016935
20
10.345085090170073
10
4.391008382016935
20
9.74508509017005
97
1
330

75
0
76
1
47
0.4128176842155181
98
1
10
34.90568961886538
20
22.81183545379326
450
0
451
0
460
0
461
0
452
1
462
1
453
2
463
0
63
5
421
255
463
1
63
7
421
16777215
470
LINEAR
1001
ACAD
1010
0
1020
0
1030
0
0
HATCH
5
93c
100
AcDbEntity
8
TopLayer
100
AcDbHatch
10
0
20
0
30
0
210
0
220
0
230
1
2
SOLID
70
1
71
0
91
1
92
7
72
0
73
1
93
4
10
3.991008382016844
20
9.74508509017005
10
3.991008382016844
20
10.345085090170073
10
4.391008382016935
20
10.345085090170073
10
4.391008382016935
20
9.74508509017005
97
1
330

75
0
76
1
47
0.4128176842155181
98
1
10
34.90568961886538
20
22.81183545379326
450
0
451
0
460
0
461
0
452
1
462
1
453
2
463
0
63
5
421
255
463
1
63
7
421
16777215
470
LINEAR
1001
ACAD
1010
0
1020
0
1030
0
0
HATCH
5
93f
100
AcDbEntity
8
TopSolderMaskLayer
100
AcDbHatch
10
0
20
0
30
0
210
0
220
0
230
1
2
SOLID
70
1
71
0
91
1
92
7
72
0
73
1
93
4
10
-3.7201042079502713
20
11.10912829567576
10
-3.7201042079502713
20
10.432928143275603
10
-4.15397094235027
20
10.432928143275603
10
-4.15397094235027
20
11.10912829567576
97
1
330

75
0
76
1
47
0.4128176842155181
98
1
10
34.90568961886538
20
22.81183545379326
450
0
451
0
460
0
461
0
452
1
462
1
453
2
463
0
63
5
421
255
463
1
63
7
421
16777215
470
LINEAR
1001
ACAD
1010
0
1020
0
1030
0
0
HATCH
5
942
100
AcDbEntity
8
TopPasteMaskLayer
100
AcDbHatch
10
0
20
0
30
0
210
0
220
0
230
1
2
SOLID
70
1
71
0
91
1
92
7
72
0
73
1
93
4
10
-3.7370332740665617
20
11.071018542036995
10
-3.7370332740665617
20
10.471018542037086
10
-4.137033274066425
20
10.471018542037086
10
-4.137033274066425
20
11.071018542036995
97
1
330

75
0
76
1
47
0.4128176842155181
98
1
10
34.90568961886538
20
22.81183545379326
450
0
451
0
460
0
461
0
452
1
462
1
453
2
463
0
63
5
421
255
463
1
63
7
421
16777215
470
LINEAR
1001
ACAD
1010
0
1020
0
1030
0
0
HATCH
5
945
100
AcDbEntity
8
TopLayer
100
AcDbHatch
10
0
20
0
30
0
210
0
220
0
230
1
2
SOLID
70
1
71
0
91
1
92
7
72
0
73
1
93
4
10
-3.7370332740665617
20
11.071018542036995
10
-3.7370332740665617
20
10.471018542037086
10
-4.137033274066425
20
10.471018542037086
10
-4.137033274066425
20
11.071018542036995
97
1
330

75
0
76
1
47
0.4128176842155181
98
1
10
34.90568961886538
20
22.81183545379326
450
0
451
0
460
0
461
0
452
1
462
1
453
2
463
0
63
5
421
255
463
1
63
7
421
16777215
470
LINEAR
1001
ACAD
1010
0
1020
0
1030
0
0
HATCH
5
948
100
AcDbEntity
8
TopSolderMaskLayer
100
AcDbHatch
10
0
20
0
30
0
210
0
220
0
230
1
2
SOLID
70
1
71
0
91
1
92
7
72
0
73
1
93
4
10
-4.15397094235027
20
8.9330551435296
10
-4.15397094235027
20
9.60925529592987
10
-3.7201042079502713
20
9.60925529592987
10
-3.7201042079502713
20
8.9330551435296
97
1
330

75
0
76
1
47
0.4128176842155181
98
1
10
34.90568961886538
20
22.81183545379326
450
0
451
0
460
0
461
0
452
1
462
1
453
2
463
0
63
5
421
255
463
1
63
7
421
16777215
470
LINEAR
1001
ACAD
1010
0
1020
0
1030
0
0
HATCH
5
94b
100
AcDbEntity
8
TopPasteMaskLayer
100
AcDbHatch
10
0
20
0
30
0
210
0
220
0
230
1
2
SOLID
70
1
71
0
91
1
92
7
72
0
73
1
93
4
10
-4.137033274066425
20
8.97114554229097
10
-4.137033274066425
20
9.571145542290992
10
-3.7370332740665617
20
9.571145542290992
10
-3.7370332740665617
20
8.97114554229097
97
1
330

75
0
76
1
47
0.4128176842155181
98
1
10
34.90568961886538
20
22.81183545379326
450
0
451
0
460
0
461
0
452
1
462
1
453
2
463
0
63
5
421
255
463
1
63
7
421
16777215
470
LINEAR
1001
ACAD
1010
0
1020
0
1030
0
0
HATCH
5
94e
100
AcDbEntity
8
TopLayer
100
AcDbHatch
10
0
20
0
30
0
210
0
220
0
230
1
2
SOLID
70
1
71
0
91
1
92
7
72
0
73
1
93
4
10
-4.137033274066425
20
8.97114554229097
10
-4.137033274066425
20
9.571145542290992
10
-3.7370332740665617
20
9.571145542290992
10
-3.7370332740665617
20
8.97114554229097
97
1
330

75
0
76
1
47
0.4128176842155181
98
1
10
34.90568961886538
20
22.81183545379326
450
0
451
0
460
0
461
0
452
1
462
1
453
2
463
0
63
5
421
255
463
1
63
7
421
16777215
470
LINEAR
1001
ACAD
1010
0
1020
0
1030
0
0
HATCH
5
951
100
AcDbEntity
8
TopSolderMaskLayer
100
AcDbHatch
10
0
20
0
30
0
210
0
220
0
230
1
2
SOLID
70
1
71
0
91
1
92
7
72
0
73
1
93
4
10
1.2413476445956348
20
11.763726921980492
10
0.6585713044428303
20
11.763726921980492
10
0.6585713044428303
20
12.88650956389688
10
1.2413476445956348
20
12.88650956389688
97
1
330

75
0
76
1
47
0.4128176842155181
98
1
10
34.90568961886538
20
22.81183545379326
450
0
451
0
460
0
461
0
452
1
462
1
453
2
463
0
63
5
421
255
463
1
63
7
421
16777215
470
LINEAR
1001
ACAD
1010
0
1020
0
1030
0
0
HATCH
5
954
100
AcDbEntity
8
TopPasteMaskLayer
100
AcDbHatch
10
0
20
0
30
0
210
0
220
0
230
1
2
SOLID
70
1
71
0
91
1
92
7
72
0
73
1
93
4
10
1.2159512319026362
20
11.789128778257464
10
0.683972567945375
20
11.789128778257464
10
0.683972567945375
20
12.861112522224971
10
1.2159512319026362
20
12.861112522224971
97
1
330

75
0
76
1
47
0.4128176842155181
98
1
10
34.90568961886538
20
22.81183545379326
450
0
451
0
460
0
461
0
452
1
462
1
453
2
463
0
63
5
421
255
463
1
63
7
421
16777215
470
LINEAR
1001
ACAD
1010
0
1020
0
1030
0
0
HATCH
5
957
100
AcDbEntity
8
TopLayer
100
AcDbHatch
10
0
20
0
30
0
210
0
220
0
230
1
2
SOLID
70
1
71
0
91
1
92
7
72
0
73
1
93
4
10
1.2159512319026362
20
11.789128778257464
10
0.683972567945375
20
11.789128778257464
10
0.683972567945375
20
12.861112522224971
10
1.2159512319026362
20
12.861112522224971
97
1
330

75
0
76
1
47
0.4128176842155181
98
1
10
34.90568961886538
20
22.81183545379326
450
0
451
0
460
0
461
0
452
1
462
1
453
2
463
0
63
5
421
255
463
1
63
7
421
16777215
470
LINEAR
1001
ACAD
1010
0
1020
0
1030
0
0
HATCH
5
95a
100
AcDbEntity
8
TopSolderMaskLayer
100
AcDbHatch
10
0
20
0
30
0
210
0
220
0
230
1
2
SOLID
70
1
71
0
91
1
92
7
72
0
73
1
93
4
10
0.29138574467174294
20
11.763726921980492
10
-0.2913905954810616
20
11.763726921980492
10
-0.2913905954810616
20
12.88650956389688
10
0.29138574467174294
20
12.88650956389688
97
1
330

75
0
76
1
47
0.4128176842155181
98
1
10
34.90568961886538
20
22.81183545379326
450
0
451
0
460
0
461
0
452
1
462
1
453
2
463
0
63
5
421
255
463
1
63
7
421
16777215
470
LINEAR
1001
ACAD
1010
0
1020
0
1030
0
0
HATCH
5
95d
100
AcDbEntity
8
TopPasteMaskLayer
100
AcDbHatch
10
0
20
0
30
0
210
0
220
0
230
1
2
SOLID
70
1
71
0
91
1
92
7
72
0
73
1
93
4
10
0.2659893319787443
20
11.789128778257464
10
-0.26598933197851693
20
11.789128778257464
10
-0.26598933197851693
20
12.861112522224971
10
0.2659893319787443
20
12.861112522224971
97
1
330

75
0
76
1
47
0.4128176842155181
98
1
10
34.90568961886538
20
22.81183545379326
450
0
451
0
460
0
461
0
452
1
462
1
453
2
463
0
63
5
421
255
463
1
63
7
421
16777215
470
LINEAR
1001
ACAD
1010
0
1020
0
1030
0
0
HATCH
5
960
100
AcDbEntity
8
TopLayer
100
AcDbHatch
10
0
20
0
30
0
210
0
220
0
230
1
2
SOLID
70
1
71
0
91
1
92
7
72
0
73
1
93
4
10
0.2659893319787443
20
11.789128778257464
10
-0.26598933197851693
20
11.789128778257464
10
-0.26598933197851693
20
12.861112522224971
10
0.2659893319787443
20
12.861112522224971
97
1
330

75
0
76
1
47
0.4128176842155181
98
1
10
34.90568961886538
20
22.81183545379326
450
0
451
0
460
0
461
0
452
1
462
1
453
2
463
0
63
5
421
255
463
1
63
7
421
16777215
470
LINEAR
1001
ACAD
1010
0
1020
0
1030
0
0
HATCH
5
963
100
AcDbEntity
8
TopSolderMaskLayer
100
AcDbHatch
10
0
20
0
30
0
210
0
220
0
230
1
2
SOLID
70
1
71
0
91
1
92
7
72
0
73
1
93
4
10
-0.6585761552519216
20
11.763726921980492
10
-1.2413524954047261
20
11.763726921980492
10
-1.2413524954047261
20
12.88650956389688
10
-0.6585761552519216
20
12.88650956389688
97
1
330

75
0
76
1
47
0.4128176842155181
98
1
10
34.90568961886538
20
22.81183545379326
450
0
451
0
460
0
461
0
452
1
462
1
453
2
463
0
63
5
421
255
463
1
63
7
421
16777215
470
LINEAR
1001
ACAD
1010
0
1020
0
1030
0
0
HATCH
5
966
100
AcDbEntity
8
TopPasteMaskLayer
100
AcDbHatch
10
0
20
0
30
0
210
0
220
0
230
1
2
SOLID
70
1
71
0
91
1
92
7
72
0
73
1
93
4
10
-0.6839725679449202
20
11.789128778257464
10
-1.2159512319024088
20
11.789128778257464
10
-1.2159512319024088
20
12.861112522224971
10
-0.6839725679449202
20
12.861112522224971
97
1
330

75
0
76
1
47
0.4128176842155181
98
1
10
34.90568961886538
20
22.81183545379326
450
0
451
0
460
0
461
0
452
1
462
1
453
2
463
0
63
5
421
255
463
1
63
7
421
16777215
470
LINEAR
1001
ACAD
1010
0
1020
0
1030
0
0
HATCH
5
969
100
AcDbEntity
8
TopLayer
100
AcDbHatch
10
0
20
0
30
0
210
0
220
0
230
1
2
SOLID
70
1
71
0
91
1
92
7
72
0
73
1
93
4
10
-0.6839725679449202
20
11.789128778257464
10
-1.2159512319024088
20
11.789128778257464
10
-1.2159512319024088
20
12.861112522224971
10
-0.6839725679449202
20
12.861112522224971
97
1
330

75
0
76
1
47
0.4128176842155181
98
1
10
34.90568961886538
20
22.81183545379326
450
0
451
0
460
0
461
0
452
1
462
1
453
2
463
0
63
5
421
255
463
1
63
7
421
16777215
470
LINEAR
1001
ACAD
1010
0
1020
0
1030
0
0
HATCH
5
96c
100
AcDbEntity
8
TopSolderMaskLayer
100
AcDbHatch
10
0
20
0
30
0
210
0
220
0
230
1
2
SOLID
70
1
71
0
91
1
92
7
72
0
73
1
93
4
10
-0.6585761552519216
20
9.465530325587338
10
-1.2413524954047261
20
9.465530325587338
10
-1.2413524954047261
20
10.588312967503725
10
-0.6585761552519216
20
10.588312967503725
97
1
330

75
0
76
1
47
0.4128176842155181
98
1
10
34.90568961886538
20
22.81183545379326
450
0
451
0
460
0
461
0
452
1
462
1
453
2
463
0
63
5
421
255
463
1
63
7
421
16777215
470
LINEAR
1001
ACAD
1010
0
1020
0
1030
0
0
HATCH
5
96f
100
AcDbEntity
8
TopPasteMaskLayer
100
AcDbHatch
10
0
20
0
30
0
210
0
220
0
230
1
2
SOLID
70
1
71
0
91
1
92
7
72
0
73
1
93
4
10
-0.6839725679449202
20
9.49093218186431
10
-1.2159512319024088
20
9.49093218186431
10
-1.2159512319024088
20
10.562915925831703
10
-0.6839725679449202
20
10.562915925831703
97
1
330

75
0
76
1
47
0.4128176842155181
98
1
10
34.90568961886538
20
22.81183545379326
450
0
451
0
460
0
461
0
452
1
462
1
453
2
463
0
63
5
421
255
463
1
63
7
421
16777215
470
LINEAR
1001
ACAD
1010
0
1020
0
1030
0
0
HATCH
5
972
100
AcDbEntity
8
TopLayer
100
AcDbHatch
10
0
20
0
30
0
210
0
220
0
230
1
2
SOLID
70
1
71
0
91
1
92
7
72
0
73
1
93
4
10
-0.6839725679449202
20
9.49093218186431
10
-1.2159512319024088
20
9.49093218186431
10
-1.2159512319024088
20
10.562915925831703
10
-0.6839725679449202
20
10.562915925831703
97
1
330

75
0
76
1
47
0.4128176842155181
98
1
10
34.90568961886538
20
22.81183545379326
450
0
451
0
460
0
461
0
452
1
462
1
453
2
463
0
63
5
421
255
463
1
63
7
421
16777215
470
LINEAR
1001
ACAD
1010
0
1020
0
1030
0
0
HATCH
5
975
100
AcDbEntity
8
TopSolderMaskLayer
100
AcDbHatch
10
0
20
0
30
0
210
0
220
0
230
1
2
SOLID
70
1
71
0
91
1
92
7
72
0
73
1
93
4
10
0.29138574467174294
20
9.465530325587338
10
-0.2913905954810616
20
9.465530325587338
10
-0.2913905954810616
20
10.588312967503725
10
0.29138574467174294
20
10.588312967503725
97
1
330

75
0
76
1
47
0.4128176842155181
98
1
10
34.90568961886538
20
22.81183545379326
450
0
451
0
460
0
461
0
452
1
462
1
453
2
463
0
63
5
421
255
463
1
63
7
421
16777215
470
LINEAR
1001
ACAD
1010
0
1020
0
1030
0
0
HATCH
5
978
100
AcDbEntity
8
TopPasteMaskLayer
100
AcDbHatch
10
0
20
0
30
0
210
0
220
0
230
1
2
SOLID
70
1
71
0
91
1
92
7
72
0
73
1
93
4
10
0.2659893319787443
20
9.49093218186431
10
-0.26598933197851693
20
9.49093218186431
10
-0.26598933197851693
20
10.562915925831703
10
0.2659893319787443
20
10.562915925831703
97
1
330

75
0
76
1
47
0.4128176842155181
98
1
10
34.90568961886538
20
22.81183545379326
450
0
451
0
460
0
461
0
452
1
462
1
453
2
463
0
63
5
421
255
463
1
63
7
421
16777215
470
LINEAR
1001
ACAD
1010
0
1020
0
1030
0
0
HATCH
5
97b
100
AcDbEntity
8
TopLayer
100
AcDbHatch
10
0
20
0
30
0
210
0
220
0
230
1
2
SOLID
70
1
71
0
91
1
92
7
72
0
73
1
93
4
10
0.2659893319787443
20
9.49093218186431
10
-0.26598933197851693
20
9.49093218186431
10
-0.26598933197851693
20
10.562915925831703
10
0.2659893319787443
20
10.562915925831703
97
1
330

75
0
76
1
47
0.4128176842155181
98
1
10
34.90568961886538
20
22.81183545379326
450
0
451
0
460
0
461
0
452
1
462
1
453
2
463
0
63
5
421
255
463
1
63
7
421
16777215
470
LINEAR
1001
ACAD
1010
0
1020
0
1030
0
0
HATCH
5
97e
100
AcDbEntity
8
TopSolderMaskLayer
100
AcDbHatch
10
0
20
0
30
0
210
0
220
0
230
1
2
SOLID
70
1
71
0
91
1
92
7
72
0
73
1
93
4
10
1.2413476445956348
20
9.465530325587338
10
0.6585713044428303
20
9.465530325587338
10
0.6585713044428303
20
10.588312967503725
10
1.2413476445956348
20
10.588312967503725
97
1
330

75
0
76
1
47
0.4128176842155181
98
1
10
34.90568961886538
20
22.81183545379326
450
0
451
0
460
0
461
0
452
1
462
1
453
2
463
0
63
5
421
255
463
1
63
7
421
16777215
470
LINEAR
1001
ACAD
1010
0
1020
0
1030
0
0
HATCH
5
981
100
AcDbEntity
8
TopPasteMaskLayer
100
AcDbHatch
10
0
20
0
30
0
210
0
220
0
230
1
2
SOLID
70
1
71
0
91
1
92
7
72
0
73
1
93
4
10
1.2159512319026362
20
9.49093218186431
10
0.683972567945375
20
9.49093218186431
10
0.683972567945375
20
10.562915925831703
10
1.2159512319026362
20
10.562915925831703
97
1
330

75
0
76
1
47
0.4128176842155181
98
1
10
34.90568961886538
20
22.81183545379326
450
0
451
0
460
0
461
0
452
1
462
1
453
2
463
0
63
5
421
255
463
1
63
7
421
16777215
470
LINEAR
1001
ACAD
1010
0
1020
0
1030
0
0
HATCH
5
984
100
AcDbEntity
8
TopLayer
100
AcDbHatch
10
0
20
0
30
0
210
0
220
0
230
1
2
SOLID
70
1
71
0
91
1
92
7
72
0
73
1
93
4
10
1.2159512319026362
20
9.49093218186431
10
0.683972567945375
20
9.49093218186431
10
0.683972567945375
20
10.562915925831703
10
1.2159512319026362
20
10.562915925831703
97
1
330

75
0
76
1
47
0.4128176842155181
98
1
10
34.90568961886538
20
22.81183545379326
450
0
451
0
460
0
461
0
452
1
462
1
453
2
463
0
63
5
421
255
463
1
63
7
421
16777215
470
LINEAR
1001
ACAD
1010
0
1020
0
1030
0
0
HATCH
5
987
100
AcDbEntity
8
TopSolderMaskLayer
100
AcDbHatch
10
0
20
0
30
0
210
0
220
0
230
1
2
SOLID
70
1
71
0
91
1
92
7
72
0
73
1
93
4
10
5.763767784705351
20
19.731103903411736
10
6.682199907431368
20
19.731103903411736
10
6.682199907431368
20
18.877209380288832
10
5.763767784705351
20
18.877209380288832
97
1
330

75
0
76
1
47
0.4128176842155181
98
1
10
34.90568961886538
20
22.81183545379326
450
0
451
0
460
0
461
0
452
1
462
1
453
2
463
0
63
5
421
255
463
1
63
7
421
16777215
470
LINEAR
1001
ACAD
1010
0
1020
0
1030
0
0
HATCH
5
98a
100
AcDbEntity
8
TopLayer
100
AcDbHatch
10
0
20
0
30
0
210
0
220
0
230
1
2
SOLID
70
1
71
0
91
1
92
7
72
0
73
1
93
4
10
5.7909829819659535
20
19.707391414782705
10
6.6549911099823476
20
19.707391414782705
10
6.6549911099823476
20
18.900914401828686
10
5.7909829819659535
20
18.900914401828686
97
1
330

75
0
76
1
47
0.4128176842155181
98
1
10
34.90568961886538
20
22.81183545379326
450
0
451
0
460
0
461
0
452
1
462
1
453
2
463
0
63
5
421
255
463
1
63
7
421
16777215
470
LINEAR
1001
ACAD
1010
0
1020
0
1030
0
0
HATCH
5
98d
100
AcDbEntity
8
TopSolderMaskLayer
100
AcDbHatch
10
0
20
0
30
0
210
0
220
0
230
1
2
SOLID
70
1
71
0
91
1
92
7
72
0
73
1
93
4
10
5.763767784705351
20
20.383713286711668
10
6.682199907431368
20
20.383713286711668
10
6.682199907431368
20
21.23760780983457
10
5.763767784705351
20
21.23760780983457
97
1
330

75
0
76
1
47
0.4128176842155181
98
1
10
34.90568961886538
20
22.81183545379326
450
0
451
0
460
0
461
0
452
1
462
1
453
2
463
0
63
5
421
255
463
1
63
7
421
16777215
470
LINEAR
1001
ACAD
1010
0
1020
0
1030
0
0
HATCH
5
990
100
AcDbEntity
8
TopLayer
100
AcDbHatch
10
0
20
0
30
0
210
0
220
0
230
1
2
SOLID
70
1
71
0
91
1
92
7
72
0
73
1
93
4
10
5.7909829819659535
20
20.407416814833596
10
6.6549911099823476
20
20.407416814833596
10
6.6549911099823476
20
21.213893827787615
10
5.7909829819659535
20
21.213893827787615
97
1
330

75
0
76
1
47
0.4128176842155181
98
1
10
34.90568961886538
20
22.81183545379326
450
0
451
0
460
0
461
0
452
1
462
1
453
2
463
0
63
5
421
255
463
1
63
7
421
16777215
470
LINEAR
1001
ACAD
1010
0
1020
0
1030
0
0
HATCH
5
993
100
AcDbEntity
8
TopSolderMaskLayer
100
AcDbHatch
10
0
20
0
30
0
210
0
220
0
230
1
2
SOLID
70
1
71
0
91
1
92
7
72
0
73
1
93
4
10
-6.809230361341179
20
19.73973992068386
10
-5.890798238615162
20
19.73973992068386
10
-5.890798238615162
20
18.885845397560843
10
-6.809230361341179
20
18.885845397560843
97
1
330

75
0
76
1
47
0.4128176842155181
98
1
10
34.90568961886538
20
22.81183545379326
450
0
451
0
460
0
461
0
452
1
462
1
453
2
463
0
63
5
421
255
463
1
63
7
421
16777215
470
LINEAR
1001
ACAD
1010
0
1020
0
1030
0
0
HATCH
5
996
100
AcDbEntity
8
TopLayer
100
AcDbHatch
10
0
20
0
30
0
210
0
220
0
230
1
2
SOLID
70
1
71
0
91
1
92
7
72
0
73
1
93
4
10
-6.782016764033415
20
19.71602743205483
10
-5.918008636017248
20
19.71602743205483
10
-5.918008636017248
20
18.90955041910081
10
-6.782016764033415
20
18.90955041910081
97
1
330

75
0
76
1
47
0.4128176842155181
98
1
10
34.90568961886538
20
22.81183545379326
450
0
451
0
460
0
461
0
452
1
462
1
453
2
463
0
63
5
421
255
463
1
63
7
421
16777215
470
LINEAR
1001
ACAD
1010
0
1020
0
1030
0
0
HATCH
5
999
100
AcDbEntity
8
TopSolderMaskLayer
100
AcDbHatch
10
0
20
0
30
0
210
0
220
0
230
1
2
SOLID
70
1
71
0
91
1
92
7
72
0
73
1
93
4
10
-6.809230361341179
20
20.392349303983565
10
-5.890798238615162
20
20.392349303983565
10
-5.890798238615162
20
21.246243827106582
10
-6.809230361341179
20
21.246243827106582
97
1
330

75
0
76
1
47
0.4128176842155181
98
1
10
34.90568961886538
20
22.81183545379326
450
0
451
0
460
0
461
0
452
1
462
1
453
2
463
0
63
5
421
255
463
1
63
7
421
16777215
470
LINEAR
1001
ACAD
1010
0
1020
0
1030
0
0
HATCH
5
99c
100
AcDbEntity
8
TopLayer
100
AcDbHatch
10
0
20
0
30
0
210
0
220
0
230
1
2
SOLID
70
1
71
0
91
1
92
7
72
0
73
1
93
4
10
-6.782016764033415
20
20.416052832105493
10
-5.918008636017248
20
20.416052832105493
10
-5.918008636017248
20
21.222529845059512
10
-6.782016764033415
20
21.222529845059512
97
1
330

75
0
76
1
47
0.4128176842155181
98
1
10
34.90568961886538
20
22.81183545379326
450
0
451
0
460
0
461
0
452
1
462
1
453
2
463
0
63
5
421
255
463
1
63
7
421
16777215
470
LINEAR
1001
ACAD
1010
0
1020
0
1030
0
0
HATCH
5
99f
100
AcDbEntity
8
TopSolderMaskLayer
100
AcDbHatch
10
0
20
0
30
0
210
0
220
0
230
1
2
SOLID
70
1
71
0
91
1
92
7
72
0
73
1
93
4
10
10.335830928730957
20
-6.0501478722619595
10
11.254263051457201
20
-6.0501478722619595
10
11.254263051457201
20
-6.904042395384977
10
10.335830928730957
20
-6.904042395384977
97
1
330

75
0
76
1
47
0.4128176842155181
98
1
10
34.90568961886538
20
22.81183545379326
450
0
451
0
460
0
461
0
452
1
462
1
453
2
463
0
63
5
421
255
463
1
63
7
421
16777215
470
LINEAR
1001
ACAD
1010
0
1020
0
1030
0
0
HATCH
5
9a2
100
AcDbEntity
8
TopLayer
100
AcDbHatch
10
0
20
0
30
0
210
0
220
0
230
1
2
SOLID
70
1
71
0
91
1
92
7
72
0
73
1
93
4
10
10.363042926085882
20
-6.0738633477267285
10
11.227051054102276
20
-6.0738633477267285
10
11.227051054102276
20
-6.880340360680748
10
10.363042926085882
20
-6.880340360680748
97
1
330

75
0
76
1
47
0.4128176842155181
98
1
10
34.90568961886538
20
22.81183545379326
450
0
451
0
460
0
461
0
452
1
462
1
453
2
463
0
63
5
421
255
463
1
63
7
421
16777215
470
LINEAR
1001
ACAD
1010
0
1020
0
1030
0
0
HATCH
5
9a5
100
AcDbEntity
8
TopSolderMaskLayer
100
AcDbHatch
10
0
20
0
30
0
210
0
220
0
230
1
2
SOLID
70
1
71
0
91
1
92
7
72
0
73
1
93
4
10
10.335830928730957
20
-5.397553423140721
10
11.254263051457201
20
-5.397553423140721
10
11.254263051457201
20
-4.543658900017817
10
10.335830928730957
20
-4.543658900017817
97
1
330

75
0
76
1
47
0.4128176842155181
98
1
10
34.90568961886538
20
22.81183545379326
450
0
451
0
460
0
461
0
452
1
462
1
453
2
463
0
63
5
421
255
463
1
63
7
421
16777215
470
LINEAR
1001
ACAD
1010
0
1020
0
1030
0
0
HATCH
5
9a8
100
AcDbEntity
8
TopLayer
100
AcDbHatch
10
0
20
0
30
0
210
0
220
0
230
1
2
SOLID
70
1
71
0
91
1
92
7
72
0
73
1
93
4
10
10.363042926085882
20
-5.373837947675952
10
11.227051054102276
20
-5.373837947675952
10
11.227051054102276
20
-4.567360934722046
10
10.363042926085882
20
-4.567360934722046
97
1
330

75
0
76
1
47
0.4128176842155181
98
1
10
34.90568961886538
20
22.81183545379326
450
0
451
0
460
0
461
0
452
1
462
1
453
2
463
0
63
5
421
255
463
1
63
7
421
16777215
470
LINEAR
1001
ACAD
1010
0
1020
0
1030
0
0
HATCH
5
9ab
100
AcDbEntity
8
TopSolderMaskLayer
100
AcDbHatch
10
0
20
0
30
0
210
0
220
0
230
1
2
SOLID
70
1
71
0
91
1
92
7
72
0
73
1
93
4
10
9.775069214977066
20
-6.525008890663003
10
7.7250565149518025
20
-6.525008890663003
10
7.7250565149518025
20
-5.474996190637739
10
9.775069214977066
20
-5.474996190637739
97
1
330

75
0
76
1
47
0.4128176842155181
98
1
10
34.90568961886538
20
22.81183545379326
450
0
451
0
460
0
461
0
452
1
462
1
453
2
463
0
63
5
421
255
463
1
63
7
421
16777215
470
LINEAR
1001
ACAD
1010
0
1020
0
1030
0
0
HATCH
5
9ae
100
AcDbEntity
8
TopPasteMaskLayer
100
AcDbHatch
10
0
20
0
30
0
210
0
220
0
230
1
2
SOLID
70
1
71
0
91
1
92
7
72
0
73
1
93
4
10
9.750063500126998
20
-6.500000000000114
10
7.750063500126998
20
-6.500000000000114
10
7.750063500126998
20
-5.500000000000114
10
9.750063500126998
20
-5.500000000000114
97
1
330

75
0
76
1
47
0.4128176842155181
98
1
10
34.90568961886538
20
22.81183545379326
450
0
451
0
460
0
461
0
452
1
462
1
453
2
463
0
63
5
421
255
463
1
63
7
421
16777215
470
LINEAR
1001
ACAD
1010
0
1020
0
1030
0
0
HATCH
5
9b1
100
AcDbEntity
8
TopLayer
100
AcDbHatch
10
0
20
0
30
0
210
0
220
0
230
1
2
SOLID
70
1
71
0
91
1
92
7
72
0
73
1
93
4
10
9.750063500126998
20
-6.500000000000114
10
7.750063500126998
20
-6.500000000000114
10
7.750063500126998
20
-5.500000000000114
10
9.750063500126998
20
-5.500000000000114
97
1
330

75
0
76
1
47
0.4128176842155181
98
1
10
34.90568961886538
20
22.81183545379326
450
0
451
0
460
0
461
0
452
1
462
1
453
2
463
0
63
5
421
255
463
1
63
7
421
16777215
470
LINEAR
1001
ACAD
1010
0
1020
0
1030
0
0
HATCH
5
9b4
100
AcDbEntity
8
TopSolderMaskLayer
100
AcDbHatch
10
0
20
0
30
0
210
0
220
0
230
1
2
SOLID
70
1
71
0
91
1
92
7
72
0
73
1
93
4
10
9.775069214977066
20
-5.025135890916999
10
7.7250565149518025
20
-5.025135890916999
10
7.7250565149518025
20
-3.9751231908916225
10
9.775069214977066
20
-3.9751231908916225
97
1
330

75
0
76
1
47
0.4128176842155181
98
1
10
34.90568961886538
20
22.81183545379326
450
0
451
0
460
0
461
0
452
1
462
1
453
2
463
0
63
5
421
255
463
1
63
7
421
16777215
470
LINEAR
1001
ACAD
1010
0
1020
0
1030
0
0
HATCH
5
9b7
100
AcDbEntity
8
TopPasteMaskLayer
100
AcDbHatch
10
0
20
0
30
0
210
0
220
0
230
1
2
SOLID
70
1
71
0
91
1
92
7
72
0
73
1
93
4
10
9.750063500126998
20
-5.0001270002541105
10
7.750063500126998
20
-5.0001270002541105
10
7.750063500126998
20
-4.0001270002541105
10
9.750063500126998
20
-4.0001270002541105
97
1
330

75
0
76
1
47
0.4128176842155181
98
1
10
34.90568961886538
20
22.81183545379326
450
0
451
0
460
0
461
0
452
1
462
1
453
2
463
0
63
5
421
255
463
1
63
7
421
16777215
470
LINEAR
1001
ACAD
1010
0
1020
0
1030
0
0
HATCH
5
9ba
100
AcDbEntity
8
TopLayer
100
AcDbHatch
10
0
20
0
30
0
210
0
220
0
230
1
2
SOLID
70
1
71
0
91
1
92
7
72
0
73
1
93
4
10
9.750063500126998
20
-5.0001270002541105
10
7.750063500126998
20
-5.0001270002541105
10
7.750063500126998
20
-4.0001270002541105
10
9.750063500126998
20
-4.0001270002541105
97
1
330

75
0
76
1
47
0.4128176842155181
98
1
10
34.90568961886538
20
22.81183545379326
450
0
451
0
460
0
461
0
452
1
462
1
453
2
463
0
63
5
421
255
463
1
63
7
421
16777215
470
LINEAR
1001
ACAD
1010
0
1020
0
1030
0
0
HATCH
5
9bd
100
AcDbEntity
8
TopSolderMaskLayer
100
AcDbHatch
10
0
20
0
30
0
210
0
220
0
230
1
2
SOLID
70
1
71
0
91
1
92
7
72
0
73
1
93
4
10
9.775069214977066
20
-3.5250088906630026
10
7.7250565149518025
20
-3.5250088906630026
10
7.7250565149518025
20
-2.4749961906376257
10
9.775069214977066
20
-2.4749961906376257
97
1
330

75
0
76
1
47
0.4128176842155181
98
1
10
34.90568961886538
20
22.81183545379326
450
0
451
0
460
0
461
0
452
1
462
1
453
2
463
0
63
5
421
255
463
1
63
7
421
16777215
470
LINEAR
1001
ACAD
1010
0
1020
0
1030
0
0
HATCH
5
9c0
100
AcDbEntity
8
TopPasteMaskLayer
100
AcDbHatch
10
0
20
0
30
0
210
0
220
0
230
1
2
SOLID
70
1
71
0
91
1
92
7
72
0
73
1
93
4
10
9.750063500126998
20
-3.5000000000001137
10
7.750063500126998
20
-3.5000000000001137
10
7.750063500126998
20
-2.5000000000001137
10
9.750063500126998
20
-2.5000000000001137
97
1
330

75
0
76
1
47
0.4128176842155181
98
1
10
34.90568961886538
20
22.81183545379326
450
0
451
0
460
0
461
0
452
1
462
1
453
2
463
0
63
5
421
255
463
1
63
7
421
16777215
470
LINEAR
1001
ACAD
1010
0
1020
0
1030
0
0
HATCH
5
9c3
100
AcDbEntity
8
TopLayer
100
AcDbHatch
10
0
20
0
30
0
210
0
220
0
230
1
2
SOLID
70
1
71
0
91
1
92
7
72
0
73
1
93
4
10
9.750063500126998
20
-3.5000000000001137
10
7.750063500126998
20
-3.5000000000001137
10
7.750063500126998
20
-2.5000000000001137
10
9.750063500126998
20
-2.5000000000001137
97
1
330

75
0
76
1
47
0.4128176842155181
98
1
10
34.90568961886538
20
22.81183545379326
450
0
451
0
460
0
461
0
452
1
462
1
453
2
463
0
63
5
421
255
463
1
63
7
421
16777215
470
LINEAR
1001
ACAD
1010
0
1020
0
1030
0
0
HATCH
5
9c6
100
AcDbEntity
8
TopSolderMaskLayer
100
AcDbHatch
10
0
20
0
30
0
210
0
220
0
230
1
2
SOLID
70
1
71
0
91
1
92
7
72
0
73
1
93
4
10
9.775069214977066
20
-2.025135890917113
10
7.7250565149518025
20
-2.025135890917113
10
7.7250565149518025
20
-0.9751231908916225
10
9.775069214977066
20
-0.9751231908916225
97
1
330

75
0
76
1
47
0.4128176842155181
98
1
10
34.90568961886538
20
22.81183545379326
450
0
451
0
460
0
461
0
452
1
462
1
453
2
463
0
63
5
421
255
463
1
63
7
421
16777215
470
LINEAR
1001
ACAD
1010
0
1020
0
1030
0
0
HATCH
5
9c9
100
AcDbEntity
8
TopPasteMaskLayer
100
AcDbHatch
10
0
20
0
30
0
210
0
220
0
230
1
2
SOLID
70
1
71
0
91
1
92
7
72
0
73
1
93
4
10
9.750063500126998
20
-2.0001270002541105
10
7.750063500126998
20
-2.0001270002541105
10
7.750063500126998
20
-1.0001270002539968
10
9.750063500126998
20
-1.0001270002539968
97
1
330

75
0
76
1
47
0.4128176842155181
98
1
10
34.90568961886538
20
22.81183545379326
450
0
451
0
460
0
461
0
452
1
462
1
453
2
463
0
63
5
421
255
463
1
63
7
421
16777215
470
LINEAR
1001
ACAD
1010
0
1020
0
1030
0
0
HATCH
5
9cc
100
AcDbEntity
8
TopLayer
100
AcDbHatch
10
0
20
0
30
0
210
0
220
0
230
1
2
SOLID
70
1
71
0
91
1
92
7
72
0
73
1
93
4
10
9.750063500126998
20
-2.0001270002541105
10
7.750063500126998
20
-2.0001270002541105
10
7.750063500126998
20
-1.0001270002539968
10
9.750063500126998
20
-1.0001270002539968
97
1
330

75
0
76
1
47
0.4128176842155181
98
1
10
34.90568961886538
20
22.81183545379326
450
0
451
0
460
0
461
0
452
1
462
1
453
2
463
0
63
5
421
255
463
1
63
7
421
16777215
470
LINEAR
1001
ACAD
1010
0
1020
0
1030
0
0
HATCH
5
9cf
100
AcDbEntity
8
TopSolderMaskLayer
100
AcDbHatch
10
0
20
0
30
0
210
0
220
0
230
1
2
SOLID
70
1
71
0
91
1
92
7
72
0
73
1
93
4
10
9.775069214977066
20
-0.5250088906630026
10
7.7250565149518025
20
-0.5250088906630026
10
7.7250565149518025
20
0.5250038093623743
10
9.775069214977066
20
0.5250038093623743
97
1
330

75
0
76
1
47
0.4128176842155181
98
1
10
34.90568961886538
20
22.81183545379326
450
0
451
0
460
0
461
0
452
1
462
1
453
2
463
0
63
5
421
255
463
1
63
7
421
16777215
470
LINEAR
1001
ACAD
1010
0
1020
0
1030
0
0
HATCH
5
9d2
100
AcDbEntity
8
TopPasteMaskLayer
100
AcDbHatch
10
0
20
0
30
0
210
0
220
0
230
1
2
SOLID
70
1
71
0
91
1
92
7
72
0
73
1
93
4
10
9.750063500126998
20
-0.5
10
7.750063500126998
20
-0.5
10
7.750063500126998
20
0.4999999999998863
10
9.750063500126998
20
0.4999999999998863
97
1
330

75
0
76
1
47
0.4128176842155181
98
1
10
34.90568961886538
20
22.81183545379326
450
0
451
0
460
0
461
0
452
1
462
1
453
2
463
0
63
5
421
255
463
1
63
7
421
16777215
470
LINEAR
1001
ACAD
1010
0
1020
0
1030
0
0
HATCH
5
9d5
100
AcDbEntity
8
TopLayer
100
AcDbHatch
10
0
20
0
30
0
210
0
220
0
230
1
2
SOLID
70
1
71
0
91
1
92
7
72
0
73
1
93
4
10
9.750063500126998
20
-0.5
10
7.750063500126998
20
-0.5
10
7.750063500126998
20
0.4999999999998863
10
9.750063500126998
20
0.4999999999998863
97
1
330

75
0
76
1
47
0.4128176842155181
98
1
10
34.90568961886538
20
22.81183545379326
450
0
451
0
460
0
461
0
452
1
462
1
453
2
463
0
63
5
421
255
463
1
63
7
421
16777215
470
LINEAR
1001
ACAD
1010
0
1020
0
1030
0
0
HATCH
5
9d8
100
AcDbEntity
8
TopSolderMaskLayer
100
AcDbHatch
10
0
20
0
30
0
210
0
220
0
230
1
2
SOLID
70
1
71
0
91
1
92
7
72
0
73
1
93
4
10
9.775069214977066
20
0.9748641090830006
10
7.7250565149518025
20
0.9748641090830006
10
7.7250565149518025
20
2.0248768091083775
10
9.775069214977066
20
2.0248768091083775
97
1
330

75
0
76
1
47
0.4128176842155181
98
1
10
34.90568961886538
20
22.81183545379326
450
0
451
0
460
0
461
0
452
1
462
1
453
2
463
0
63
5
421
255
463
1
63
7
421
16777215
470
LINEAR
1001
ACAD
1010
0
1020
0
1030
0
0
HATCH
5
9db
100
AcDbEntity
8
TopPasteMaskLayer
100
AcDbHatch
10
0
20
0
30
0
210
0
220
0
230
1
2
SOLID
70
1
71
0
91
1
92
7
72
0
73
1
93
4
10
9.750063500126998
20
0.9998729997458895
10
7.750063500126998
20
0.9998729997458895
10
7.750063500126998
20
1.9998729997458895
10
9.750063500126998
20
1.9998729997458895
97
1
330

75
0
76
1
47
0.4128176842155181
98
1
10
34.90568961886538
20
22.81183545379326
450
0
451
0
460
0
461
0
452
1
462
1
453
2
463
0
63
5
421
255
463
1
63
7
421
16777215
470
LINEAR
1001
ACAD
1010
0
1020
0
1030
0
0
HATCH
5
9de
100
AcDbEntity
8
TopLayer
100
AcDbHatch
10
0
20
0
30
0
210
0
220
0
230
1
2
SOLID
70
1
71
0
91
1
92
7
72
0
73
1
93
4
10
9.750063500126998
20
0.9998729997458895
10
7.750063500126998
20
0.9998729997458895
10
7.750063500126998
20
1.9998729997458895
10
9.750063500126998
20
1.9998729997458895
97
1
330

75
0
76
1
47
0.4128176842155181
98
1
10
34.90568961886538
20
22.81183545379326
450
0
451
0
460
0
461
0
452
1
462
1
453
2
463
0
63
5
421
255
463
1
63
7
421
16777215
470
LINEAR
1001
ACAD
1010
0
1020
0
1030
0
0
HATCH
5
9e1
100
AcDbEntity
8
TopSolderMaskLayer
100
AcDbHatch
10
0
20
0
30
0
210
0
220
0
230
1
2
SOLID
70
1
71
0
91
1
92
7
72
0
73
1
93
4
10
9.775069214977066
20
2.4749911093369974
10
7.7250565149518025
20
2.4749911093369974
10
7.7250565149518025
20
3.5250038093622607
10
9.775069214977066
20
3.5250038093622607
97
1
330

75
0
76
1
47
0.4128176842155181
98
1
10
34.90568961886538
20
22.81183545379326
450
0
451
0
460
0
461
0
452
1
462
1
453
2
463
0
63
5
421
255
463
1
63
7
421
16777215
470
LINEAR
1001
ACAD
1010
0
1020
0
1030
0
0
HATCH
5
9e4
100
AcDbEntity
8
TopPasteMaskLayer
100
AcDbHatch
10
0
20
0
30
0
210
0
220
0
230
1
2
SOLID
70
1
71
0
91
1
92
7
72
0
73
1
93
4
10
9.750063500126998
20
2.4999999999998863
10
7.750063500126998
20
2.4999999999998863
10
7.750063500126998
20
3.4999999999998863
10
9.750063500126998
20
3.4999999999998863
97
1
330

75
0
76
1
47
0.4128176842155181
98
1
10
34.90568961886538
20
22.81183545379326
450
0
451
0
460
0
461
0
452
1
462
1
453
2
463
0
63
5
421
255
463
1
63
7
421
16777215
470
LINEAR
1001
ACAD
1010
0
1020
0
1030
0
0
HATCH
5
9e7
100
AcDbEntity
8
TopLayer
100
AcDbHatch
10
0
20
0
30
0
210
0
220
0
230
1
2
SOLID
70
1
71
0
91
1
92
7
72
0
73
1
93
4
10
9.750063500126998
20
2.4999999999998863
10
7.750063500126998
20
2.4999999999998863
10
7.750063500126998
20
3.4999999999998863
10
9.750063500126998
20
3.4999999999998863
97
1
330

75
0
76
1
47
0.4128176842155181
98
1
10
34.90568961886538
20
22.81183545379326
450
0
451
0
460
0
461
0
452
1
462
1
453
2
463
0
63
5
421
255
463
1
63
7
421
16777215
470
LINEAR
1001
ACAD
1010
0
1020
0
1030
0
0
HATCH
5
9ea
100
AcDbEntity
8
TopSolderMaskLayer
100
AcDbHatch
10
0
20
0
30
0
210
0
220
0
230
1
2
SOLID
70
1
71
0
91
1
92
7
72
0
73
1
93
4
10
9.775069214977066
20
3.9748641090830006
10
7.7250565149518025
20
3.9748641090830006
10
7.7250565149518025
20
5.0248768091083775
10
9.775069214977066
20
5.0248768091083775
97
1
330

75
0
76
1
47
0.4128176842155181
98
1
10
34.90568961886538
20
22.81183545379326
450
0
451
0
460
0
461
0
452
1
462
1
453
2
463
0
63
5
421
255
463
1
63
7
421
16777215
470
LINEAR
1001
ACAD
1010
0
1020
0
1030
0
0
HATCH
5
9ed
100
AcDbEntity
8
TopPasteMaskLayer
100
AcDbHatch
10
0
20
0
30
0
210
0
220
0
230
1
2
SOLID
70
1
71
0
91
1
92
7
72
0
73
1
93
4
10
9.750063500126998
20
3.9998729997458895
10
7.750063500126998
20
3.9998729997458895
10
7.750063500126998
20
4.9998729997458895
10
9.750063500126998
20
4.9998729997458895
97
1
330

75
0
76
1
47
0.4128176842155181
98
1
10
34.90568961886538
20
22.81183545379326
450
0
451
0
460
0
461
0
452
1
462
1
453
2
463
0
63
5
421
255
463
1
63
7
421
16777215
470
LINEAR
1001
ACAD
1010
0
1020
0
1030
0
0
HATCH
5
9f0
100
AcDbEntity
8
TopLayer
100
AcDbHatch
10
0
20
0
30
0
210
0
220
0
230
1
2
SOLID
70
1
71
0
91
1
92
7
72
0
73
1
93
4
10
9.750063500126998
20
3.9998729997458895
10
7.750063500126998
20
3.9998729997458895
10
7.750063500126998
20
4.9998729997458895
10
9.750063500126998
20
4.9998729997458895
97
1
330

75
0
76
1
47
0.4128176842155181
98
1
10
34.90568961886538
20
22.81183545379326
450
0
451
0
460
0
461
0
452
1
462
1
453
2
463
0
63
5
421
255
463
1
63
7
421
16777215
470
LINEAR
1001
ACAD
1010
0
1020
0
1030
0
0
HATCH
5
9f3
100
AcDbEntity
8
TopSolderMaskLayer
100
AcDbHatch
10
0
20
0
30
0
210
0
220
0
230
1
2
SOLID
70
1
71
0
91
1
92
7
72
0
73
1
93
4
10
9.775069214977066
20
5.474991109336997
10
7.7250565149518025
20
5.474991109336997
10
7.7250565149518025
20
6.525003809362374
10
9.775069214977066
20
6.525003809362374
97
1
330

75
0
76
1
47
0.4128176842155181
98
1
10
34.90568961886538
20
22.81183545379326
450
0
451
0
460
0
461
0
452
1
462
1
453
2
463
0
63
5
421
255
463
1
63
7
421
16777215
470
LINEAR
1001
ACAD
1010
0
1020
0
1030
0
0
HATCH
5
9f6
100
AcDbEntity
8
TopPasteMaskLayer
100
AcDbHatch
10
0
20
0
30
0
210
0
220
0
230
1
2
SOLID
70
1
71
0
91
1
92
7
72
0
73
1
93
4
10
9.750063500126998
20
5.499999999999886
10
7.750063500126998
20
5.499999999999886
10
7.750063500126998
20
6.499999999999886
10
9.750063500126998
20
6.499999999999886
97
1
330

75
0
76
1
47
0.4128176842155181
98
1
10
34.90568961886538
20
22.81183545379326
450
0
451
0
460
0
461
0
452
1
462
1
453
2
463
0
63
5
421
255
463
1
63
7
421
16777215
470
LINEAR
1001
ACAD
1010
0
1020
0
1030
0
0
HATCH
5
9f9
100
AcDbEntity
8
TopLayer
100
AcDbHatch
10
0
20
0
30
0
210
0
220
0
230
1
2
SOLID
70
1
71
0
91
1
92
7
72
0
73
1
93
4
10
9.750063500126998
20
5.499999999999886
10
7.750063500126998
20
5.499999999999886
10
7.750063500126998
20
6.499999999999886
10
9.750063500126998
20
6.499999999999886
97
1
330

75
0
76
1
47
0.4128176842155181
98
1
10
34.90568961886538
20
22.81183545379326
450
0
451
0
460
0
461
0
452
1
462
1
453
2
463
0
63
5
421
255
463
1
63
7
421
16777215
470
LINEAR
1001
ACAD
1010
0
1020
0
1030
0
0
HATCH
5
9fc
100
AcDbEntity
8
TopSolderMaskLayer
100
AcDbHatch
10
0
20
0
30
0
210
0
220
0
230
1
2
SOLID
70
1
71
0
91
1
92
7
72
0
73
1
93
4
10
-7.725057785276704
20
5.474991109336997
10
-9.775070485302194
20
5.474991109336997
10
-9.775070485302194
20
6.525003809362374
10
-7.725057785276704
20
6.525003809362374
97
1
330

75
0
76
1
47
0.4128176842155181
98
1
10
34.90568961886538
20
22.81183545379326
450
0
451
0
460
0
461
0
452
1
462
1
453
2
463
0
63
5
421
255
463
1
63
7
421
16777215
470
LINEAR
1001
ACAD
1010
0
1020
0
1030
0
0
HATCH
5
9ff
100
AcDbEntity
8
TopPasteMaskLayer
100
AcDbHatch
10
0
20
0
30
0
210
0
220
0
230
1
2
SOLID
70
1
71
0
91
1
92
7
72
0
73
1
93
4
10
-7.750063500126771
20
5.499999999999886
10
-9.750063500126998
20
5.499999999999886
10
-9.750063500126998
20
6.499999999999886
10
-7.750063500126771
20
6.499999999999886
97
1
330

75
0
76
1
47
0.4128176842155181
98
1
10
34.90568961886538
20
22.81183545379326
450
0
451
0
460
0
461
0
452
1
462
1
453
2
463
0
63
5
421
255
463
1
63
7
421
16777215
470
LINEAR
1001
ACAD
1010
0
1020
0
1030
0
0
HATCH
5
a02
100
AcDbEntity
8
TopLayer
100
AcDbHatch
10
0
20
0
30
0
210
0
220
0
230
1
2
SOLID
70
1
71
0
91
1
92
7
72
0
73
1
93
4
10
-7.750063500126771
20
5.499999999999886
10
-9.750063500126998
20
5.499999999999886
10
-9.750063500126998
20
6.499999999999886
10
-7.750063500126771
20
6.499999999999886
97
1
330

75
0
76
1
47
0.4128176842155181
98
1
10
34.90568961886538
20
22.81183545379326
450
0
451
0
460
0
461
0
452
1
462
1
453
2
463
0
63
5
421
255
463
1
63
7
421
16777215
470
LINEAR
1001
ACAD
1010
0
1020
0
1030
0
0
HATCH
5
a05
100
AcDbEntity
8
TopSolderMaskLayer
100
AcDbHatch
10
0
20
0
30
0
210
0
220
0
230
1
2
SOLID
70
1
71
0
91
1
92
7
72
0
73
1
93
4
10
-7.725057785276704
20
3.9748641090830006
10
-9.775070485302194
20
3.9748641090830006
10
-9.775070485302194
20
5.0248768091083775
10
-7.725057785276704
20
5.0248768091083775
97
1
330

75
0
76
1
47
0.4128176842155181
98
1
10
34.90568961886538
20
22.81183545379326
450
0
451
0
460
0
461
0
452
1
462
1
453
2
463
0
63
5
421
255
463
1
63
7
421
16777215
470
LINEAR
1001
ACAD
1010
0
1020
0
1030
0
0
HATCH
5
a08
100
AcDbEntity
8
TopPasteMaskLayer
100
AcDbHatch
10
0
20
0
30
0
210
0
220
0
230
1
2
SOLID
70
1
71
0
91
1
92
7
72
0
73
1
93
4
10
-7.750063500126771
20
3.9998729997458895
10
-9.750063500126998
20
3.9998729997458895
10
-9.750063500126998
20
4.9998729997458895
10
-7.750063500126771
20
4.9998729997458895
97
1
330

75
0
76
1
47
0.4128176842155181
98
1
10
34.90568961886538
20
22.81183545379326
450
0
451
0
460
0
461
0
452
1
462
1
453
2
463
0
63
5
421
255
463
1
63
7
421
16777215
470
LINEAR
1001
ACAD
1010
0
1020
0
1030
0
0
HATCH
5
a0b
100
AcDbEntity
8
TopLayer
100
AcDbHatch
10
0
20
0
30
0
210
0
220
0
230
1
2
SOLID
70
1
71
0
91
1
92
7
72
0
73
1
93
4
10
-7.750063500126771
20
3.9998729997458895
10
-9.750063500126998
20
3.9998729997458895
10
-9.750063500126998
20
4.9998729997458895
10
-7.750063500126771
20
4.9998729997458895
97
1
330

75
0
76
1
47
0.4128176842155181
98
1
10
34.90568961886538
20
22.81183545379326
450
0
451
0
460
0
461
0
452
1
462
1
453
2
463
0
63
5
421
255
463
1
63
7
421
16777215
470
LINEAR
1001
ACAD
1010
0
1020
0
1030
0
0
HATCH
5
a0e
100
AcDbEntity
8
TopSolderMaskLayer
100
AcDbHatch
10
0
20
0
30
0
210
0
220
0
230
1
2
SOLID
70
1
71
0
91
1
92
7
72
0
73
1
93
4
10
-7.725057785276704
20
2.4749911093369974
10
-9.775070485302194
20
2.4749911093369974
10
-9.775070485302194
20
3.5250038093622607
10
-7.725057785276704
20
3.5250038093622607
97
1
330

75
0
76
1
47
0.4128176842155181
98
1
10
34.90568961886538
20
22.81183545379326
450
0
451
0
460
0
461
0
452
1
462
1
453
2
463
0
63
5
421
255
463
1
63
7
421
16777215
470
LINEAR
1001
ACAD
1010
0
1020
0
1030
0
0
HATCH
5
a11
100
AcDbEntity
8
TopPasteMaskLayer
100
AcDbHatch
10
0
20
0
30
0
210
0
220
0
230
1
2
SOLID
70
1
71
0
91
1
92
7
72
0
73
1
93
4
10
-7.750063500126771
20
2.4999999999998863
10
-9.750063500126998
20
2.4999999999998863
10
-9.750063500126998
20
3.4999999999998863
10
-7.750063500126771
20
3.4999999999998863
97
1
330

75
0
76
1
47
0.4128176842155181
98
1
10
34.90568961886538
20
22.81183545379326
450
0
451
0
460
0
461
0
452
1
462
1
453
2
463
0
63
5
421
255
463
1
63
7
421
16777215
470
LINEAR
1001
ACAD
1010
0
1020
0
1030
0
0
HATCH
5
a14
100
AcDbEntity
8
TopLayer
100
AcDbHatch
10
0
20
0
30
0
210
0
220
0
230
1
2
SOLID
70
1
71
0
91
1
92
7
72
0
73
1
93
4
10
-7.750063500126771
20
2.4999999999998863
10
-9.750063500126998
20
2.4999999999998863
10
-9.750063500126998
20
3.4999999999998863
10
-7.750063500126771
20
3.4999999999998863
97
1
330

75
0
76
1
47
0.4128176842155181
98
1
10
34.90568961886538
20
22.81183545379326
450
0
451
0
460
0
461
0
452
1
462
1
453
2
463
0
63
5
421
255
463
1
63
7
421
16777215
470
LINEAR
1001
ACAD
1010
0
1020
0
1030
0
0
HATCH
5
a17
100
AcDbEntity
8
TopSolderMaskLayer
100
AcDbHatch
10
0
20
0
30
0
210
0
220
0
230
1
2
SOLID
70
1
71
0
91
1
92
7
72
0
73
1
93
4
10
-7.725057785276704
20
0.9748641090830006
10
-9.775070485302194
20
0.9748641090830006
10
-9.775070485302194
20
2.0248768091083775
10
-7.725057785276704
20
2.0248768091083775
97
1
330

75
0
76
1
47
0.4128176842155181
98
1
10
34.90568961886538
20
22.81183545379326
450
0
451
0
460
0
461
0
452
1
462
1
453
2
463
0
63
5
421
255
463
1
63
7
421
16777215
470
LINEAR
1001
ACAD
1010
0
1020
0
1030
0
0
HATCH
5
a1a
100
AcDbEntity
8
TopPasteMaskLayer
100
AcDbHatch
10
0
20
0
30
0
210
0
220
0
230
1
2
SOLID
70
1
71
0
91
1
92
7
72
0
73
1
93
4
10
-7.750063500126771
20
0.9998729997458895
10
-9.750063500126998
20
0.9998729997458895
10
-9.750063500126998
20
1.9998729997458895
10
-7.750063500126771
20
1.9998729997458895
97
1
330

75
0
76
1
47
0.4128176842155181
98
1
10
34.90568961886538
20
22.81183545379326
450
0
451
0
460
0
461
0
452
1
462
1
453
2
463
0
63
5
421
255
463
1
63
7
421
16777215
470
LINEAR
1001
ACAD
1010
0
1020
0
1030
0
0
HATCH
5
a1d
100
AcDbEntity
8
TopLayer
100
AcDbHatch
10
0
20
0
30
0
210
0
220
0
230
1
2
SOLID
70
1
71
0
91
1
92
7
72
0
73
1
93
4
10
-7.750063500126771
20
0.9998729997458895
10
-9.750063500126998
20
0.9998729997458895
10
-9.750063500126998
20
1.9998729997458895
10
-7.750063500126771
20
1.9998729997458895
97
1
330

75
0
76
1
47
0.4128176842155181
98
1
10
34.90568961886538
20
22.81183545379326
450
0
451
0
460
0
461
0
452
1
462
1
453
2
463
0
63
5
421
255
463
1
63
7
421
16777215
470
LINEAR
1001
ACAD
1010
0
1020
0
1030
0
0
HATCH
5
a20
100
AcDbEntity
8
TopSolderMaskLayer
100
AcDbHatch
10
0
20
0
30
0
210
0
220
0
230
1
2
SOLID
70
1
71
0
91
1
92
7
72
0
73
1
93
4
10
-7.725057785276704
20
-0.5250088906630026
10
-9.775070485302194
20
-0.5250088906630026
10
-9.775070485302194
20
0.5250038093623743
10
-7.725057785276704
20
0.5250038093623743
97
1
330

75
0
76
1
47
0.4128176842155181
98
1
10
34.90568961886538
20
22.81183545379326
450
0
451
0
460
0
461
0
452
1
462
1
453
2
463
0
63
5
421
255
463
1
63
7
421
16777215
470
LINEAR
1001
ACAD
1010
0
1020
0
1030
0
0
HATCH
5
a23
100
AcDbEntity
8
TopPasteMaskLayer
100
AcDbHatch
10
0
20
0
30
0
210
0
220
0
230
1
2
SOLID
70
1
71
0
91
1
92
7
72
0
73
1
93
4
10
-7.750063500126771
20
-0.5
10
-9.750063500126998
20
-0.5
10
-9.750063500126998
20
0.4999999999998863
10
-7.750063500126771
20
0.4999999999998863
97
1
330

75
0
76
1
47
0.4128176842155181
98
1
10
34.90568961886538
20
22.81183545379326
450
0
451
0
460
0
461
0
452
1
462
1
453
2
463
0
63
5
421
255
463
1
63
7
421
16777215
470
LINEAR
1001
ACAD
1010
0
1020
0
1030
0
0
HATCH
5
a26
100
AcDbEntity
8
TopLayer
100
AcDbHatch
10
0
20
0
30
0
210
0
220
0
230
1
2
SOLID
70
1
71
0
91
1
92
7
72
0
73
1
93
4
10
-7.750063500126771
20
-0.5
10
-9.750063500126998
20
-0.5
10
-9.750063500126998
20
0.4999999999998863
10
-7.750063500126771
20
0.4999999999998863
97
1
330

75
0
76
1
47
0.4128176842155181
98
1
10
34.90568961886538
20
22.81183545379326
450
0
451
0
460
0
461
0
452
1
462
1
453
2
463
0
63
5
421
255
463
1
63
7
421
16777215
470
LINEAR
1001
ACAD
1010
0
1020
0
1030
0
0
HATCH
5
a29
100
AcDbEntity
8
TopSolderMaskLayer
100
AcDbHatch
10
0
20
0
30
0
210
0
220
0
230
1
2
SOLID
70
1
71
0
91
1
92
7
72
0
73
1
93
4
10
-7.725057785276704
20
-2.025135890917113
10
-9.775070485302194
20
-2.025135890917113
10
-9.775070485302194
20
-0.9751231908916225
10
-7.725057785276704
20
-0.9751231908916225
97
1
330

75
0
76
1
47
0.4128176842155181
98
1
10
34.90568961886538
20
22.81183545379326
450
0
451
0
460
0
461
0
452
1
462
1
453
2
463
0
63
5
421
255
463
1
63
7
421
16777215
470
LINEAR
1001
ACAD
1010
0
1020
0
1030
0
0
HATCH
5
a2c
100
AcDbEntity
8
TopPasteMaskLayer
100
AcDbHatch
10
0
20
0
30
0
210
0
220
0
230
1
2
SOLID
70
1
71
0
91
1
92
7
72
0
73
1
93
4
10
-7.750063500126771
20
-2.0001270002541105
10
-9.750063500126998
20
-2.0001270002541105
10
-9.750063500126998
20
-1.0001270002539968
10
-7.750063500126771
20
-1.0001270002539968
97
1
330

75
0
76
1
47
0.4128176842155181
98
1
10
34.90568961886538
20
22.81183545379326
450
0
451
0
460
0
461
0
452
1
462
1
453
2
463
0
63
5
421
255
463
1
63
7
421
16777215
470
LINEAR
1001
ACAD
1010
0
1020
0
1030
0
0
HATCH
5
a2f
100
AcDbEntity
8
TopLayer
100
AcDbHatch
10
0
20
0
30
0
210
0
220
0
230
1
2
SOLID
70
1
71
0
91
1
92
7
72
0
73
1
93
4
10
-7.750063500126771
20
-2.0001270002541105
10
-9.750063500126998
20
-2.0001270002541105
10
-9.750063500126998
20
-1.0001270002539968
10
-7.750063500126771
20
-1.0001270002539968
97
1
330

75
0
76
1
47
0.4128176842155181
98
1
10
34.90568961886538
20
22.81183545379326
450
0
451
0
460
0
461
0
452
1
462
1
453
2
463
0
63
5
421
255
463
1
63
7
421
16777215
470
LINEAR
1001
ACAD
1010
0
1020
0
1030
0
0
HATCH
5
a32
100
AcDbEntity
8
TopSolderMaskLayer
100
AcDbHatch
10
0
20
0
30
0
210
0
220
0
230
1
2
SOLID
70
1
71
0
91
1
92
7
72
0
73
1
93
4
10
-7.725057785276704
20
-3.5250088906630026
10
-9.775070485302194
20
-3.5250088906630026
10
-9.775070485302194
20
-2.4749961906376257
10
-7.725057785276704
20
-2.4749961906376257
97
1
330

75
0
76
1
47
0.4128176842155181
98
1
10
34.90568961886538
20
22.81183545379326
450
0
451
0
460
0
461
0
452
1
462
1
453
2
463
0
63
5
421
255
463
1
63
7
421
16777215
470
LINEAR
1001
ACAD
1010
0
1020
0
1030
0
0
HATCH
5
a35
100
AcDbEntity
8
TopPasteMaskLayer
100
AcDbHatch
10
0
20
0
30
0
210
0
220
0
230
1
2
SOLID
70
1
71
0
91
1
92
7
72
0
73
1
93
4
10
-7.750063500126771
20
-3.5000000000001137
10
-9.750063500126998
20
-3.5000000000001137
10
-9.750063500126998
20
-2.5000000000001137
10
-7.750063500126771
20
-2.5000000000001137
97
1
330

75
0
76
1
47
0.4128176842155181
98
1
10
34.90568961886538
20
22.81183545379326
450
0
451
0
460
0
461
0
452
1
462
1
453
2
463
0
63
5
421
255
463
1
63
7
421
16777215
470
LINEAR
1001
ACAD
1010
0
1020
0
1030
0
0
HATCH
5
a38
100
AcDbEntity
8
TopLayer
100
AcDbHatch
10
0
20
0
30
0
210
0
220
0
230
1
2
SOLID
70
1
71
0
91
1
92
7
72
0
73
1
93
4
10
-7.750063500126771
20
-3.5000000000001137
10
-9.750063500126998
20
-3.5000000000001137
10
-9.750063500126998
20
-2.5000000000001137
10
-7.750063500126771
20
-2.5000000000001137
97
1
330

75
0
76
1
47
0.4128176842155181
98
1
10
34.90568961886538
20
22.81183545379326
450
0
451
0
460
0
461
0
452
1
462
1
453
2
463
0
63
5
421
255
463
1
63
7
421
16777215
470
LINEAR
1001
ACAD
1010
0
1020
0
1030
0
0
HATCH
5
a3b
100
AcDbEntity
8
TopSolderMaskLayer
100
AcDbHatch
10
0
20
0
30
0
210
0
220
0
230
1
2
SOLID
70
1
71
0
91
1
92
7
72
0
73
1
93
4
10
-7.725057785276704
20
-5.025135890916999
10
-9.775070485302194
20
-5.025135890916999
10
-9.775070485302194
20
-3.9751231908916225
10
-7.725057785276704
20
-3.9751231908916225
97
1
330

75
0
76
1
47
0.4128176842155181
98
1
10
34.90568961886538
20
22.81183545379326
450
0
451
0
460
0
461
0
452
1
462
1
453
2
463
0
63
5
421
255
463
1
63
7
421
16777215
470
LINEAR
1001
ACAD
1010
0
1020
0
1030
0
0
HATCH
5
a3e
100
AcDbEntity
8
TopPasteMaskLayer
100
AcDbHatch
10
0
20
0
30
0
210
0
220
0
230
1
2
SOLID
70
1
71
0
91
1
92
7
72
0
73
1
93
4
10
-7.750063500126771
20
-5.0001270002541105
10
-9.750063500126998
20
-5.0001270002541105
10
-9.750063500126998
20
-4.0001270002541105
10
-7.750063500126771
20
-4.0001270002541105
97
1
330

75
0
76
1
47
0.4128176842155181
98
1
10
34.90568961886538
20
22.81183545379326
450
0
451
0
460
0
461
0
452
1
462
1
453
2
463
0
63
5
421
255
463
1
63
7
421
16777215
470
LINEAR
1001
ACAD
1010
0
1020
0
1030
0
0
HATCH
5
a41
100
AcDbEntity
8
TopLayer
100
AcDbHatch
10
0
20
0
30
0
210
0
220
0
230
1
2
SOLID
70
1
71
0
91
1
92
7
72
0
73
1
93
4
10
-7.750063500126771
20
-5.0001270002541105
10
-9.750063500126998
20
-5.0001270002541105
10
-9.750063500126998
20
-4.0001270002541105
10
-7.750063500126771
20
-4.0001270002541105
97
1
330

75
0
76
1
47
0.4128176842155181
98
1
10
34.90568961886538
20
22.81183545379326
450
0
451
0
460
0
461
0
452
1
462
1
453
2
463
0
63
5
421
255
463
1
63
7
421
16777215
470
LINEAR
1001
ACAD
1010
0
1020
0
1030
0
0
HATCH
5
a44
100
AcDbEntity
8
TopSolderMaskLayer
100
AcDbHatch
10
0
20
0
30
0
210
0
220
0
230
1
2
SOLID
70
1
71
0
91
1
92
7
72
0
73
1
93
4
10
-7.725057785276704
20
-6.525008890663003
10
-9.775070485302194
20
-6.525008890663003
10
-9.775070485302194
20
-5.474996190637739
10
-7.725057785276704
20
-5.474996190637739
97
1
330

75
0
76
1
47
0.4128176842155181
98
1
10
34.90568961886538
20
22.81183545379326
450
0
451
0
460
0
461
0
452
1
462
1
453
2
463
0
63
5
421
255
463
1
63
7
421
16777215
470
LINEAR
1001
ACAD
1010
0
1020
0
1030
0
0
HATCH
5
a47
100
AcDbEntity
8
TopPasteMaskLayer
100
AcDbHatch
10
0
20
0
30
0
210
0
220
0
230
1
2
SOLID
70
1
71
0
91
1
92
7
72
0
73
1
93
4
10
-7.750063500126771
20
-6.500000000000114
10
-9.750063500126998
20
-6.500000000000114
10
-9.750063500126998
20
-5.500000000000114
10
-7.750063500126771
20
-5.500000000000114
97
1
330

75
0
76
1
47
0.4128176842155181
98
1
10
34.90568961886538
20
22.81183545379326
450
0
451
0
460
0
461
0
452
1
462
1
453
2
463
0
63
5
421
255
463
1
63
7
421
16777215
470
LINEAR
1001
ACAD
1010
0
1020
0
1030
0
0
HATCH
5
a4a
100
AcDbEntity
8
TopLayer
100
AcDbHatch
10
0
20
0
30
0
210
0
220
0
230
1
2
SOLID
70
1
71
0
91
1
92
7
72
0
73
1
93
4
10
-7.750063500126771
20
-6.500000000000114
10
-9.750063500126998
20
-6.500000000000114
10
-9.750063500126998
20
-5.500000000000114
10
-7.750063500126771
20
-5.500000000000114
97
1
330

75
0
76
1
47
0.4128176842155181
98
1
10
34.90568961886538
20
22.81183545379326
450
0
451
0
460
0
461
0
452
1
462
1
453
2
463
0
63
5
421
255
463
1
63
7
421
16777215
470
LINEAR
1001
ACAD
1010
0
1020
0
1030
0
  0
CIRCLE
  5
a4b
330
1F
100
AcDbEntity
  8
TopSolderMaskLayer
100
AcDbCircle
 10
0.140005080010269
 20
0.19989839979666613
 30
0.0
 40
0.3267953300883561
0
HATCH
5
a4d
100
AcDbEntity
8
TopSolderMaskLayer
100
AcDbHatch
10
0
20
0
30
0
210
0
220
0
230
1
2
SOLID
70
1
71
0
91
1
92
7
72
0
73
1
93
4
10
0.5150268521736052
20
-0.17509797231582525
10
-0.2350130626527971
20
-0.17509797231582525
10
-0.2350130626527971
20
0.5749419425104634
10
0.5150268521736052
20
0.5749419425104634
97
1
330

75
0
76
1
47
0.4128176842155181
98
1
10
34.90568961886538
20
22.81183545379326
450
0
451
0
460
0
461
0
452
1
462
1
453
2
463
0
63
5
421
255
463
1
63
7
421
16777215
470
LINEAR
1001
ACAD
1010
0
1020
0
1030
0
  0
CIRCLE
  5
a4e
330
1F
100
AcDbEntity
  8
BottomSolderMaskLayer
100
AcDbCircle
 10
0.140005080010269
 20
0.19989839979666613
 30
0.0
 40
0.3267953300883561
0
HATCH
5
a50
100
AcDbEntity
8
BottomSolderMaskLayer
100
AcDbHatch
10
0
20
0
30
0
210
0
220
0
230
1
2
SOLID
70
1
71
0
91
1
92
7
72
0
73
1
93
4
10
0.5150268521736052
20
-0.17509797231582525
10
-0.2350130626527971
20
-0.17509797231582525
10
-0.2350130626527971
20
0.5749419425104634
10
0.5150268521736052
20
0.5749419425104634
97
1
330

75
0
76
1
47
0.4128176842155181
98
1
10
34.90568961886538
20
22.81183545379326
450
0
451
0
460
0
461
0
452
1
462
1
453
2
463
0
63
5
421
255
463
1
63
7
421
16777215
470
LINEAR
1001
ACAD
1010
0
1020
0
1030
0
  0
CIRCLE
  5
a51
330
1F
100
AcDbEntity
  8
Multi-Layer
100
AcDbCircle
 10
0.140005080010269
 20
0.19989839979666613
 30
0.0
 40
0.30500381000762006
0
HATCH
5
a53
100
AcDbEntity
8
Multi-Layer
100
AcDbHatch
10
0
20
0
30
0
210
0
220
0
230
1
2
SOLID
70
1
71
0
91
1
92
7
72
0
73
1
93
4
10
0.49001778003571417
20
-0.1500889001779342
10
-0.21000762001517614
20
-0.1500889001779342
10
-0.21000762001517614
20
0.5499364998728424
10
0.49001778003571417
20
0.5499364998728424
97
1
330

75
0
76
1
47
0.4128176842155181
98
1
10
34.90568961886538
20
22.81183545379326
450
0
451
0
460
0
461
0
452
1
462
1
453
2
463
0
63
5
421
255
463
1
63
7
421
16777215
470
LINEAR
1001
ACAD
1010
0
1020
0
1030
0
  0
CIRCLE
  5
a54
330
1F
100
AcDbEntity
  8
TopSolderMaskLayer
100
AcDbCircle
 10
-0.95999491998964
 20
0.19989839979666613
 30
0.0
 40
0.3267953300883561
0
HATCH
5
a56
100
AcDbEntity
8
TopSolderMaskLayer
100
AcDbHatch
10
0
20
0
30
0
210
0
220
0
230
1
2
SOLID
70
1
71
0
91
1
92
7
72
0
73
1
93
4
10
-0.584967703575785
20
-0.17509797231582525
10
-1.3350076184021873
20
-0.17509797231582525
10
-1.3350076184021873
20
0.5749419425104634
10
-0.584967703575785
20
0.5749419425104634
97
1
330

75
0
76
1
47
0.4128176842155181
98
1
10
34.90568961886538
20
22.81183545379326
450
0
451
0
460
0
461
0
452
1
462
1
453
2
463
0
63
5
421
255
463
1
63
7
421
16777215
470
LINEAR
1001
ACAD
1010
0
1020
0
1030
0
  0
CIRCLE
  5
a57
330
1F
100
AcDbEntity
  8
BottomSolderMaskLayer
100
AcDbCircle
 10
-0.95999491998964
 20
0.19989839979666613
 30
0.0
 40
0.3267953300883561
0
HATCH
5
a59
100
AcDbEntity
8
BottomSolderMaskLayer
100
AcDbHatch
10
0
20
0
30
0
210
0
220
0
230
1
2
SOLID
70
1
71
0
91
1
92
7
72
0
73
1
93
4
10
-0.584967703575785
20
-0.17509797231582525
10
-1.3350076184021873
20
-0.17509797231582525
10
-1.3350076184021873
20
0.5749419425104634
10
-0.584967703575785
20
0.5749419425104634
97
1
330

75
0
76
1
47
0.4128176842155181
98
1
10
34.90568961886538
20
22.81183545379326
450
0
451
0
460
0
461
0
452
1
462
1
453
2
463
0
63
5
421
255
463
1
63
7
421
16777215
470
LINEAR
1001
ACAD
1010
0
1020
0
1030
0
  0
CIRCLE
  5
a5a
330
1F
100
AcDbEntity
  8
Multi-Layer
100
AcDbCircle
 10
-0.95999491998964
 20
0.19989839979666613
 30
0.0
 40
0.30500381000762006
0
HATCH
5
a5c
100
AcDbEntity
8
Multi-Layer
100
AcDbHatch
10
0
20
0
30
0
210
0
220
0
230
1
2
SOLID
70
1
71
0
91
1
92
7
72
0
73
1
93
4
10
-0.6099822199644223
20
-0.1500889001779342
10
-1.3100076200150852
20
-0.1500889001779342
10
-1.3100076200150852
20
0.5499364998728424
10
-0.6099822199644223
20
0.5499364998728424
97
1
330

75
0
76
1
47
0.4128176842155181
98
1
10
34.90568961886538
20
22.81183545379326
450
0
451
0
460
0
461
0
452
1
462
1
453
2
463
0
63
5
421
255
463
1
63
7
421
16777215
470
LINEAR
1001
ACAD
1010
0
1020
0
1030
0
  0
CIRCLE
  5
a5d
330
1F
100
AcDbEntity
  8
TopSolderMaskLayer
100
AcDbCircle
 10
-2.0599949199897765
 20
-0.9001016002032429
 30
0.0
 40
0.3267953300883561
0
HATCH
5
a5f
100
AcDbEntity
8
TopSolderMaskLayer
100
AcDbHatch
10
0
20
0
30
0
210
0
220
0
230
1
2
SOLID
70
1
71
0
91
1
92
7
72
0
73
1
93
4
10
-1.6849804068269805
20
-1.2750925280653291
10
-2.435020321653383
20
-1.2750925280653291
10
-2.435020321653383
20
-0.5250526132389268
10
-1.6849804068269805
20
-0.5250526132389268
97
1
330

75
0
76
1
47
0.4128176842155181
98
1
10
34.90568961886538
20
22.81183545379326
450
0
451
0
460
0
461
0
452
1
462
1
453
2
463
0
63
5
421
255
463
1
63
7
421
16777215
470
LINEAR
1001
ACAD
1010
0
1020
0
1030
0
  0
CIRCLE
  5
a60
330
1F
100
AcDbEntity
  8
BottomSolderMaskLayer
100
AcDbCircle
 10
-2.0599949199897765
 20
-0.9001016002032429
 30
0.0
 40
0.3267953300883561
0
HATCH
5
a62
100
AcDbEntity
8
BottomSolderMaskLayer
100
AcDbHatch
10
0
20
0
30
0
210
0
220
0
230
1
2
SOLID
70
1
71
0
91
1
92
7
72
0
73
1
93
4
10
-1.6849804068269805
20
-1.2750925280653291
10
-2.435020321653383
20
-1.2750925280653291
10
-2.435020321653383
20
-0.5250526132389268
10
-1.6849804068269805
20
-0.5250526132389268
97
1
330

75
0
76
1
47
0.4128176842155181
98
1
10
34.90568961886538
20
22.81183545379326
450
0
451
0
460
0
461
0
452
1
462
1
453
2
463
0
63
5
421
255
463
1
63
7
421
16777215
470
LINEAR
1001
ACAD
1010
0
1020
0
1030
0
  0
CIRCLE
  5
a63
330
1F
100
AcDbEntity
  8
Multi-Layer
100
AcDbCircle
 10
-2.0599949199897765
 20
-0.9001016002032429
 30
0.0
 40
0.30500381000762006
0
HATCH
5
a65
100
AcDbEntity
8
Multi-Layer
100
AcDbHatch
10
0
20
0
30
0
210
0
220
0
230
1
2
SOLID
70
1
71
0
91
1
92
7
72
0
73
1
93
4
10
-1.7099822199643313
20
-1.2500889001778432
10
-2.4100076200152216
20
-1.2500889001778432
10
-2.4100076200152216
20
-0.5500635001270666
10
-1.7099822199643313
20
-0.5500635001270666
97
1
330

75
0
76
1
47
0.4128176842155181
98
1
10
34.90568961886538
20
22.81183545379326
450
0
451
0
460
0
461
0
452
1
462
1
453
2
463
0
63
5
421
255
463
1
63
7
421
16777215
470
LINEAR
1001
ACAD
1010
0
1020
0
1030
0
  0
CIRCLE
  5
a66
330
1F
100
AcDbEntity
  8
TopSolderMaskLayer
100
AcDbCircle
 10
-2.0599949199897765
 20
0.19989839979666613
 30
0.0
 40
0.3267953300883561
0
HATCH
5
a68
100
AcDbEntity
8
TopSolderMaskLayer
100
AcDbHatch
10
0
20
0
30
0
210
0
220
0
230
1
2
SOLID
70
1
71
0
91
1
92
7
72
0
73
1
93
4
10
-1.6849804068269805
20
-0.17509797231582525
10
-2.435020321653383
20
-0.17509797231582525
10
-2.435020321653383
20
0.5749419425104634
10
-1.6849804068269805
20
0.5749419425104634
97
1
330

75
0
76
1
47
0.4128176842155181
98
1
10
34.90568961886538
20
22.81183545379326
450
0
451
0
460
0
461
0
452
1
462
1
453
2
463
0
63
5
421
255
463
1
63
7
421
16777215
470
LINEAR
1001
ACAD
1010
0
1020
0
1030
0
  0
CIRCLE
  5
a69
330
1F
100
AcDbEntity
  8
BottomSolderMaskLayer
100
AcDbCircle
 10
-2.0599949199897765
 20
0.19989839979666613
 30
0.0
 40
0.3267953300883561
0
HATCH
5
a6b
100
AcDbEntity
8
BottomSolderMaskLayer
100
AcDbHatch
10
0
20
0
30
0
210
0
220
0
230
1
2
SOLID
70
1
71
0
91
1
92
7
72
0
73
1
93
4
10
-1.6849804068269805
20
-0.17509797231582525
10
-2.435020321653383
20
-0.17509797231582525
10
-2.435020321653383
20
0.5749419425104634
10
-1.6849804068269805
20
0.5749419425104634
97
1
330

75
0
76
1
47
0.4128176842155181
98
1
10
34.90568961886538
20
22.81183545379326
450
0
451
0
460
0
461
0
452
1
462
1
453
2
463
0
63
5
421
255
463
1
63
7
421
16777215
470
LINEAR
1001
ACAD
1010
0
1020
0
1030
0
  0
CIRCLE
  5
a6c
330
1F
100
AcDbEntity
  8
Multi-Layer
100
AcDbCircle
 10
-2.0599949199897765
 20
0.19989839979666613
 30
0.0
 40
0.30500381000762006
0
HATCH
5
a6e
100
AcDbEntity
8
Multi-Layer
100
AcDbHatch
10
0
20
0
30
0
210
0
220
0
230
1
2
SOLID
70
1
71
0
91
1
92
7
72
0
73
1
93
4
10
-1.7099822199643313
20
-0.1500889001779342
10
-2.4100076200152216
20
-0.1500889001779342
10
-2.4100076200152216
20
0.5499364998728424
10
-1.7099822199643313
20
0.5499364998728424
97
1
330

75
0
76
1
47
0.4128176842155181
98
1
10
34.90568961886538
20
22.81183545379326
450
0
451
0
460
0
461
0
452
1
462
1
453
2
463
0
63
5
421
255
463
1
63
7
421
16777215
470
LINEAR
1001
ACAD
1010
0
1020
0
1030
0
  0
CIRCLE
  5
a6f
330
1F
100
AcDbEntity
  8
TopSolderMaskLayer
100
AcDbCircle
 10
-2.0599949199897765
 20
1.2999237998475337
 30
0.0
 40
0.3267953300883561
0
HATCH
5
a71
100
AcDbEntity
8
TopSolderMaskLayer
100
AcDbHatch
10
0
20
0
30
0
210
0
220
0
230
1
2
SOLID
70
1
71
0
91
1
92
7
72
0
73
1
93
4
10
-1.6849804068269805
20
0.924896583433565
10
-2.435020321653383
20
0.924896583433565
10
-2.435020321653383
20
1.6749364982599673
10
-1.6849804068269805
20
1.6749364982599673
97
1
330

75
0
76
1
47
0.4128176842155181
98
1
10
34.90568961886538
20
22.81183545379326
450
0
451
0
460
0
461
0
452
1
462
1
453
2
463
0
63
5
421
255
463
1
63
7
421
16777215
470
LINEAR
1001
ACAD
1010
0
1020
0
1030
0
  0
CIRCLE
  5
a72
330
1F
100
AcDbEntity
  8
BottomSolderMaskLayer
100
AcDbCircle
 10
-2.0599949199897765
 20
1.2999237998475337
 30
0.0
 40
0.3267953300883561
0
HATCH
5
a74
100
AcDbEntity
8
BottomSolderMaskLayer
100
AcDbHatch
10
0
20
0
30
0
210
0
220
0
230
1
2
SOLID
70
1
71
0
91
1
92
7
72
0
73
1
93
4
10
-1.6849804068269805
20
0.924896583433565
10
-2.435020321653383
20
0.924896583433565
10
-2.435020321653383
20
1.6749364982599673
10
-1.6849804068269805
20
1.6749364982599673
97
1
330

75
0
76
1
47
0.4128176842155181
98
1
10
34.90568961886538
20
22.81183545379326
450
0
451
0
460
0
461
0
452
1
462
1
453
2
463
0
63
5
421
255
463
1
63
7
421
16777215
470
LINEAR
1001
ACAD
1010
0
1020
0
1030
0
  0
CIRCLE
  5
a75
330
1F
100
AcDbEntity
  8
Multi-Layer
100
AcDbCircle
 10
-2.0599949199897765
 20
1.2999237998475337
 30
0.0
 40
0.30500381000762006
0
HATCH
5
a77
100
AcDbEntity
8
Multi-Layer
100
AcDbHatch
10
0
20
0
30
0
210
0
220
0
230
1
2
SOLID
70
1
71
0
91
1
92
7
72
0
73
1
93
4
10
-1.7099822199643313
20
0.9499110998220885
10
-2.4100076200152216
20
0.9499110998220885
10
-2.4100076200152216
20
1.6499364998728652
10
-1.7099822199643313
20
1.6499364998728652
97
1
330

75
0
76
1
47
0.4128176842155181
98
1
10
34.90568961886538
20
22.81183545379326
450
0
451
0
460
0
461
0
452
1
462
1
453
2
463
0
63
5
421
255
463
1
63
7
421
16777215
470
LINEAR
1001
ACAD
1010
0
1020
0
1030
0
  0
CIRCLE
  5
a78
330
1F
100
AcDbEntity
  8
TopSolderMaskLayer
100
AcDbCircle
 10
-0.95999491998964
 20
1.2999237998475337
 30
0.0
 40
0.3267953300883561
0
HATCH
5
a7a
100
AcDbEntity
8
TopSolderMaskLayer
100
AcDbHatch
10
0
20
0
30
0
210
0
220
0
230
1
2
SOLID
70
1
71
0
91
1
92
7
72
0
73
1
93
4
10
-0.584967703575785
20
0.924896583433565
10
-1.3350076184021873
20
0.924896583433565
10
-1.3350076184021873
20
1.6749364982599673
10
-0.584967703575785
20
1.6749364982599673
97
1
330

75
0
76
1
47
0.4128176842155181
98
1
10
34.90568961886538
20
22.81183545379326
450
0
451
0
460
0
461
0
452
1
462
1
453
2
463
0
63
5
421
255
463
1
63
7
421
16777215
470
LINEAR
1001
ACAD
1010
0
1020
0
1030
0
  0
CIRCLE
  5
a7b
330
1F
100
AcDbEntity
  8
BottomSolderMaskLayer
100
AcDbCircle
 10
-0.95999491998964
 20
1.2999237998475337
 30
0.0
 40
0.3267953300883561
0
HATCH
5
a7d
100
AcDbEntity
8
BottomSolderMaskLayer
100
AcDbHatch
10
0
20
0
30
0
210
0
220
0
230
1
2
SOLID
70
1
71
0
91
1
92
7
72
0
73
1
93
4
10
-0.584967703575785
20
0.924896583433565
10
-1.3350076184021873
20
0.924896583433565
10
-1.3350076184021873
20
1.6749364982599673
10
-0.584967703575785
20
1.6749364982599673
97
1
330

75
0
76
1
47
0.4128176842155181
98
1
10
34.90568961886538
20
22.81183545379326
450
0
451
0
460
0
461
0
452
1
462
1
453
2
463
0
63
5
421
255
463
1
63
7
421
16777215
470
LINEAR
1001
ACAD
1010
0
1020
0
1030
0
  0
CIRCLE
  5
a7e
330
1F
100
AcDbEntity
  8
Multi-Layer
100
AcDbCircle
 10
-0.95999491998964
 20
1.2999237998475337
 30
0.0
 40
0.30500381000762006
0
HATCH
5
a80
100
AcDbEntity
8
Multi-Layer
100
AcDbHatch
10
0
20
0
30
0
210
0
220
0
230
1
2
SOLID
70
1
71
0
91
1
92
7
72
0
73
1
93
4
10
-0.6099822199644223
20
0.9499110998220885
10
-1.3100076200150852
20
0.9499110998220885
10
-1.3100076200150852
20
1.6499364998728652
10
-0.6099822199644223
20
1.6499364998728652
97
1
330

75
0
76
1
47
0.4128176842155181
98
1
10
34.90568961886538
20
22.81183545379326
450
0
451
0
460
0
461
0
452
1
462
1
453
2
463
0
63
5
421
255
463
1
63
7
421
16777215
470
LINEAR
1001
ACAD
1010
0
1020
0
1030
0
  0
CIRCLE
  5
a81
330
1F
100
AcDbEntity
  8
TopSolderMaskLayer
100
AcDbCircle
 10
0.140005080010269
 20
1.2999237998475337
 30
0.0
 40
0.3267953300883561
0
HATCH
5
a83
100
AcDbEntity
8
TopSolderMaskLayer
100
AcDbHatch
10
0
20
0
30
0
210
0
220
0
230
1
2
SOLID
70
1
71
0
91
1
92
7
72
0
73
1
93
4
10
0.5150268521736052
20
0.924896583433565
10
-0.2350130626527971
20
0.924896583433565
10
-0.2350130626527971
20
1.6749364982599673
10
0.5150268521736052
20
1.6749364982599673
97
1
330

75
0
76
1
47
0.4128176842155181
98
1
10
34.90568961886538
20
22.81183545379326
450
0
451
0
460
0
461
0
452
1
462
1
453
2
463
0
63
5
421
255
463
1
63
7
421
16777215
470
LINEAR
1001
ACAD
1010
0
1020
0
1030
0
  0
CIRCLE
  5
a84
330
1F
100
AcDbEntity
  8
BottomSolderMaskLayer
100
AcDbCircle
 10
0.140005080010269
 20
1.2999237998475337
 30
0.0
 40
0.3267953300883561
0
HATCH
5
a86
100
AcDbEntity
8
BottomSolderMaskLayer
100
AcDbHatch
10
0
20
0
30
0
210
0
220
0
230
1
2
SOLID
70
1
71
0
91
1
92
7
72
0
73
1
93
4
10
0.5150268521736052
20
0.924896583433565
10
-0.2350130626527971
20
0.924896583433565
10
-0.2350130626527971
20
1.6749364982599673
10
0.5150268521736052
20
1.6749364982599673
97
1
330

75
0
76
1
47
0.4128176842155181
98
1
10
34.90568961886538
20
22.81183545379326
450
0
451
0
460
0
461
0
452
1
462
1
453
2
463
0
63
5
421
255
463
1
63
7
421
16777215
470
LINEAR
1001
ACAD
1010
0
1020
0
1030
0
  0
CIRCLE
  5
a87
330
1F
100
AcDbEntity
  8
Multi-Layer
100
AcDbCircle
 10
0.140005080010269
 20
1.2999237998475337
 30
0.0
 40
0.30500381000762006
0
HATCH
5
a89
100
AcDbEntity
8
Multi-Layer
100
AcDbHatch
10
0
20
0
30
0
210
0
220
0
230
1
2
SOLID
70
1
71
0
91
1
92
7
72
0
73
1
93
4
10
0.49001778003571417
20
0.9499110998220885
10
-0.21000762001517614
20
0.9499110998220885
10
-0.21000762001517614
20
1.6499364998728652
10
0.49001778003571417
20
1.6499364998728652
97
1
330

75
0
76
1
47
0.4128176842155181
98
1
10
34.90568961886538
20
22.81183545379326
450
0
451
0
460
0
461
0
452
1
462
1
453
2
463
0
63
5
421
255
463
1
63
7
421
16777215
470
LINEAR
1001
ACAD
1010
0
1020
0
1030
0
  0
CIRCLE
  5
a8a
330
1F
100
AcDbEntity
  8
TopSolderMaskLayer
100
AcDbCircle
 10
-0.95999491998964
 20
-0.9001016002032429
 30
0.0
 40
0.3267953300883561
0
HATCH
5
a8c
100
AcDbEntity
8
TopSolderMaskLayer
100
AcDbHatch
10
0
20
0
30
0
210
0
220
0
230
1
2
SOLID
70
1
71
0
91
1
92
7
72
0
73
1
93
4
10
-0.584967703575785
20
-1.2750925280653291
10
-1.3350076184021873
20
-1.2750925280653291
10
-1.3350076184021873
20
-0.5250526132389268
10
-0.584967703575785
20
-0.5250526132389268
97
1
330

75
0
76
1
47
0.4128176842155181
98
1
10
34.90568961886538
20
22.81183545379326
450
0
451
0
460
0
461
0
452
1
462
1
453
2
463
0
63
5
421
255
463
1
63
7
421
16777215
470
LINEAR
1001
ACAD
1010
0
1020
0
1030
0
  0
CIRCLE
  5
a8d
330
1F
100
AcDbEntity
  8
BottomSolderMaskLayer
100
AcDbCircle
 10
-0.95999491998964
 20
-0.9001016002032429
 30
0.0
 40
0.3267953300883561
0
HATCH
5
a8f
100
AcDbEntity
8
BottomSolderMaskLayer
100
AcDbHatch
10
0
20
0
30
0
210
0
220
0
230
1
2
SOLID
70
1
71
0
91
1
92
7
72
0
73
1
93
4
10
-0.584967703575785
20
-1.2750925280653291
10
-1.3350076184021873
20
-1.2750925280653291
10
-1.3350076184021873
20
-0.5250526132389268
10
-0.584967703575785
20
-0.5250526132389268
97
1
330

75
0
76
1
47
0.4128176842155181
98
1
10
34.90568961886538
20
22.81183545379326
450
0
451
0
460
0
461
0
452
1
462
1
453
2
463
0
63
5
421
255
463
1
63
7
421
16777215
470
LINEAR
1001
ACAD
1010
0
1020
0
1030
0
  0
CIRCLE
  5
a90
330
1F
100
AcDbEntity
  8
Multi-Layer
100
AcDbCircle
 10
-0.95999491998964
 20
-0.9001016002032429
 30
0.0
 40
0.30500381000762006
0
HATCH
5
a92
100
AcDbEntity
8
Multi-Layer
100
AcDbHatch
10
0
20
0
30
0
210
0
220
0
230
1
2
SOLID
70
1
71
0
91
1
92
7
72
0
73
1
93
4
10
-0.6099822199644223
20
-1.2500889001778432
10
-1.3100076200150852
20
-1.2500889001778432
10
-1.3100076200150852
20
-0.5500635001270666
10
-0.6099822199644223
20
-0.5500635001270666
97
1
330

75
0
76
1
47
0.4128176842155181
98
1
10
34.90568961886538
20
22.81183545379326
450
0
451
0
460
0
461
0
452
1
462
1
453
2
463
0
63
5
421
255
463
1
63
7
421
16777215
470
LINEAR
1001
ACAD
1010
0
1020
0
1030
0
  0
CIRCLE
  5
a93
330
1F
100
AcDbEntity
  8
TopSolderMaskLayer
100
AcDbCircle
 10
0.140005080010269
 20
-0.9001016002032429
 30
0.0
 40
0.3267953300883561
0
HATCH
5
a95
100
AcDbEntity
8
TopSolderMaskLayer
100
AcDbHatch
10
0
20
0
30
0
210
0
220
0
230
1
2
SOLID
70
1
71
0
91
1
92
7
72
0
73
1
93
4
10
0.5150268521736052
20
-1.2750925280653291
10
-0.2350130626527971
20
-1.2750925280653291
10
-0.2350130626527971
20
-0.5250526132389268
10
0.5150268521736052
20
-0.5250526132389268
97
1
330

75
0
76
1
47
0.4128176842155181
98
1
10
34.90568961886538
20
22.81183545379326
450
0
451
0
460
0
461
0
452
1
462
1
453
2
463
0
63
5
421
255
463
1
63
7
421
16777215
470
LINEAR
1001
ACAD
1010
0
1020
0
1030
0
  0
CIRCLE
  5
a96
330
1F
100
AcDbEntity
  8
BottomSolderMaskLayer
100
AcDbCircle
 10
0.140005080010269
 20
-0.9001016002032429
 30
0.0
 40
0.3267953300883561
0
HATCH
5
a98
100
AcDbEntity
8
BottomSolderMaskLayer
100
AcDbHatch
10
0
20
0
30
0
210
0
220
0
230
1
2
SOLID
70
1
71
0
91
1
92
7
72
0
73
1
93
4
10
0.5150268521736052
20
-1.2750925280653291
10
-0.2350130626527971
20
-1.2750925280653291
10
-0.2350130626527971
20
-0.5250526132389268
10
0.5150268521736052
20
-0.5250526132389268
97
1
330

75
0
76
1
47
0.4128176842155181
98
1
10
34.90568961886538
20
22.81183545379326
450
0
451
0
460
0
461
0
452
1
462
1
453
2
463
0
63
5
421
255
463
1
63
7
421
16777215
470
LINEAR
1001
ACAD
1010
0
1020
0
1030
0
  0
CIRCLE
  5
a99
330
1F
100
AcDbEntity
  8
Multi-Layer
100
AcDbCircle
 10
0.140005080010269
 20
-0.9001016002032429
 30
0.0
 40
0.30500381000762006
0
HATCH
5
a9b
100
AcDbEntity
8
Multi-Layer
100
AcDbHatch
10
0
20
0
30
0
210
0
220
0
230
1
2
SOLID
70
1
71
0
91
1
92
7
72
0
73
1
93
4
10
0.49001778003571417
20
-1.2500889001778432
10
-0.21000762001517614
20
-1.2500889001778432
10
-0.21000762001517614
20
-0.5500635001270666
10
0.49001778003571417
20
-0.5500635001270666
97
1
330

75
0
76
1
47
0.4128176842155181
98
1
10
34.90568961886538
20
22.81183545379326
450
0
451
0
460
0
461
0
452
1
462
1
453
2
463
0
63
5
421
255
463
1
63
7
421
16777215
470
LINEAR
1001
ACAD
1010
0
1020
0
1030
0
0
HATCH
5
a9e
100
AcDbEntity
8
TopSolderMaskLayer
100
AcDbHatch
10
0
20
0
30
0
210
0
220
0
230
1
2
SOLID
70
1
71
0
91
1
92
7
72
0
73
1
93
4
10
1.9254443992761026
20
14.75742802602224
10
1.5746442976758317
20
14.75742802602224
10
1.5746442976758317
20
16.108254520230957
10
1.9254443992761026
20
16.108254520230957
97
1
330

75
0
76
1
47
0.4128176842155181
98
1
10
34.90568961886538
20
22.81183545379326
450
0
451
0
460
0
461
0
452
1
462
1
453
2
463
0
63
5
421
255
463
1
63
7
421
16777215
470
LINEAR
1001
ACAD
1010
0
1020
0
1030
0
0
HATCH
5
aa1
100
AcDbEntity
8
TopLayer
100
AcDbHatch
10
0
20
0
30
0
210
0
220
0
230
1
2
SOLID
70
1
71
0
91
1
92
7
72
0
73
1
93
4
10
1.9000508001017806
20
14.782829565659085
10
1.600050800101826
20
14.782829565659085
10
1.600050800101826
20
16.08285496570977
10
1.9000508001017806
20
16.08285496570977
97
1
330

75
0
76
1
47
0.4128176842155181
98
1
10
34.90568961886538
20
22.81183545379326
450
0
451
0
460
0
461
0
452
1
462
1
453
2
463
0
63
5
421
255
463
1
63
7
421
16777215
470
LINEAR
1001
ACAD
1010
0
1020
0
1030
0
0
HATCH
5
aa4
100
AcDbEntity
8
TopSolderMaskLayer
100
AcDbHatch
10
0
20
0
30
0
210
0
220
0
230
1
2
SOLID
70
1
71
0
91
1
92
7
72
0
73
1
93
4
10
1.4253173990221057
20
14.75742802602224
10
1.0745172974218349
20
14.75742802602224
10
1.0745172974218349
20
16.108254520230957
10
1.4253173990221057
20
16.108254520230957
97
1
330

75
0
76
1
47
0.4128176842155181
98
1
10
34.90568961886538
20
22.81183545379326
450
0
451
0
460
0
461
0
452
1
462
1
453
2
463
0
63
5
421
255
463
1
63
7
421
16777215
470
LINEAR
1001
ACAD
1010
0
1020
0
1030
0
0
HATCH
5
aa7
100
AcDbEntity
8
TopLayer
100
AcDbHatch
10
0
20
0
30
0
210
0
220
0
230
1
2
SOLID
70
1
71
0
91
1
92
7
72
0
73
1
93
4
10
1.3999237998477838
20
14.782829565659085
10
1.0999237998478293
20
14.782829565659085
10
1.0999237998478293
20
16.08285496570977
10
1.3999237998477838
20
16.08285496570977
97
1
330

75
0
76
1
47
0.4128176842155181
98
1
10
34.90568961886538
20
22.81183545379326
450
0
451
0
460
0
461
0
452
1
462
1
453
2
463
0
63
5
421
255
463
1
63
7
421
16777215
470
LINEAR
1001
ACAD
1010
0
1020
0
1030
0
0
HATCH
5
aaa
100
AcDbEntity
8
TopSolderMaskLayer
100
AcDbHatch
10
0
20
0
30
0
210
0
220
0
230
1
2
SOLID
70
1
71
0
91
1
92
7
72
0
73
1
93
4
10
0.9254443992761026
20
14.757401633413565
10
0.5746442976756043
20
14.757401633413565
10
0.5746442976756043
20
16.108228127622397
10
0.9254443992761026
20
16.108228127622397
97
1
330

75
0
76
1
47
0.4128176842155181
98
1
10
34.90568961886538
20
22.81183545379326
450
0
451
0
460
0
461
0
452
1
462
1
453
2
463
0
63
5
421
255
463
1
63
7
421
16777215
470
LINEAR
1001
ACAD
1010
0
1020
0
1030
0
0
HATCH
5
aad
100
AcDbEntity
8
TopLayer
100
AcDbHatch
10
0
20
0
30
0
210
0
220
0
230
1
2
SOLID
70
1
71
0
91
1
92
7
72
0
73
1
93
4
10
0.9000508001017806
20
14.78280416560824
10
0.6000508001015987
20
14.78280416560824
10
0.6000508001015987
20
16.08282956565904
10
0.9000508001017806
20
16.08282956565904
97
1
330

75
0
76
1
47
0.4128176842155181
98
1
10
34.90568961886538
20
22.81183545379326
450
0
451
0
460
0
461
0
452
1
462
1
453
2
463
0
63
5
421
255
463
1
63
7
421
16777215
470
LINEAR
1001
ACAD
1010
0
1020
0
1030
0
0
HATCH
5
ab0
100
AcDbEntity
8
TopSolderMaskLayer
100
AcDbHatch
10
0
20
0
30
0
210
0
220
0
230
1
2
SOLID
70
1
71
0
91
1
92
7
72
0
73
1
93
4
10
0.42531739902210575
20
14.75742802602224
10
0.07451729742183488
20
14.75742802602224
10
0.07451729742183488
20
16.108254520230957
10
0.42531739902210575
20
16.108254520230957
97
1
330

75
0
76
1
47
0.4128176842155181
98
1
10
34.90568961886538
20
22.81183545379326
450
0
451
0
460
0
461
0
452
1
462
1
453
2
463
0
63
5
421
255
463
1
63
7
421
16777215
470
LINEAR
1001
ACAD
1010
0
1020
0
1030
0
0
HATCH
5
ab3
100
AcDbEntity
8
TopLayer
100
AcDbHatch
10
0
20
0
30
0
210
0
220
0
230
1
2
SOLID
70
1
71
0
91
1
92
7
72
0
73
1
93
4
10
0.3999237998477838
20
14.782829565659085
10
0.09992379984782929
20
14.782829565659085
10
0.09992379984782929
20
16.08285496570977
10
0.3999237998477838
20
16.08285496570977
97
1
330

75
0
76
1
47
0.4128176842155181
98
1
10
34.90568961886538
20
22.81183545379326
450
0
451
0
460
0
461
0
452
1
462
1
453
2
463
0
63
5
421
255
463
1
63
7
421
16777215
470
LINEAR
1001
ACAD
1010
0
1020
0
1030
0
0
HATCH
5
ab6
100
AcDbEntity
8
TopSolderMaskLayer
100
AcDbHatch
10
0
20
0
30
0
210
0
220
0
230
1
2
SOLID
70
1
71
0
91
1
92
7
72
0
73
1
93
4
10
-0.07455560072389744
20
14.757401633413565
10
-0.4253557023241683
20
14.757401633413565
10
-0.4253557023241683
20
16.108228127622397
10
-0.07455560072389744
20
16.108228127622397
97
1
330

75
0
76
1
47
0.4128176842155181
98
1
10
34.90568961886538
20
22.81183545379326
450
0
451
0
460
0
461
0
452
1
462
1
453
2
463
0
63
5
421
255
463
1
63
7
421
16777215
470
LINEAR
1001
ACAD
1010
0
1020
0
1030
0
0
HATCH
5
ab9
100
AcDbEntity
8
TopLayer
100
AcDbHatch
10
0
20
0
30
0
210
0
220
0
230
1
2
SOLID
70
1
71
0
91
1
92
7
72
0
73
1
93
4
10
-0.09994919989821938
20
14.78280416560824
10
-0.3999491998984013
20
14.78280416560824
10
-0.3999491998984013
20
16.08282956565904
10
-0.09994919989821938
20
16.08282956565904
97
1
330

75
0
76
1
47
0.4128176842155181
98
1
10
34.90568961886538
20
22.81183545379326
450
0
451
0
460
0
461
0
452
1
462
1
453
2
463
0
63
5
421
255
463
1
63
7
421
16777215
470
LINEAR
1001
ACAD
1010
0
1020
0
1030
0
0
HATCH
5
abc
100
AcDbEntity
8
TopSolderMaskLayer
100
AcDbHatch
10
0
20
0
30
0
210
0
220
0
230
1
2
SOLID
70
1
71
0
91
1
92
7
72
0
73
1
93
4
10
-0.5746826009778943
20
14.75742802602224
10
-0.9254827025783925
20
14.75742802602224
10
-0.9254827025783925
20
16.108254520230957
10
-0.5746826009778943
20
16.108254520230957
97
1
330

75
0
76
1
47
0.4128176842155181
98
1
10
34.90568961886538
20
22.81183545379326
450
0
451
0
460
0
461
0
452
1
462
1
453
2
463
0
63
5
421
255
463
1
63
7
421
16777215
470
LINEAR
1001
ACAD
1010
0
1020
0
1030
0
0
HATCH
5
abf
100
AcDbEntity
8
TopLayer
100
AcDbHatch
10
0
20
0
30
0
210
0
220
0
230
1
2
SOLID
70
1
71
0
91
1
92
7
72
0
73
1
93
4
10
-0.6000762001522162
20
14.782829565659085
10
-0.9000762001523981
20
14.782829565659085
10
-0.9000762001523981
20
16.08285496570977
10
-0.6000762001522162
20
16.08285496570977
97
1
330

75
0
76
1
47
0.4128176842155181
98
1
10
34.90568961886538
20
22.81183545379326
450
0
451
0
460
0
461
0
452
1
462
1
453
2
463
0
63
5
421
255
463
1
63
7
421
16777215
470
LINEAR
1001
ACAD
1010
0
1020
0
1030
0
0
HATCH
5
ac2
100
AcDbEntity
8
TopSolderMaskLayer
100
AcDbHatch
10
0
20
0
30
0
210
0
220
0
230
1
2
SOLID
70
1
71
0
91
1
92
7
72
0
73
1
93
4
10
-1.0743016002159038
20
14.75742802602224
10
-1.4251017018161747
20
14.75742802602224
10
-1.4251017018161747
20
16.108254520230957
10
-1.0743016002159038
20
16.108254520230957
97
1
330

75
0
76
1
47
0.4128176842155181
98
1
10
34.90568961886538
20
22.81183545379326
450
0
451
0
460
0
461
0
452
1
462
1
453
2
463
0
63
5
421
255
463
1
63
7
421
16777215
470
LINEAR
1001
ACAD
1010
0
1020
0
1030
0
0
HATCH
5
ac5
100
AcDbEntity
8
TopLayer
100
AcDbHatch
10
0
20
0
30
0
210
0
220
0
230
1
2
SOLID
70
1
71
0
91
1
92
7
72
0
73
1
93
4
10
-1.0996951993902258
20
14.782829565659085
10
-1.3996951993901803
20
14.782829565659085
10
-1.3996951993901803
20
16.08285496570977
10
-1.0996951993902258
20
16.08285496570977
97
1
330

75
0
76
1
47
0.4128176842155181
98
1
10
34.90568961886538
20
22.81183545379326
450
0
451
0
460
0
461
0
452
1
462
1
453
2
463
0
63
5
421
255
463
1
63
7
421
16777215
470
LINEAR
1001
ACAD
1010
0
1020
0
1030
0
0
HATCH
5
ac8
100
AcDbEntity
8
TopSolderMaskLayer
100
AcDbHatch
10
0
20
0
30
0
210
0
220
0
230
1
2
SOLID
70
1
71
0
91
1
92
7
72
0
73
1
93
4
10
-1.5746826009778943
20
14.75742802602224
10
-1.9254827025781651
20
14.75742802602224
10
-1.9254827025781651
20
16.108254520230957
10
-1.5746826009778943
20
16.108254520230957
97
1
330

75
0
76
1
47
0.4128176842155181
98
1
10
34.90568961886538
20
22.81183545379326
450
0
451
0
460
0
461
0
452
1
462
1
453
2
463
0
63
5
421
255
463
1
63
7
421
16777215
470
LINEAR
1001
ACAD
1010
0
1020
0
1030
0
0
HATCH
5
acb
100
AcDbEntity
8
TopLayer
100
AcDbHatch
10
0
20
0
30
0
210
0
220
0
230
1
2
SOLID
70
1
71
0
91
1
92
7
72
0
73
1
93
4
10
-1.6000762001522162
20
14.782829565659085
10
-1.900076200152398
20
14.782829565659085
10
-1.900076200152398
20
16.08285496570977
10
-1.6000762001522162
20
16.08285496570977
97
1
330

75
0
76
1
47
0.4128176842155181
98
1
10
34.90568961886538
20
22.81183545379326
450
0
451
0
460
0
461
0
452
1
462
1
453
2
463
0
63
5
421
255
463
1
63
7
421
16777215
470
LINEAR
1001
ACAD
1010
0
1020
0
1030
0
0
HATCH
5
ace
100
AcDbEntity
8
TopSolderMaskLayer
100
AcDbHatch
10
0
20
0
30
0
210
0
220
0
230
1
2
SOLID
70
1
71
0
91
1
92
7
72
0
73
1
93
4
10
3.525334196905078
20
14.757559989065385
10
3.1745340953050345
20
14.757559989065385
10
3.1745340953050345
20
16.108386483274103
10
3.525334196905078
20
16.108386483274103
97
1
330

75
0
76
1
47
0.4128176842155181
98
1
10
34.90568961886538
20
22.81183545379326
450
0
451
0
460
0
461
0
452
1
462
1
453
2
463
0
63
5
421
255
463
1
63
7
421
16777215
470
LINEAR
1001
ACAD
1010
0
1020
0
1030
0
0
HATCH
5
ad1
100
AcDbEntity
8
TopLayer
100
AcDbHatch
10
0
20
0
30
0
210
0
220
0
230
1
2
SOLID
70
1
71
0
91
1
92
7
72
0
73
1
93
4
10
3.4999491998985377
20
14.782956565913082
10
3.199949199898583
20
14.782956565913082
10
3.199949199898583
20
16.08298196596388
10
3.4999491998985377
20
16.08298196596388
97
1
330

75
0
76
1
47
0.4128176842155181
98
1
10
34.90568961886538
20
22.81183545379326
450
0
451
0
460
0
461
0
452
1
462
1
453
2
463
0
63
5
421
255
463
1
63
7
421
16777215
470
LINEAR
1001
ACAD
1010
0
1020
0
1030
0
0
HATCH
5
ad4
100
AcDbEntity
8
TopSolderMaskLayer
100
AcDbHatch
10
0
20
0
30
0
210
0
220
0
230
1
2
SOLID
70
1
71
0
91
1
92
7
72
0
73
1
93
4
10
3.225359596955741
20
14.757401633413565
10
2.8745594953556974
20
14.757401633413565
10
2.8745594953556974
20
16.108228127622397
10
3.225359596955741
20
16.108228127622397
97
1
330

75
0
76
1
47
0.4128176842155181
98
1
10
34.90568961886538
20
22.81183545379326
450
0
451
0
460
0
461
0
452
1
462
1
453
2
463
0
63
5
421
255
463
1
63
7
421
16777215
470
LINEAR
1001
ACAD
1010
0
1020
0
1030
0
0
HATCH
5
ad7
100
AcDbEntity
8
TopLayer
100
AcDbHatch
10
0
20
0
30
0
210
0
220
0
230
1
2
SOLID
70
1
71
0
91
1
92
7
72
0
73
1
93
4
10
3.1999745999492006
20
14.78280416560824
10
2.899974599949246
20
14.78280416560824
10
2.899974599949246
20
16.08282956565904
10
3.1999745999492006
20
16.08282956565904
97
1
330

75
0
76
1
47
0.4128176842155181
98
1
10
34.90568961886538
20
22.81183545379326
450
0
451
0
460
0
461
0
452
1
462
1
453
2
463
0
63
5
421
255
463
1
63
7
421
16777215
470
LINEAR
1001
ACAD
1010
0
1020
0
1030
0
0
HATCH
5
ada
100
AcDbEntity
8
TopSolderMaskLayer
100
AcDbHatch
10
0
20
0
30
0
210
0
220
0
230
1
2
SOLID
70
1
71
0
91
1
92
7
72
0
73
1
93
4
10
2.7253514012404594
20
14.757586381673832
10
2.3745215985056802
20
14.757586381673832
10
2.3745215985056802
20
16.108360090665542
10
2.7253514012404594
20
16.108360090665542
97
1
330

75
0
76
1
47
0.4128176842155181
98
1
10
34.90568961886538
20
22.81183545379326
450
0
451
0
460
0
461
0
452
1
462
1
453
2
463
0
63
5
421
255
463
1
63
7
421
16777215
470
LINEAR
1001
ACAD
1010
0
1020
0
1030
0
0
HATCH
5
add
100
AcDbEntity
8
TopLayer
100
AcDbHatch
10
0
20
0
30
0
210
0
220
0
230
1
2
SOLID
70
1
71
0
91
1
92
7
72
0
73
1
93
4
10
2.699949199898356
20
14.782981965963813
10
2.3999237998475564
20
14.782981965963813
10
2.3999237998475564
20
16.08295656591315
10
2.699949199898356
20
16.08295656591315
97
1
330

75
0
76
1
47
0.4128176842155181
98
1
10
34.90568961886538
20
22.81183545379326
450
0
451
0
460
0
461
0
452
1
462
1
453
2
463
0
63
5
421
255
463
1
63
7
421
16777215
470
LINEAR
1001
ACAD
1010
0
1020
0
1030
0
0
HATCH
5
ae0
100
AcDbEntity
8
TopSolderMaskLayer
100
AcDbHatch
10
0
20
0
30
0
210
0
220
0
230
1
2
SOLID
70
1
71
0
91
1
92
7
72
0
73
1
93
4
10
2.4254065024260854
20
14.757559989065385
10
2.074576699691079
20
14.757559989065385
10
2.074576699691079
20
16.108333698056867
10
2.4254065024260854
20
16.108333698056867
97
1
330

75
0
76
1
47
0.4128176842155181
98
1
10
34.90568961886538
20
22.81183545379326
450
0
451
0
460
0
461
0
452
1
462
1
453
2
463
0
63
5
421
255
463
1
63
7
421
16777215
470
LINEAR
1001
ACAD
1010
0
1020
0
1030
0
0
HATCH
5
ae3
100
AcDbEntity
8
TopLayer
100
AcDbHatch
10
0
20
0
30
0
210
0
220
0
230
1
2
SOLID
70
1
71
0
91
1
92
7
72
0
73
1
93
4
10
2.400000000000091
20
14.782956565913082
10
2.0999745999492916
20
14.782956565913082
10
2.0999745999492916
20
16.082931165862192
10
2.400000000000091
20
16.082931165862192
97
1
330

75
0
76
1
47
0.4128176842155181
98
1
10
34.90568961886538
20
22.81183545379326
450
0
451
0
460
0
461
0
452
1
462
1
453
2
463
0
63
5
421
255
463
1
63
7
421
16777215
470
LINEAR
1001
ACAD
1010
0
1020
0
1030
0
0
HATCH
5
ae6
100
AcDbEntity
8
TopSolderMaskLayer
100
AcDbHatch
10
0
20
0
30
0
210
0
220
0
230
1
2
SOLID
70
1
71
0
91
1
92
7
72
0
73
1
93
4
10
-2.074585301858633
20
14.757586381673832
10
-2.4254151045934123
20
14.757586381673832
10
-2.4254151045934123
20
16.108360090665542
10
-2.074585301858633
20
16.108360090665542
97
1
330

75
0
76
1
47
0.4128176842155181
98
1
10
34.90568961886538
20
22.81183545379326
450
0
451
0
460
0
461
0
452
1
462
1
453
2
463
0
63
5
421
255
463
1
63
7
421
16777215
470
LINEAR
1001
ACAD
1010
0
1020
0
1030
0
0
HATCH
5
ae9
100
AcDbEntity
8
TopLayer
100
AcDbHatch
10
0
20
0
30
0
210
0
220
0
230
1
2
SOLID
70
1
71
0
91
1
92
7
72
0
73
1
93
4
10
-2.099974599949064
20
14.782981965963813
10
-2.3999999999998636
20
14.782981965963813
10
-2.3999999999998636
20
16.08295656591315
10
-2.099974599949064
20
16.08295656591315
97
1
330

75
0
76
1
47
0.4128176842155181
98
1
10
34.90568961886538
20
22.81183545379326
450
0
451
0
460
0
461
0
452
1
462
1
453
2
463
0
63
5
421
255
463
1
63
7
421
16777215
470
LINEAR
1001
ACAD
1010
0
1020
0
1030
0
0
HATCH
5
aec
100
AcDbEntity
8
TopSolderMaskLayer
100
AcDbHatch
10
0
20
0
30
0
210
0
220
0
230
1
2
SOLID
70
1
71
0
91
1
92
7
72
0
73
1
93
4
10
-2.3746950977772485
20
14.757559989065385
10
-2.7255249005120277
20
14.757559989065385
10
-2.7255249005120277
20
16.108333698056867
10
-2.3746950977772485
20
16.108333698056867
97
1
330

75
0
76
1
47
0.4128176842155181
98
1
10
34.90568961886538
20
22.81183545379326
450
0
451
0
460
0
461
0
452
1
462
1
453
2
463
0
63
5
421
255
463
1
63
7
421
16777215
470
LINEAR
1001
ACAD
1010
0
1020
0
1030
0
0
HATCH
5
aef
100
AcDbEntity
8
TopLayer
100
AcDbHatch
10
0
20
0
30
0
210
0
220
0
230
1
2
SOLID
70
1
71
0
91
1
92
7
72
0
73
1
93
4
10
-2.400101600203243
20
14.782956565913082
10
-2.7001270002540423
20
14.782956565913082
10
-2.7001270002540423
20
16.082931165862192
10
-2.400101600203243
20
16.082931165862192
97
1
330

75
0
76
1
47
0.4128176842155181
98
1
10
34.90568961886538
20
22.81183545379326
450
0
451
0
460
0
461
0
452
1
462
1
453
2
463
0
63
5
421
255
463
1
63
7
421
16777215
470
LINEAR
1001
ACAD
1010
0
1020
0
1030
0
0
HATCH
5
af2
100
AcDbEntity
8
TopSolderMaskLayer
100
AcDbHatch
10
0
20
0
30
0
210
0
220
0
230
1
2
SOLID
70
1
71
0
91
1
92
7
72
0
73
1
93
4
10
-2.87459779865776
20
14.757401633413565
10
-3.225427601392539
20
14.757401633413565
10
-3.225427601392539
20
16.10817534240516
10
-2.87459779865776
20
16.10817534240516
97
1
330

75
0
76
1
47
0.4128176842155181
98
1
10
34.90568961886538
20
22.81183545379326
450
0
451
0
460
0
461
0
452
1
462
1
453
2
463
0
63
5
421
255
463
1
63
7
421
16777215
470
LINEAR
1001
ACAD
1010
0
1020
0
1030
0
0
HATCH
5
af5
100
AcDbEntity
8
TopLayer
100
AcDbHatch
10
0
20
0
30
0
210
0
220
0
230
1
2
SOLID
70
1
71
0
91
1
92
7
72
0
73
1
93
4
10
-2.8999999999998636
20
14.78280416560824
10
-3.200025400050663
20
14.78280416560824
10
-3.200025400050663
20
16.082778765557464
10
-2.8999999999998636
20
16.082778765557464
97
1
330

75
0
76
1
47
0.4128176842155181
98
1
10
34.90568961886538
20
22.81183545379326
450
0
451
0
460
0
461
0
452
1
462
1
453
2
463
0
63
5
421
255
463
1
63
7
421
16777215
470
LINEAR
1001
ACAD
1010
0
1020
0
1030
0
0
HATCH
5
af8
100
AcDbEntity
8
TopSolderMaskLayer
100
AcDbHatch
10
0
20
0
30
0
210
0
220
0
230
1
2
SOLID
70
1
71
0
91
1
92
7
72
0
73
1
93
4
10
-3.1746020997418327
20
14.757401633413565
10
-3.525431902476612
20
14.757401633413565
10
-3.525431902476612
20
16.10817534240516
10
-3.1746020997418327
20
16.10817534240516
97
1
330

75
0
76
1
47
0.4128176842155181
98
1
10
34.90568961886538
20
22.81183545379326
450
0
451
0
460
0
461
0
452
1
462
1
453
2
463
0
63
5
421
255
463
1
63
7
421
16777215
470
LINEAR
1001
ACAD
1010
0
1020
0
1030
0
0
HATCH
5
afb
100
AcDbEntity
8
TopLayer
100
AcDbHatch
10
0
20
0
30
0
210
0
220
0
230
1
2
SOLID
70
1
71
0
91
1
92
7
72
0
73
1
93
4
10
-3.199999999999818
20
14.78280416560824
10
-3.5000254000506175
20
14.78280416560824
10
-3.5000254000506175
20
16.082778765557464
10
-3.199999999999818
20
16.082778765557464
97
1
330

75
0
76
1
47
0.4128176842155181
98
1
10
34.90568961886538
20
22.81183545379326
450
0
451
0
460
0
461
0
452
1
462
1
453
2
463
0
63
5
421
255
463
1
63
7
421
16777215
470
LINEAR
1001
ACAD
1010
0
1020
0
1030
0
 0
ARC
  5
b02
330
1F
100
AcDbEntity
  8
TopSolderMaskLayer
100
AcDbCircle
 10
-4.324962873581626
 20
20.072793813687895
 30
0.0
 40
0.41693336720006774
100
AcDbArc
 50
360
 51
180
 0
ARC
  5
b03
330
1F
100
AcDbEntity
  8
TopSolderMaskLayer
100
AcDbCircle
 10
-4.324962873581626
 20
20.689727180887985
 30
0.0
 40
0.41693336720006774
100
AcDbArc
 50
180
 51
360
 0
LWPOLYLINE
  5
b04
330
1F
100
AcDbEntity
  8
TopSolderMaskLayer
100
AcDbPolyline
 90
1
 70
 1
 43
0
 10
-4.741896240781694
 20
20.072793813687895
 10
-4.741896240781694
 20
20.689727180887985
 0
LWPOLYLINE
  5
b05
330
1F
100
AcDbEntity
  8
TopSolderMaskLayer
100
AcDbPolyline
 90
1
 70
 1
 43
0
 10
-3.908029506381558
 20
20.072793813687895
 10
-3.908029506381558
 20
20.689727180887985
0
HATCH
5
b06
100
AcDbEntity
8
TopSolderMaskLayer
100
AcDbHatch
10
0
20
0
30
0
210
0
220
0
230
1
2
SOLID
70
1
71
0
91
1
92
7
72
1
73
1
93
4
10
-3.6996951993904412
20
20.072584878502994
42
-0.7853981633974483
10
-4.950495300990645
20
20.072584878502994
42
0
10
-4.950495300990645
20
20.68951824570297
42
-0.7853981633974483
10
-3.6996951993904412
20
20.68951824570297
42
0
97
1
330

75
0
76
1
47
0.4128176842155181
98
1
10
34.90568961886538
20
22.81183545379326
450
0
451
0
460
0
461
0
452
1
462
1
453
2
463
0
63
5
421
255
463
1
63
7
421
16777215
470
LINEAR
1001
ACAD
1010
0
1020
0
1030
0
 0
ARC
  5
b0d
330
1F
100
AcDbEntity
  8
BottomSolderMaskLayer
100
AcDbCircle
 10
-4.324962873581626
 20
20.072793813687895
 30
0.0
 40
0.41693336720006774
100
AcDbArc
 50
360
 51
180
 0
ARC
  5
b0e
330
1F
100
AcDbEntity
  8
BottomSolderMaskLayer
100
AcDbCircle
 10
-4.324962873581626
 20
20.689727180887985
 30
0.0
 40
0.41693336720006774
100
AcDbArc
 50
180
 51
360
 0
LWPOLYLINE
  5
b0f
330
1F
100
AcDbEntity
  8
BottomSolderMaskLayer
100
AcDbPolyline
 90
1
 70
 1
 43
0
 10
-4.741896240781694
 20
20.072793813687895
 10
-4.741896240781694
 20
20.689727180887985
 0
LWPOLYLINE
  5
b10
330
1F
100
AcDbEntity
  8
BottomSolderMaskLayer
100
AcDbPolyline
 90
1
 70
 1
 43
0
 10
-3.908029506381558
 20
20.072793813687895
 10
-3.908029506381558
 20
20.689727180887985
0
HATCH
5
b11
100
AcDbEntity
8
BottomSolderMaskLayer
100
AcDbHatch
10
0
20
0
30
0
210
0
220
0
230
1
2
SOLID
70
1
71
0
91
1
92
7
72
1
73
1
93
4
10
-3.6996951993904412
20
20.072584878502994
42
-0.7853981633974483
10
-4.950495300990645
20
20.072584878502994
42
0
10
-4.950495300990645
20
20.68951824570297
42
-0.7853981633974483
10
-3.6996951993904412
20
20.68951824570297
42
0
97
1
330

75
0
76
1
47
0.4128176842155181
98
1
10
34.90568961886538
20
22.81183545379326
450
0
451
0
460
0
461
0
452
1
462
1
453
2
463
0
63
5
421
255
463
1
63
7
421
16777215
470
LINEAR
1001
ACAD
1010
0
1020
0
1030
0
 0
ARC
  5
b18
330
1F
100
AcDbEntity
  8
Multi-Layer
100
AcDbCircle
 10
-4.324968249936319
 20
20.08125476250939
 30
0.0
 40
0.4
100
AcDbArc
 50
360
 51
180
 0
ARC
  5
b19
330
1F
100
AcDbEntity
  8
Multi-Layer
100
AcDbCircle
 10
-4.324968249936319
 20
20.68125476250941
 30
0.0
 40
0.4
100
AcDbArc
 50
180
 51
360
 0
LWPOLYLINE
  5
b1a
330
1F
100
AcDbEntity
  8
Multi-Layer
100
AcDbPolyline
 90
1
 70
 1
 43
0
 10
-4.724968249936319
 20
20.08125476250939
 10
-4.724968249936319
 20
20.68125476250941
 0
LWPOLYLINE
  5
b1b
330
1F
100
AcDbEntity
  8
Multi-Layer
100
AcDbPolyline
 90
1
 70
 1
 43
0
 10
-3.924968249936319
 20
20.08125476250939
 10
-3.924968249936319
 20
20.68125476250941
0
HATCH
5
b1c
100
AcDbEntity
8
Multi-Layer
100
AcDbHatch
10
0
20
0
30
0
210
0
220
0
230
1
2
SOLID
70
1
71
0
91
1
92
7
72
1
73
1
93
4
10
-3.725095250190543
20
20.081051562103085
42
-0.7853981633974483
10
-4.925095250190543
20
20.081051562103085
42
0
10
-4.925095250190543
20
20.681051562102994
42
-0.7853981633974483
10
-3.725095250190543
20
20.681051562102994
42
0
97
1
330

75
0
76
1
47
0.4128176842155181
98
1
10
34.90568961886538
20
22.81183545379326
450
0
451
0
460
0
461
0
452
1
462
1
453
2
463
0
63
5
421
255
463
1
63
7
421
16777215
470
LINEAR
1001
ACAD
1010
0
1020
0
1030
0
 0
ARC
  5
b23
330
1F
100
AcDbEntity
  8
TopSolderMaskLayer
100
AcDbCircle
 10
-4.324962873581626
 20
15.791189408185119
 30
0.0
 40
0.41693336720006774
100
AcDbArc
 50
360
 51
180
 0
ARC
  5
b24
330
1F
100
AcDbEntity
  8
TopSolderMaskLayer
100
AcDbCircle
 10
-4.324962873581626
 20
16.611483403611828
 30
0.0
 40
0.41693336720006774
100
AcDbArc
 50
180
 51
360
 0
LWPOLYLINE
  5
b25
330
1F
100
AcDbEntity
  8
TopSolderMaskLayer
100
AcDbPolyline
 90
1
 70
 1
 43
0
 10
-4.741896240781694
 20
15.791189408185119
 10
-4.741896240781694
 20
16.611483403611828
 0
LWPOLYLINE
  5
b26
330
1F
100
AcDbEntity
  8
TopSolderMaskLayer
100
AcDbPolyline
 90
1
 70
 1
 43
0
 10
-3.908029506381558
 20
15.791189408185119
 10
-3.908029506381558
 20
16.611483403611828
0
HATCH
5
b27
100
AcDbEntity
8
TopSolderMaskLayer
100
AcDbHatch
10
0
20
0
30
0
210
0
220
0
230
1
2
SOLID
70
1
71
0
91
1
92
7
72
1
73
1
93
4
10
-3.6996951993904412
20
15.791059182118374
42
-0.7853981633974483
10
-4.950495300990645
20
15.791059182118374
42
0
10
-4.950495300990645
20
16.611379222758387
42
-0.7853981633974483
10
-3.6996951993904412
20
16.611379222758387
42
0
97
1
330

75
0
76
1
47
0.4128176842155181
98
1
10
34.90568961886538
20
22.81183545379326
450
0
451
0
460
0
461
0
452
1
462
1
453
2
463
0
63
5
421
255
463
1
63
7
421
16777215
470
LINEAR
1001
ACAD
1010
0
1020
0
1030
0
 0
ARC
  5
b2e
330
1F
100
AcDbEntity
  8
BottomSolderMaskLayer
100
AcDbCircle
 10
-4.324962873581626
 20
15.791189408185119
 30
0.0
 40
0.41693336720006774
100
AcDbArc
 50
360
 51
180
 0
ARC
  5
b2f
330
1F
100
AcDbEntity
  8
BottomSolderMaskLayer
100
AcDbCircle
 10
-4.324962873581626
 20
16.611483403611828
 30
0.0
 40
0.41693336720006774
100
AcDbArc
 50
180
 51
360
 0
LWPOLYLINE
  5
b30
330
1F
100
AcDbEntity
  8
BottomSolderMaskLayer
100
AcDbPolyline
 90
1
 70
 1
 43
0
 10
-4.741896240781694
 20
15.791189408185119
 10
-4.741896240781694
 20
16.611483403611828
 0
LWPOLYLINE
  5
b31
330
1F
100
AcDbEntity
  8
BottomSolderMaskLayer
100
AcDbPolyline
 90
1
 70
 1
 43
0
 10
-3.908029506381558
 20
15.791189408185119
 10
-3.908029506381558
 20
16.611483403611828
0
HATCH
5
b32
100
AcDbEntity
8
BottomSolderMaskLayer
100
AcDbHatch
10
0
20
0
30
0
210
0
220
0
230
1
2
SOLID
70
1
71
0
91
1
92
7
72
1
73
1
93
4
10
-3.6996951993904412
20
15.791059182118374
42
-0.7853981633974483
10
-4.950495300990645
20
15.791059182118374
42
0
10
-4.950495300990645
20
16.611379222758387
42
-0.7853981633974483
10
-3.6996951993904412
20
16.611379222758387
42
0
97
1
330

75
0
76
1
47
0.4128176842155181
98
1
10
34.90568961886538
20
22.81183545379326
450
0
451
0
460
0
461
0
452
1
462
1
453
2
463
0
63
5
421
255
463
1
63
7
421
16777215
470
LINEAR
1001
ACAD
1010
0
1020
0
1030
0
 0
ARC
  5
b39
330
1F
100
AcDbEntity
  8
Multi-Layer
100
AcDbCircle
 10
-4.324968249936319
 20
15.801346202692343
 30
0.0
 40
0.4
100
AcDbArc
 50
360
 51
180
 0
ARC
  5
b3a
330
1F
100
AcDbEntity
  8
Multi-Layer
100
AcDbCircle
 10
-4.324968249936319
 20
16.601320802641567
 30
0.0
 40
0.4
100
AcDbArc
 50
180
 51
360
 0
LWPOLYLINE
  5
b3b
330
1F
100
AcDbEntity
  8
Multi-Layer
100
AcDbPolyline
 90
1
 70
 1
 43
0
 10
-4.724968249936319
 20
15.801346202692343
 10
-4.724968249936319
 20
16.601320802641567
 0
LWPOLYLINE
  5
b3c
330
1F
100
AcDbEntity
  8
Multi-Layer
100
AcDbPolyline
 90
1
 70
 1
 43
0
 10
-3.924968249936319
 20
15.801346202692343
 10
-3.924968249936319
 20
16.601320802641567
0
HATCH
5
b3d
100
AcDbEntity
8
Multi-Layer
100
AcDbHatch
10
0
20
0
30
0
210
0
220
0
230
1
2
SOLID
70
1
71
0
91
1
92
7
72
1
73
1
93
4
10
-3.725095250190543
20
15.801219202438347
42
-0.7853981633974483
10
-4.925095250190543
20
15.801219202438347
42
0
10
-4.925095250190543
20
16.6012192024383
42
-0.7853981633974483
10
-3.725095250190543
20
16.6012192024383
42
0
97
1
330

75
0
76
1
47
0.4128176842155181
98
1
10
34.90568961886538
20
22.81183545379326
450
0
451
0
460
0
461
0
452
1
462
1
453
2
463
0
63
5
421
255
463
1
63
7
421
16777215
470
LINEAR
1001
ACAD
1010
0
1020
0
1030
0
 0
ARC
  5
b44
330
1F
100
AcDbEntity
  8
TopSolderMaskLayer
100
AcDbCircle
 10
4.3249607230400215
 20
15.791163362971702
 30
0.0
 40
0.41693336720006774
100
AcDbArc
 50
360
 51
180
 0
ARC
  5
b45
330
1F
100
AcDbEntity
  8
TopSolderMaskLayer
100
AcDbCircle
 10
4.3249607230400215
 20
16.611509448825245
 30
0.0
 40
0.41693336720006774
100
AcDbArc
 50
180
 51
360
 0
LWPOLYLINE
  5
b46
330
1F
100
AcDbEntity
  8
TopSolderMaskLayer
100
AcDbPolyline
 90
1
 70
 1
 43
0
 10
3.9080273558399536
 20
15.791163362971702
 10
3.9080273558399536
 20
16.611509448825245
 0
LWPOLYLINE
  5
b47
330
1F
100
AcDbEntity
  8
TopSolderMaskLayer
100
AcDbPolyline
 90
1
 70
 1
 43
0
 10
4.7418940902400895
 20
15.791163362971702
 10
4.7418940902400895
 20
16.611509448825245
0
HATCH
5
b48
100
AcDbEntity
8
TopSolderMaskLayer
100
AcDbHatch
10
0
20
0
30
0
210
0
220
0
230
1
2
SOLID
70
1
71
0
91
1
92
7
72
1
73
1
93
4
10
4.950546101092335
20
15.791059182118374
42
-0.7853981633974483
10
3.699745999492131
20
15.791059182118374
42
0
10
3.699745999492131
20
16.611379222758387
42
-0.7853981633974483
10
4.950546101092335
20
16.611379222758387
42
0
97
1
330

75
0
76
1
47
0.4128176842155181
98
1
10
34.90568961886538
20
22.81183545379326
450
0
451
0
460
0
461
0
452
1
462
1
453
2
463
0
63
5
421
255
463
1
63
7
421
16777215
470
LINEAR
1001
ACAD
1010
0
1020
0
1030
0
 0
ARC
  5
b4f
330
1F
100
AcDbEntity
  8
BottomSolderMaskLayer
100
AcDbCircle
 10
4.3249607230400215
 20
15.791163362971702
 30
0.0
 40
0.41693336720006774
100
AcDbArc
 50
360
 51
180
 0
ARC
  5
b50
330
1F
100
AcDbEntity
  8
BottomSolderMaskLayer
100
AcDbCircle
 10
4.3249607230400215
 20
16.611509448825245
 30
0.0
 40
0.41693336720006774
100
AcDbArc
 50
180
 51
360
 0
LWPOLYLINE
  5
b51
330
1F
100
AcDbEntity
  8
BottomSolderMaskLayer
100
AcDbPolyline
 90
1
 70
 1
 43
0
 10
3.9080273558399536
 20
15.791163362971702
 10
3.9080273558399536
 20
16.611509448825245
 0
LWPOLYLINE
  5
b52
330
1F
100
AcDbEntity
  8
BottomSolderMaskLayer
100
AcDbPolyline
 90
1
 70
 1
 43
0
 10
4.7418940902400895
 20
15.791163362971702
 10
4.7418940902400895
 20
16.611509448825245
0
HATCH
5
b53
100
AcDbEntity
8
BottomSolderMaskLayer
100
AcDbHatch
10
0
20
0
30
0
210
0
220
0
230
1
2
SOLID
70
1
71
0
91
1
92
7
72
1
73
1
93
4
10
4.950546101092335
20
15.791059182118374
42
-0.7853981633974483
10
3.699745999492131
20
15.791059182118374
42
0
10
3.699745999492131
20
16.611379222758387
42
-0.7853981633974483
10
4.950546101092335
20
16.611379222758387
42
0
97
1
330

75
0
76
1
47
0.4128176842155181
98
1
10
34.90568961886538
20
22.81183545379326
450
0
451
0
460
0
461
0
452
1
462
1
453
2
463
0
63
5
421
255
463
1
63
7
421
16777215
470
LINEAR
1001
ACAD
1010
0
1020
0
1030
0
 0
ARC
  5
b5a
330
1F
100
AcDbEntity
  8
Multi-Layer
100
AcDbCircle
 10
4.324968249936774
 20
15.801320802641499
 30
0.0
 40
0.4
100
AcDbArc
 50
360
 51
180
 0
ARC
  5
b5b
330
1F
100
AcDbEntity
  8
Multi-Layer
100
AcDbCircle
 10
4.324968249936774
 20
16.60134620269241
 30
0.0
 40
0.4
100
AcDbArc
 50
180
 51
360
 0
LWPOLYLINE
  5
b5c
330
1F
100
AcDbEntity
  8
Multi-Layer
100
AcDbPolyline
 90
1
 70
 1
 43
0
 10
3.9249682499367737
 20
15.801320802641499
 10
3.9249682499367737
 20
16.60134620269241
 0
LWPOLYLINE
  5
b5d
330
1F
100
AcDbEntity
  8
Multi-Layer
100
AcDbPolyline
 90
1
 70
 1
 43
0
 10
4.724968249936774
 20
15.801320802641499
 10
4.724968249936774
 20
16.60134620269241
0
HATCH
5
b5e
100
AcDbEntity
8
Multi-Layer
100
AcDbHatch
10
0
20
0
30
0
210
0
220
0
230
1
2
SOLID
70
1
71
0
91
1
92
7
72
1
73
1
93
4
10
4.925146050292232
20
15.801219202438347
42
-0.7853981633974483
10
3.7251460502922327
20
15.801219202438347
42
0
10
3.7251460502922327
20
16.6012192024383
42
-0.7853981633974483
10
4.925146050292232
20
16.6012192024383
42
0
97
1
330

75
0
76
1
47
0.4128176842155181
98
1
10
34.90568961886538
20
22.81183545379326
450
0
451
0
460
0
461
0
452
1
462
1
453
2
463
0
63
5
421
255
463
1
63
7
421
16777215
470
LINEAR
1001
ACAD
1010
0
1020
0
1030
0
 0
ARC
  5
b65
330
1F
100
AcDbEntity
  8
TopSolderMaskLayer
100
AcDbCircle
 10
4.3249607230400215
 20
20.072793813687895
 30
0.0
 40
0.41693336720006774
100
AcDbArc
 50
360
 51
180
 0
ARC
  5
b66
330
1F
100
AcDbEntity
  8
TopSolderMaskLayer
100
AcDbCircle
 10
4.3249607230400215
 20
20.689727180887985
 30
0.0
 40
0.41693336720006774
100
AcDbArc
 50
180
 51
360
 0
LWPOLYLINE
  5
b67
330
1F
100
AcDbEntity
  8
TopSolderMaskLayer
100
AcDbPolyline
 90
1
 70
 1
 43
0
 10
3.9080273558399536
 20
20.072793813687895
 10
3.9080273558399536
 20
20.689727180887985
 0
LWPOLYLINE
  5
b68
330
1F
100
AcDbEntity
  8
TopSolderMaskLayer
100
AcDbPolyline
 90
1
 70
 1
 43
0
 10
4.7418940902400895
 20
20.072793813687895
 10
4.7418940902400895
 20
20.689727180887985
0
HATCH
5
b69
100
AcDbEntity
8
TopSolderMaskLayer
100
AcDbHatch
10
0
20
0
30
0
210
0
220
0
230
1
2
SOLID
70
1
71
0
91
1
92
7
72
1
73
1
93
4
10
4.950546101092335
20
20.072584878502994
42
-0.7853981633974483
10
3.699745999492131
20
20.072584878502994
42
0
10
3.699745999492131
20
20.68951824570297
42
-0.7853981633974483
10
4.950546101092335
20
20.68951824570297
42
0
97
1
330

75
0
76
1
47
0.4128176842155181
98
1
10
34.90568961886538
20
22.81183545379326
450
0
451
0
460
0
461
0
452
1
462
1
453
2
463
0
63
5
421
255
463
1
63
7
421
16777215
470
LINEAR
1001
ACAD
1010
0
1020
0
1030
0
 0
ARC
  5
b70
330
1F
100
AcDbEntity
  8
BottomSolderMaskLayer
100
AcDbCircle
 10
4.3249607230400215
 20
20.072793813687895
 30
0.0
 40
0.41693336720006774
100
AcDbArc
 50
360
 51
180
 0
ARC
  5
b71
330
1F
100
AcDbEntity
  8
BottomSolderMaskLayer
100
AcDbCircle
 10
4.3249607230400215
 20
20.689727180887985
 30
0.0
 40
0.41693336720006774
100
AcDbArc
 50
180
 51
360
 0
LWPOLYLINE
  5
b72
330
1F
100
AcDbEntity
  8
BottomSolderMaskLayer
100
AcDbPolyline
 90
1
 70
 1
 43
0
 10
3.9080273558399536
 20
20.072793813687895
 10
3.9080273558399536
 20
20.689727180887985
 0
LWPOLYLINE
  5
b73
330
1F
100
AcDbEntity
  8
BottomSolderMaskLayer
100
AcDbPolyline
 90
1
 70
 1
 43
0
 10
4.7418940902400895
 20
20.072793813687895
 10
4.7418940902400895
 20
20.689727180887985
0
HATCH
5
b74
100
AcDbEntity
8
BottomSolderMaskLayer
100
AcDbHatch
10
0
20
0
30
0
210
0
220
0
230
1
2
SOLID
70
1
71
0
91
1
92
7
72
1
73
1
93
4
10
4.950546101092335
20
20.072584878502994
42
-0.7853981633974483
10
3.699745999492131
20
20.072584878502994
42
0
10
3.699745999492131
20
20.68951824570297
42
-0.7853981633974483
10
4.950546101092335
20
20.68951824570297
42
0
97
1
330

75
0
76
1
47
0.4128176842155181
98
1
10
34.90568961886538
20
22.81183545379326
450
0
451
0
460
0
461
0
452
1
462
1
453
2
463
0
63
5
421
255
463
1
63
7
421
16777215
470
LINEAR
1001
ACAD
1010
0
1020
0
1030
0
 0
ARC
  5
b7b
330
1F
100
AcDbEntity
  8
Multi-Layer
100
AcDbCircle
 10
4.324968249936774
 20
20.08125476250939
 30
0.0
 40
0.4
100
AcDbArc
 50
360
 51
180
 0
ARC
  5
b7c
330
1F
100
AcDbEntity
  8
Multi-Layer
100
AcDbCircle
 10
4.324968249936774
 20
20.68125476250941
 30
0.0
 40
0.4
100
AcDbArc
 50
180
 51
360
 0
LWPOLYLINE
  5
b7d
330
1F
100
AcDbEntity
  8
Multi-Layer
100
AcDbPolyline
 90
1
 70
 1
 43
0
 10
3.9249682499367737
 20
20.08125476250939
 10
3.9249682499367737
 20
20.68125476250941
 0
LWPOLYLINE
  5
b7e
330
1F
100
AcDbEntity
  8
Multi-Layer
100
AcDbPolyline
 90
1
 70
 1
 43
0
 10
4.724968249936774
 20
20.08125476250939
 10
4.724968249936774
 20
20.68125476250941
0
HATCH
5
b7f
100
AcDbEntity
8
Multi-Layer
100
AcDbHatch
10
0
20
0
30
0
210
0
220
0
230
1
2
SOLID
70
1
71
0
91
1
92
7
72
1
73
1
93
4
10
4.925146050292232
20
20.081051562103085
42
-0.7853981633974483
10
3.7251460502922327
20
20.081051562103085
42
0
10
3.7251460502922327
20
20.681051562102994
42
-0.7853981633974483
10
4.925146050292232
20
20.681051562102994
42
0
97
1
330

75
0
76
1
47
0.4128176842155181
98
1
10
34.90568961886538
20
22.81183545379326
450
0
451
0
460
0
461
0
452
1
462
1
453
2
463
0
63
5
421
255
463
1
63
7
421
16777215
470
LINEAR
1001
ACAD
1010
0
1020
0
1030
0
0
HATCH
5
b82
100
AcDbEntity
8
TopSolderMaskLayer
100
AcDbHatch
10
0
20
0
30
0
210
0
220
0
230
1
2
SOLID
70
1
71
0
91
1
92
7
72
0
73
1
93
4
10
-17.582659558867476
20
3.807802690487165
10
-17.582659558867476
20
3.188138296150669
10
-19.263906929964264
20
3.188138296150669
10
-19.263906929964264
20
3.807802690487165
97
1
330

75
0
76
1
47
0.4128176842155181
98
1
10
34.90568961886538
20
22.81183545379326
450
0
451
0
460
0
461
0
452
1
462
1
453
2
463
0
63
5
421
255
463
1
63
7
421
16777215
470
LINEAR
1001
ACAD
1010
0
1020
0
1030
0
0
HATCH
5
b85
100
AcDbEntity
8
TopPasteMaskLayer
100
AcDbHatch
10
0
20
0
30
0
210
0
220
0
230
1
2
SOLID
70
1
71
0
91
1
92
7
72
0
73
1
93
4
10
-17.648285496570907
20
3.797967995935892
10
-17.648285496570907
20
3.197967995935983
10
-19.198298196596284
20
3.197967995935983
10
-19.198298196596284
20
3.797967995935892
97
1
330

75
0
76
1
47
0.4128176842155181
98
1
10
34.90568961886538
20
22.81183545379326
450
0
451
0
460
0
461
0
452
1
462
1
453
2
463
0
63
5
421
255
463
1
63
7
421
16777215
470
LINEAR
1001
ACAD
1010
0
1020
0
1030
0
0
HATCH
5
b88
100
AcDbEntity
8
TopLayer
100
AcDbHatch
10
0
20
0
30
0
210
0
220
0
230
1
2
SOLID
70
1
71
0
91
1
92
7
72
0
73
1
93
4
10
-17.648285496570907
20
3.797967995935892
10
-17.648285496570907
20
3.197967995935983
10
-19.198298196596284
20
3.197967995935983
10
-19.198298196596284
20
3.797967995935892
97
1
330

75
0
76
1
47
0.4128176842155181
98
1
10
34.90568961886538
20
22.81183545379326
450
0
451
0
460
0
461
0
452
1
462
1
453
2
463
0
63
5
421
255
463
1
63
7
421
16777215
470
LINEAR
1001
ACAD
1010
0
1020
0
1030
0
0
HATCH
5
b8b
100
AcDbEntity
8
TopSolderMaskLayer
100
AcDbHatch
10
0
20
0
30
0
210
0
220
0
230
1
2
SOLID
70
1
71
0
91
1
92
7
72
0
73
1
93
4
10
-17.582659558867476
20
2.8078026904872786
10
-17.582659558867476
20
2.188138296150555
10
-19.263906929964264
20
2.188138296150555
10
-19.263906929964264
20
2.8078026904872786
97
1
330

75
0
76
1
47
0.4128176842155181
98
1
10
34.90568961886538
20
22.81183545379326
450
0
451
0
460
0
461
0
452
1
462
1
453
2
463
0
63
5
421
255
463
1
63
7
421
16777215
470
LINEAR
1001
ACAD
1010
0
1020
0
1030
0
0
HATCH
5
b8e
100
AcDbEntity
8
TopPasteMaskLayer
100
AcDbHatch
10
0
20
0
30
0
210
0
220
0
230
1
2
SOLID
70
1
71
0
91
1
92
7
72
0
73
1
93
4
10
-17.648285496570907
20
2.797967995935892
10
-17.648285496570907
20
2.197967995935869
10
-19.198298196596284
20
2.197967995935869
10
-19.198298196596284
20
2.797967995935892
97
1
330

75
0
76
1
47
0.4128176842155181
98
1
10
34.90568961886538
20
22.81183545379326
450
0
451
0
460
0
461
0
452
1
462
1
453
2
463
0
63
5
421
255
463
1
63
7
421
16777215
470
LINEAR
1001
ACAD
1010
0
1020
0
1030
0
0
HATCH
5
b91
100
AcDbEntity
8
TopLayer
100
AcDbHatch
10
0
20
0
30
0
210
0
220
0
230
1
2
SOLID
70
1
71
0
91
1
92
7
72
0
73
1
93
4
10
-17.648285496570907
20
2.797967995935892
10
-17.648285496570907
20
2.197967995935869
10
-19.198298196596284
20
2.197967995935869
10
-19.198298196596284
20
2.797967995935892
97
1
330

75
0
76
1
47
0.4128176842155181
98
1
10
34.90568961886538
20
22.81183545379326
450
0
451
0
460
0
461
0
452
1
462
1
453
2
463
0
63
5
421
255
463
1
63
7
421
16777215
470
LINEAR
1001
ACAD
1010
0
1020
0
1030
0
0
HATCH
5
b94
100
AcDbEntity
8
TopSolderMaskLayer
100
AcDbHatch
10
0
20
0
30
0
210
0
220
0
230
1
2
SOLID
70
1
71
0
91
1
92
7
72
0
73
1
93
4
10
-17.582659558867476
20
1.8078026904872786
10
-17.582659558867476
20
1.1881382961506688
10
-19.263906929964264
20
1.1881382961506688
10
-19.263906929964264
20
1.8078026904872786
97
1
330

75
0
76
1
47
0.4128176842155181
98
1
10
34.90568961886538
20
22.81183545379326
450
0
451
0
460
0
461
0
452
1
462
1
453
2
463
0
63
5
421
255
463
1
63
7
421
16777215
470
LINEAR
1001
ACAD
1010
0
1020
0
1030
0
0
HATCH
5
b97
100
AcDbEntity
8
TopPasteMaskLayer
100
AcDbHatch
10
0
20
0
30
0
210
0
220
0
230
1
2
SOLID
70
1
71
0
91
1
92
7
72
0
73
1
93
4
10
-17.648285496570907
20
1.7979679959358918
10
-17.648285496570907
20
1.1979679959358691
10
-19.198298196596284
20
1.1979679959358691
10
-19.198298196596284
20
1.7979679959358918
97
1
330

75
0
76
1
47
0.4128176842155181
98
1
10
34.90568961886538
20
22.81183545379326
450
0
451
0
460
0
461
0
452
1
462
1
453
2
463
0
63
5
421
255
463
1
63
7
421
16777215
470
LINEAR
1001
ACAD
1010
0
1020
0
1030
0
0
HATCH
5
b9a
100
AcDbEntity
8
TopLayer
100
AcDbHatch
10
0
20
0
30
0
210
0
220
0
230
1
2
SOLID
70
1
71
0
91
1
92
7
72
0
73
1
93
4
10
-17.648285496570907
20
1.7979679959358918
10
-17.648285496570907
20
1.1979679959358691
10
-19.198298196596284
20
1.1979679959358691
10
-19.198298196596284
20
1.7979679959358918
97
1
330

75
0
76
1
47
0.4128176842155181
98
1
10
34.90568961886538
20
22.81183545379326
450
0
451
0
460
0
461
0
452
1
462
1
453
2
463
0
63
5
421
255
463
1
63
7
421
16777215
470
LINEAR
1001
ACAD
1010
0
1020
0
1030
0
0
HATCH
5
b9d
100
AcDbEntity
8
TopSolderMaskLayer
100
AcDbHatch
10
0
20
0
30
0
210
0
220
0
230
1
2
SOLID
70
1
71
0
91
1
92
7
72
0
73
1
93
4
10
-17.582659558867476
20
0.8078026904872786
10
-17.582659558867476
20
0.1881382961506688
10
-19.263906929964264
20
0.1881382961506688
10
-19.263906929964264
20
0.8078026904872786
97
1
330

75
0
76
1
47
0.4128176842155181
98
1
10
34.90568961886538
20
22.81183545379326
450
0
451
0
460
0
461
0
452
1
462
1
453
2
463
0
63
5
421
255
463
1
63
7
421
16777215
470
LINEAR
1001
ACAD
1010
0
1020
0
1030
0
0
HATCH
5
ba0
100
AcDbEntity
8
TopPasteMaskLayer
100
AcDbHatch
10
0
20
0
30
0
210
0
220
0
230
1
2
SOLID
70
1
71
0
91
1
92
7
72
0
73
1
93
4
10
-17.648285496570907
20
0.7979679959358918
10
-17.648285496570907
20
0.1979679959358691
10
-19.198298196596284
20
0.1979679959358691
10
-19.198298196596284
20
0.7979679959358918
97
1
330

75
0
76
1
47
0.4128176842155181
98
1
10
34.90568961886538
20
22.81183545379326
450
0
451
0
460
0
461
0
452
1
462
1
453
2
463
0
63
5
421
255
463
1
63
7
421
16777215
470
LINEAR
1001
ACAD
1010
0
1020
0
1030
0
0
HATCH
5
ba3
100
AcDbEntity
8
TopLayer
100
AcDbHatch
10
0
20
0
30
0
210
0
220
0
230
1
2
SOLID
70
1
71
0
91
1
92
7
72
0
73
1
93
4
10
-17.648285496570907
20
0.7979679959358918
10
-17.648285496570907
20
0.1979679959358691
10
-19.198298196596284
20
0.1979679959358691
10
-19.198298196596284
20
0.7979679959358918
97
1
330

75
0
76
1
47
0.4128176842155181
98
1
10
34.90568961886538
20
22.81183545379326
450
0
451
0
460
0
461
0
452
1
462
1
453
2
463
0
63
5
421
255
463
1
63
7
421
16777215
470
LINEAR
1001
ACAD
1010
0
1020
0
1030
0
0
HATCH
5
ba6
100
AcDbEntity
8
TopSolderMaskLayer
100
AcDbHatch
10
0
20
0
30
0
210
0
220
0
230
1
2
SOLID
70
1
71
0
91
1
92
7
72
0
73
1
93
4
10
-17.582659558867476
20
-0.1921973095127214
10
-17.582659558867476
20
-0.8118617038493312
10
-19.263906929964264
20
-0.8118617038493312
10
-19.263906929964264
20
-0.1921973095127214
97
1
330

75
0
76
1
47
0.4128176842155181
98
1
10
34.90568961886538
20
22.81183545379326
450
0
451
0
460
0
461
0
452
1
462
1
453
2
463
0
63
5
421
255
463
1
63
7
421
16777215
470
LINEAR
1001
ACAD
1010
0
1020
0
1030
0
0
HATCH
5
ba9
100
AcDbEntity
8
TopPasteMaskLayer
100
AcDbHatch
10
0
20
0
30
0
210
0
220
0
230
1
2
SOLID
70
1
71
0
91
1
92
7
72
0
73
1
93
4
10
-17.648285496570907
20
-0.20203200406410815
10
-17.648285496570907
20
-0.8020320040640172
10
-19.198298196596284
20
-0.8020320040640172
10
-19.198298196596284
20
-0.20203200406410815
97
1
330

75
0
76
1
47
0.4128176842155181
98
1
10
34.90568961886538
20
22.81183545379326
450
0
451
0
460
0
461
0
452
1
462
1
453
2
463
0
63
5
421
255
463
1
63
7
421
16777215
470
LINEAR
1001
ACAD
1010
0
1020
0
1030
0
0
HATCH
5
bac
100
AcDbEntity
8
TopLayer
100
AcDbHatch
10
0
20
0
30
0
210
0
220
0
230
1
2
SOLID
70
1
71
0
91
1
92
7
72
0
73
1
93
4
10
-17.648285496570907
20
-0.20203200406410815
10
-17.648285496570907
20
-0.8020320040640172
10
-19.198298196596284
20
-0.8020320040640172
10
-19.198298196596284
20
-0.20203200406410815
97
1
330

75
0
76
1
47
0.4128176842155181
98
1
10
34.90568961886538
20
22.81183545379326
450
0
451
0
460
0
461
0
452
1
462
1
453
2
463
0
63
5
421
255
463
1
63
7
421
16777215
470
LINEAR
1001
ACAD
1010
0
1020
0
1030
0
0
HATCH
5
baf
100
AcDbEntity
8
TopSolderMaskLayer
100
AcDbHatch
10
0
20
0
30
0
210
0
220
0
230
1
2
SOLID
70
1
71
0
91
1
92
7
72
0
73
1
93
4
10
-17.582659558867476
20
-1.1921973095127214
10
-17.582659558867476
20
-1.811861703849445
10
-19.263906929964264
20
-1.811861703849445
10
-19.263906929964264
20
-1.1921973095127214
97
1
330

75
0
76
1
47
0.4128176842155181
98
1
10
34.90568961886538
20
22.81183545379326
450
0
451
0
460
0
461
0
452
1
462
1
453
2
463
0
63
5
421
255
463
1
63
7
421
16777215
470
LINEAR
1001
ACAD
1010
0
1020
0
1030
0
0
HATCH
5
bb2
100
AcDbEntity
8
TopPasteMaskLayer
100
AcDbHatch
10
0
20
0
30
0
210
0
220
0
230
1
2
SOLID
70
1
71
0
91
1
92
7
72
0
73
1
93
4
10
-17.648285496570907
20
-1.2020320040641082
10
-17.648285496570907
20
-1.8020320040641309
10
-19.198298196596284
20
-1.8020320040641309
10
-19.198298196596284
20
-1.2020320040641082
97
1
330

75
0
76
1
47
0.4128176842155181
98
1
10
34.90568961886538
20
22.81183545379326
450
0
451
0
460
0
461
0
452
1
462
1
453
2
463
0
63
5
421
255
463
1
63
7
421
16777215
470
LINEAR
1001
ACAD
1010
0
1020
0
1030
0
0
HATCH
5
bb5
100
AcDbEntity
8
TopLayer
100
AcDbHatch
10
0
20
0
30
0
210
0
220
0
230
1
2
SOLID
70
1
71
0
91
1
92
7
72
0
73
1
93
4
10
-17.648285496570907
20
-1.2020320040641082
10
-17.648285496570907
20
-1.8020320040641309
10
-19.198298196596284
20
-1.8020320040641309
10
-19.198298196596284
20
-1.2020320040641082
97
1
330

75
0
76
1
47
0.4128176842155181
98
1
10
34.90568961886538
20
22.81183545379326
450
0
451
0
460
0
461
0
452
1
462
1
453
2
463
0
63
5
421
255
463
1
63
7
421
16777215
470
LINEAR
1001
ACAD
1010
0
1020
0
1030
0
0
HATCH
5
bb8
100
AcDbEntity
8
TopSolderMaskLayer
100
AcDbHatch
10
0
20
0
30
0
210
0
220
0
230
1
2
SOLID
70
1
71
0
91
1
92
7
72
0
73
1
93
4
10
-17.582659558867476
20
-2.1921973095127214
10
-17.582659558867476
20
-2.811861703849445
10
-19.263906929964264
20
-2.811861703849445
10
-19.263906929964264
20
-2.1921973095127214
97
1
330

75
0
76
1
47
0.4128176842155181
98
1
10
34.90568961886538
20
22.81183545379326
450
0
451
0
460
0
461
0
452
1
462
1
453
2
463
0
63
5
421
255
463
1
63
7
421
16777215
470
LINEAR
1001
ACAD
1010
0
1020
0
1030
0
0
HATCH
5
bbb
100
AcDbEntity
8
TopPasteMaskLayer
100
AcDbHatch
10
0
20
0
30
0
210
0
220
0
230
1
2
SOLID
70
1
71
0
91
1
92
7
72
0
73
1
93
4
10
-17.648285496570907
20
-2.202032004064108
10
-17.648285496570907
20
-2.802032004064131
10
-19.198298196596284
20
-2.802032004064131
10
-19.198298196596284
20
-2.202032004064108
97
1
330

75
0
76
1
47
0.4128176842155181
98
1
10
34.90568961886538
20
22.81183545379326
450
0
451
0
460
0
461
0
452
1
462
1
453
2
463
0
63
5
421
255
463
1
63
7
421
16777215
470
LINEAR
1001
ACAD
1010
0
1020
0
1030
0
0
HATCH
5
bbe
100
AcDbEntity
8
TopLayer
100
AcDbHatch
10
0
20
0
30
0
210
0
220
0
230
1
2
SOLID
70
1
71
0
91
1
92
7
72
0
73
1
93
4
10
-17.648285496570907
20
-2.202032004064108
10
-17.648285496570907
20
-2.802032004064131
10
-19.198298196596284
20
-2.802032004064131
10
-19.198298196596284
20
-2.202032004064108
97
1
330

75
0
76
1
47
0.4128176842155181
98
1
10
34.90568961886538
20
22.81183545379326
450
0
451
0
460
0
461
0
452
1
462
1
453
2
463
0
63
5
421
255
463
1
63
7
421
16777215
470
LINEAR
1001
ACAD
1010
0
1020
0
1030
0
0
HATCH
5
bc1
100
AcDbEntity
8
TopSolderMaskLayer
100
AcDbHatch
10
0
20
0
30
0
210
0
220
0
230
1
2
SOLID
70
1
71
0
91
1
92
7
72
0
73
1
93
4
10
-17.582659558867476
20
-3.1921973095127214
10
-17.582659558867476
20
-3.811861703849331
10
-19.263906929964264
20
-3.811861703849331
10
-19.263906929964264
20
-3.1921973095127214
97
1
330

75
0
76
1
47
0.4128176842155181
98
1
10
34.90568961886538
20
22.81183545379326
450
0
451
0
460
0
461
0
452
1
462
1
453
2
463
0
63
5
421
255
463
1
63
7
421
16777215
470
LINEAR
1001
ACAD
1010
0
1020
0
1030
0
0
HATCH
5
bc4
100
AcDbEntity
8
TopPasteMaskLayer
100
AcDbHatch
10
0
20
0
30
0
210
0
220
0
230
1
2
SOLID
70
1
71
0
91
1
92
7
72
0
73
1
93
4
10
-17.648285496570907
20
-3.202032004064108
10
-17.648285496570907
20
-3.802032004064131
10
-19.198298196596284
20
-3.802032004064131
10
-19.198298196596284
20
-3.202032004064108
97
1
330

75
0
76
1
47
0.4128176842155181
98
1
10
34.90568961886538
20
22.81183545379326
450
0
451
0
460
0
461
0
452
1
462
1
453
2
463
0
63
5
421
255
463
1
63
7
421
16777215
470
LINEAR
1001
ACAD
1010
0
1020
0
1030
0
0
HATCH
5
bc7
100
AcDbEntity
8
TopLayer
100
AcDbHatch
10
0
20
0
30
0
210
0
220
0
230
1
2
SOLID
70
1
71
0
91
1
92
7
72
0
73
1
93
4
10
-17.648285496570907
20
-3.202032004064108
10
-17.648285496570907
20
-3.802032004064131
10
-19.198298196596284
20
-3.802032004064131
10
-19.198298196596284
20
-3.202032004064108
97
1
330

75
0
76
1
47
0.4128176842155181
98
1
10
34.90568961886538
20
22.81183545379326
450
0
451
0
460
0
461
0
452
1
462
1
453
2
463
0
63
5
421
255
463
1
63
7
421
16777215
470
LINEAR
1001
ACAD
1010
0
1020
0
1030
0
0
HATCH
5
bca
100
AcDbEntity
8
TopSolderMaskLayer
100
AcDbHatch
10
0
20
0
30
0
210
0
220
0
230
1
2
SOLID
70
1
71
0
91
1
92
7
72
0
73
1
93
4
10
-19.91289906020654
20
-4.030961694181428
10
-19.91289906020654
20
-5.5690617703817225
10
-21.980632529006925
20
-5.5690617703817225
10
-21.980632529006925
20
-4.030961694181428
97
1
330

75
0
76
1
47
0.4128176842155181
98
1
10
34.90568961886538
20
22.81183545379326
450
0
451
0
460
0
461
0
452
1
462
1
453
2
463
0
63
5
421
255
463
1
63
7
421
16777215
470
LINEAR
1001
ACAD
1010
0
1020
0
1030
0
0
HATCH
5
bcd
100
AcDbEntity
8
TopPasteMaskLayer
100
AcDbHatch
10
0
20
0
30
0
210
0
220
0
230
1
2
SOLID
70
1
71
0
91
1
92
7
72
0
73
1
93
4
10
-19.946761493522786
20
-4.050012700025491
10
-19.946761493522786
20
-5.550012700025491
10
-21.9467614935229
20
-5.550012700025491
10
-21.9467614935229
20
-4.050012700025491
97
1
330

75
0
76
1
47
0.4128176842155181
98
1
10
34.90568961886538
20
22.81183545379326
450
0
451
0
460
0
461
0
452
1
462
1
453
2
463
0
63
5
421
255
463
1
63
7
421
16777215
470
LINEAR
1001
ACAD
1010
0
1020
0
1030
0
0
HATCH
5
bd0
100
AcDbEntity
8
TopLayer
100
AcDbHatch
10
0
20
0
30
0
210
0
220
0
230
1
2
SOLID
70
1
71
0
91
1
92
7
72
0
73
1
93
4
10
-19.946761493522786
20
-4.050012700025491
10
-19.946761493522786
20
-5.550012700025491
10
-21.9467614935229
20
-5.550012700025491
10
-21.9467614935229
20
-4.050012700025491
97
1
330

75
0
76
1
47
0.4128176842155181
98
1
10
34.90568961886538
20
22.81183545379326
450
0
451
0
460
0
461
0
452
1
462
1
453
2
463
0
63
5
421
255
463
1
63
7
421
16777215
470
LINEAR
1001
ACAD
1010
0
1020
0
1030
0
0
HATCH
5
bd3
100
AcDbEntity
8
TopSolderMaskLayer
100
AcDbHatch
10
0
20
0
30
0
210
0
220
0
230
1
2
SOLID
70
1
71
0
91
1
92
7
72
0
73
1
93
4
10
-19.91289906020654
20
5.569039596143625
10
-19.91289906020654
20
4.030939519943445
10
-21.980632529006925
20
4.030939519943445
10
-21.980632529006925
20
5.569039596143625
97
1
330

75
0
76
1
47
0.4128176842155181
98
1
10
34.90568961886538
20
22.81183545379326
450
0
451
0
460
0
461
0
452
1
462
1
453
2
463
0
63
5
421
255
463
1
63
7
421
16777215
470
LINEAR
1001
ACAD
1010
0
1020
0
1030
0
0
HATCH
5
bd6
100
AcDbEntity
8
TopPasteMaskLayer
100
AcDbHatch
10
0
20
0
30
0
210
0
220
0
230
1
2
SOLID
70
1
71
0
91
1
92
7
72
0
73
1
93
4
10
-19.946761493522786
20
5.549987299974532
10
-19.946761493522786
20
4.049987299974532
10
-21.9467614935229
20
4.049987299974532
10
-21.9467614935229
20
5.549987299974532
97
1
330

75
0
76
1
47
0.4128176842155181
98
1
10
34.90568961886538
20
22.81183545379326
450
0
451
0
460
0
461
0
452
1
462
1
453
2
463
0
63
5
421
255
463
1
63
7
421
16777215
470
LINEAR
1001
ACAD
1010
0
1020
0
1030
0
0
HATCH
5
bd9
100
AcDbEntity
8
TopLayer
100
AcDbHatch
10
0
20
0
30
0
210
0
220
0
230
1
2
SOLID
70
1
71
0
91
1
92
7
72
0
73
1
93
4
10
-19.946761493522786
20
5.549987299974532
10
-19.946761493522786
20
4.049987299974532
10
-21.9467614935229
20
4.049987299974532
10
-21.9467614935229
20
5.549987299974532
97
1
330

75
0
76
1
47
0.4128176842155181
98
1
10
34.90568961886538
20
22.81183545379326
450
0
451
0
460
0
461
0
452
1
462
1
453
2
463
0
63
5
421
255
463
1
63
7
421
16777215
470
LINEAR
1001
ACAD
1010
0
1020
0
1030
0
0
HATCH
5
bdc
100
AcDbEntity
8
TopSolderMaskLayer
100
AcDbHatch
10
0
20
0
30
0
210
0
220
0
230
1
2
SOLID
70
1
71
0
91
1
92
7
72
0
73
1
93
4
10
13.520600015417358
20
-4.857877854124922
10
14.959352508568145
20
-4.857877854124922
10
14.959352508568145
20
-6.03219634829145
10
13.520600015417358
20
-6.03219634829145
97
1
330

75
0
76
1
47
0.4128176842155181
98
1
10
34.90568961886538
20
22.81183545379326
450
0
451
0
460
0
461
0
452
1
462
1
453
2
463
0
63
5
421
255
463
1
63
7
421
16777215
470
LINEAR
1001
ACAD
1010
0
1020
0
1030
0
0
HATCH
5
bdf
100
AcDbEntity
8
TopLayer
100
AcDbHatch
10
0
20
0
30
0
210
0
220
0
230
1
2
SOLID
70
1
71
0
91
1
92
7
72
0
73
1
93
4
10
13.551485902971763
20
-4.87876555753121
10
14.928473456947131
20
-4.87876555753121
10
14.928473456947131
20
-6.011303022606171
10
13.551485902971763
20
-6.011303022606171
97
1
330

75
0
76
1
47
0.4128176842155181
98
1
10
34.90568961886538
20
22.81183545379326
450
0
451
0
460
0
461
0
452
1
462
1
453
2
463
0
63
5
421
255
463
1
63
7
421
16777215
470
LINEAR
1001
ACAD
1010
0
1020
0
1030
0
0
HATCH
5
be2
100
AcDbEntity
8
TopSolderMaskLayer
100
AcDbHatch
10
0
20
0
30
0
210
0
220
0
230
1
2
SOLID
70
1
71
0
91
1
92
7
72
0
73
1
93
4
10
13.520600015417358
20
-4.03209099990238
10
14.959352508568145
20
-4.03209099990238
10
14.959352508568145
20
-2.8577725057356247
10
13.520600015417358
20
-2.8577725057356247
97
1
330

75
0
76
1
47
0.4128176842155181
98
1
10
34.90568961886538
20
22.81183545379326
450
0
451
0
460
0
461
0
452
1
462
1
453
2
463
0
63
5
421
255
463
1
63
7
421
16777215
470
LINEAR
1001
ACAD
1010
0
1020
0
1030
0
0
HATCH
5
be5
100
AcDbEntity
8
TopLayer
100
AcDbHatch
10
0
20
0
30
0
210
0
220
0
230
1
2
SOLID
70
1
71
0
91
1
92
7
72
0
73
1
93
4
10
13.551485902971763
20
-4.011201422402905
10
14.928473456947131
20
-4.011201422402905
10
14.928473456947131
20
-2.878663957328058
10
13.551485902971763
20
-2.878663957328058
97
1
330

75
0
76
1
47
0.4128176842155181
98
1
10
34.90568961886538
20
22.81183545379326
450
0
451
0
460
0
461
0
452
1
462
1
453
2
463
0
63
5
421
255
463
1
63
7
421
16777215
470
LINEAR
1001
ACAD
1010
0
1020
0
1030
0
0
HATCH
5
be8
100
AcDbEntity
8
TopSolderMaskLayer
100
AcDbHatch
10
0
20
0
30
0
210
0
220
0
230
1
2
SOLID
70
1
71
0
91
1
92
7
72
0
73
1
93
4
10
13.23540881013787
20
-2.237898281363641
10
13.23540881013787
20
-0.810111562834777
10
14.418746376812805
20
-0.810111562834777
10
14.418746376812805
20
-2.237898281363641
97
1
330

75
0
76
1
47
0.4128176842155181
98
1
10
34.90568961886538
20
22.81183545379326
450
0
451
0
460
0
461
0
452
1
462
1
453
2
463
0
63
5
421
255
463
1
63
7
421
16777215
470
LINEAR
1001
ACAD
1010
0
1020
0
1030
0
0
HATCH
5
beb
100
AcDbEntity
8
TopLayer
100
AcDbHatch
10
0
20
0
30
0
210
0
220
0
230
1
2
SOLID
70
1
71
0
91
1
92
7
72
0
73
1
93
4
10
13.26080772161572
20
-2.2124968249937638
10
13.26080772161572
20
-0.8355092710186227
10
14.39334518669034
20
-0.8355092710186227
10
14.39334518669034
20
-2.2124968249937638
97
1
330

75
0
76
1
47
0.4128176842155181
98
1
10
34.90568961886538
20
22.81183545379326
450
0
451
0
460
0
461
0
452
1
462
1
453
2
463
0
63
5
421
255
463
1
63
7
421
16777215
470
LINEAR
1001
ACAD
1010
0
1020
0
1030
0
0
HATCH
5
bee
100
AcDbEntity
8
TopSolderMaskLayer
100
AcDbHatch
10
0
20
0
30
0
210
0
220
0
230
1
2
SOLID
70
1
71
0
91
1
92
7
72
0
73
1
93
4
10
12.418640219320423
20
-2.237898281363641
10
12.418640219320423
20
-0.810111562834777
10
11.23530265264526
20
-0.810111562834777
10
11.23530265264526
20
-2.237898281363641
97
1
330

75
0
76
1
47
0.4128176842155181
98
1
10
34.90568961886538
20
22.81183545379326
450
0
451
0
460
0
461
0
452
1
462
1
453
2
463
0
63
5
421
255
463
1
63
7
421
16777215
470
LINEAR
1001
ACAD
1010
0
1020
0
1030
0
0
HATCH
5
bf1
100
AcDbEntity
8
TopLayer
100
AcDbHatch
10
0
20
0
30
0
210
0
220
0
230
1
2
SOLID
70
1
71
0
91
1
92
7
72
0
73
1
93
4
10
12.393243586487415
20
-2.2124968249937638
10
12.393243586487415
20
-0.8355092710186227
10
11.26070612141234
20
-0.8355092710186227
10
11.26070612141234
20
-2.2124968249937638
97
1
330

75
0
76
1
47
0.4128176842155181
98
1
10
34.90568961886538
20
22.81183545379326
450
0
451
0
460
0
461
0
452
1
462
1
453
2
463
0
63
5
421
255
463
1
63
7
421
16777215
470
LINEAR
1001
ACAD
1010
0
1020
0
1030
0
0
HATCH
5
c18
100
AcDbEntity
8
TopSolderMaskLayer
100
AcDbHatch
10
0
20
0
30
0
210
0
220
0
230
1
2
SOLID
70
1
71
0
91
1
92
7
72
0
73
1
93
4
10
-15.42880125767806
20
-2.5906587549770848
10
-15.42880125767806
20
-3.505466984593454
10
-16.28607837223217
20
-3.505466984593454
10
-16.28607837223217
20
-2.5906587549770848
97
1
330

75
0
76
1
47
0.4128176842155181
98
1
10
34.90568961886538
20
22.81183545379326
450
0
451
0
460
0
461
0
452
1
462
1
453
2
463
0
63
5
421
255
463
1
63
7
421
16777215
470
LINEAR
1001
ACAD
1010
0
1020
0
1030
0
0
HATCH
5
c1b
100
AcDbEntity
8
TopLayer
100
AcDbHatch
10
0
20
0
30
0
210
0
220
0
230
1
2
SOLID
70
1
71
0
91
1
92
7
72
0
73
1
93
4
10
-15.454203708407249
20
-2.6160528321057654
10
-15.454203708407249
20
-3.480060960121932
10
-16.26068072136127
20
-3.480060960121932
10
-16.26068072136127
20
-2.6160528321057654
97
1
330

75
0
76
1
47
0.4128176842155181
98
1
10
34.90568961886538
20
22.81183545379326
450
0
451
0
460
0
461
0
452
1
462
1
453
2
463
0
63
5
421
255
463
1
63
7
421
16777215
470
LINEAR
1001
ACAD
1010
0
1020
0
1030
0
0
HATCH
5
c1e
100
AcDbEntity
8
TopSolderMaskLayer
100
AcDbHatch
10
0
20
0
30
0
210
0
220
0
230
1
2
SOLID
70
1
71
0
91
1
92
7
72
0
73
1
93
4
10
-14.779574359274534
20
-2.5906587549770848
10
-14.779574359274534
20
-3.505466984593454
10
-13.922297244720426
20
-3.505466984593454
10
-13.922297244720426
20
-2.5906587549770848
97
1
330

75
0
76
1
47
0.4128176842155181
98
1
10
34.90568961886538
20
22.81183545379326
450
0
451
0
460
0
461
0
452
1
462
1
453
2
463
0
63
5
421
255
463
1
63
7
421
16777215
470
LINEAR
1001
ACAD
1010
0
1020
0
1030
0
0
HATCH
5
c21
100
AcDbEntity
8
TopLayer
100
AcDbHatch
10
0
20
0
30
0
210
0
220
0
230
1
2
SOLID
70
1
71
0
91
1
92
7
72
0
73
1
93
4
10
-14.754178308356586
20
-2.6160528321057654
10
-14.754178308356586
20
-3.480060960121932
10
-13.947701295402567
20
-3.480060960121932
10
-13.947701295402567
20
-2.6160528321057654
97
1
330

75
0
76
1
47
0.4128176842155181
98
1
10
34.90568961886538
20
22.81183545379326
450
0
451
0
460
0
461
0
452
1
462
1
453
2
463
0
63
5
421
255
463
1
63
7
421
16777215
470
LINEAR
1001
ACAD
1010
0
1020
0
1030
0
  0
CIRCLE
  5
c81
330
1F
100
AcDbEntity
  8
Multi-Layer
100
AcDbCircle
 10
-12.284963169926186
 20
-0.47391414782839547
 30
0.0
 40
0.31000762001524007
  0
CIRCLE
  5
c82
330
1F
100
AcDbEntity
  8
Hole
100
AcDbCircle
 10
-12.284963169926186
 20
-0.47391414782839547
 30
0.0
 40
0.15499110998222
  0
CIRCLE
  5
c83
330
1F
100
AcDbEntity
  8
Multi-Layer
100
AcDbCircle
 10
-16.894056388112745
 20
-2.500330200660528
 30
0.0
 40
0.31000762001524007
  0
CIRCLE
  5
c84
330
1F
100
AcDbEntity
  8
Hole
100
AcDbCircle
 10
-16.894056388112745
 20
-2.500330200660528
 30
0.0
 40
0.15499110998222
  0
CIRCLE
  5
c85
330
1F
100
AcDbEntity
  8
Multi-Layer
100
AcDbCircle
 10
-1.884912369824633
 20
8.231953263906462
 30
0.0
 40
0.31000762001524007
  0
CIRCLE
  5
c86
330
1F
100
AcDbEntity
  8
Hole
100
AcDbCircle
 10
-1.884912369824633
 20
8.231953263906462
 30
0.0
 40
0.15499110998222
  0
CIRCLE
  5
c87
330
1F
100
AcDbEntity
  8
Multi-Layer
100
AcDbCircle
 10
1.5199644399290264
 20
7.469951739903422
 30
0.0
 40
0.31000762001524007
  0
CIRCLE
  5
c88
330
1F
100
AcDbEntity
  8
Hole
100
AcDbCircle
 10
1.5199644399290264
 20
7.469951739903422
 30
0.0
 40
0.15499110998222
  0
CIRCLE
  5
c89
330
1F
100
AcDbEntity
  8
Multi-Layer
100
AcDbCircle
 10
-0.654025908051608
 20
4.491033782067461
 30
0.0
 40
0.31000762001524007
  0
CIRCLE
  5
c8a
330
1F
100
AcDbEntity
  8
Hole
100
AcDbCircle
 10
-0.654025908051608
 20
4.491033782067461
 30
0.0
 40
0.15499110998222
  0
CIRCLE
  5
c8b
330
1F
100
AcDbEntity
  8
Multi-Layer
100
AcDbCircle
 10
10.540030480060977
 20
4.4999237998474655
 30
0.0
 40
0.31000762001524007
  0
CIRCLE
  5
c8c
330
1F
100
AcDbEntity
  8
Hole
100
AcDbCircle
 10
10.540030480060977
 20
4.4999237998474655
 30
0.0
 40
0.15499110998222
  0
CIRCLE
  5
c8d
330
1F
100
AcDbEntity
  8
Multi-Layer
100
AcDbCircle
 10
14.67947675895357
 20
-0.06116332232670629
 30
0.0
 40
0.31000762001524007
  0
CIRCLE
  5
c8e
330
1F
100
AcDbEntity
  8
Hole
100
AcDbCircle
 10
14.67947675895357
 20
-0.06116332232670629
 30
0.0
 40
0.15499110998222
  0
CIRCLE
  5
c8f
330
1F
100
AcDbEntity
  8
Multi-Layer
100
AcDbCircle
 10
14.240055880111868
 20
-8.445974091948187
 30
0.0
 40
0.31000762001524007
  0
CIRCLE
  5
c90
330
1F
100
AcDbEntity
  8
Hole
100
AcDbCircle
 10
14.240055880111868
 20
-8.445974091948187
 30
0.0
 40
0.15499110998222
  0
CIRCLE
  5
c91
330
1F
100
AcDbEntity
  8
Multi-Layer
100
AcDbCircle
 10
-2.930378460756856
 20
13.969824739649312
 30
0.0
 40
0.31000762001524007
  0
CIRCLE
  5
c92
330
1F
100
AcDbEntity
  8
Hole
100
AcDbCircle
 10
-2.930378460756856
 20
13.969824739649312
 30
0.0
 40
0.15499110998222
  0
CIRCLE
  5
c93
330
1F
100
AcDbEntity
  8
Multi-Layer
100
AcDbCircle
 10
1.62004064008147
 20
14.240081280162485
 30
0.0
 40
0.31000762001524007
  0
CIRCLE
  5
c94
330
1F
100
AcDbEntity
  8
Hole
100
AcDbCircle
 10
1.62004064008147
 20
14.240081280162485
 30
0.0
 40
0.15499110998222
  0
CIRCLE
  5
c95
330
1F
100
AcDbEntity
  8
Multi-Layer
100
AcDbCircle
 10
-4.959842519685026
 20
11.20121920243821
 30
0.0
 40
0.31000762001524007
  0
CIRCLE
  5
c96
330
1F
100
AcDbEntity
  8
Hole
100
AcDbCircle
 10
-4.959842519685026
 20
11.20121920243821
 30
0.0
 40
0.15499110998222
  0
CIRCLE
  5
c97
330
1F
100
AcDbEntity
  8
Multi-Layer
100
AcDbCircle
 10
16.00027940055884
 20
9.519735839471537
 30
0.0
 40
0.31000762001524007
  0
CIRCLE
  5
c98
330
1F
100
AcDbEntity
  8
Hole
100
AcDbCircle
 10
16.00027940055884
 20
9.519735839471537
 30
0.0
 40
0.15499110998222
  0
CIRCLE
  5
c99
330
1F
100
AcDbEntity
  8
Multi-Layer
100
AcDbCircle
 10
16.624612649225355
 20
8.89540259080502
 30
0.0
 40
0.31000762001524007
  0
CIRCLE
  5
c9a
330
1F
100
AcDbEntity
  8
Hole
100
AcDbCircle
 10
16.624612649225355
 20
8.89540259080502
 30
0.0
 40
0.15499110998222
  0
CIRCLE
  5
c9b
330
1F
100
AcDbEntity
  8
Multi-Layer
100
AcDbCircle
 10
17.15928371856762
 20
8.360731521462867
 30
0.0
 40
0.31000762001524007
  0
CIRCLE
  5
c9c
330
1F
100
AcDbEntity
  8
Hole
100
AcDbCircle
 10
17.15928371856762
 20
8.360731521462867
 30
0.0
 40
0.15499110998222
  0
CIRCLE
  5
c9d
330
1F
100
AcDbEntity
  8
Multi-Layer
100
AcDbCircle
 10
17.793522987046117
 20
7.726492252984372
 30
0.0
 40
0.31000762001524007
  0
CIRCLE
  5
c9e
330
1F
100
AcDbEntity
  8
Hole
100
AcDbCircle
 10
17.793522987046117
 20
7.726492252984372
 30
0.0
 40
0.15499110998222
  0
CIRCLE
  5
c9f
330
1F
100
AcDbEntity
  8
Multi-Layer
100
AcDbCircle
 10
17.000025400050845
 20
9.480111760223394
 30
0.0
 40
0.31000762001524007
  0
CIRCLE
  5
ca0
330
1F
100
AcDbEntity
  8
Hole
100
AcDbCircle
 10
17.000025400050845
 20
9.480111760223394
 30
0.0
 40
0.15499110998222
  0
CIRCLE
  5
ca1
330
1F
100
AcDbEntity
  8
Multi-Layer
100
AcDbCircle
 10
18.666776733553434
 20
9.480111760223394
 30
0.0
 40
0.31000762001524007
  0
CIRCLE
  5
ca2
330
1F
100
AcDbEntity
  8
Hole
100
AcDbCircle
 10
18.666776733553434
 20
9.480111760223394
 30
0.0
 40
0.15499110998222
  0
CIRCLE
  5
ca3
330
1F
100
AcDbEntity
  8
Multi-Layer
100
AcDbCircle
 10
17.05996951993916
 20
7.160071120142106
 30
0.0
 40
0.31000762001524007
  0
CIRCLE
  5
ca4
330
1F
100
AcDbEntity
  8
Hole
100
AcDbCircle
 10
17.05996951993916
 20
7.160071120142106
 30
0.0
 40
0.15499110998222
  0
CIRCLE
  5
ca5
330
1F
100
AcDbEntity
  8
Multi-Layer
100
AcDbCircle
 10
16.620040640081243
 20
7.6599441198881095
 30
0.0
 40
0.31000762001524007
  0
CIRCLE
  5
ca6
330
1F
100
AcDbEntity
  8
Hole
100
AcDbCircle
 10
16.620040640081243
 20
7.6599441198881095
 30
0.0
 40
0.15499110998222
  0
CIRCLE
  5
ca7
330
1F
100
AcDbEntity
  8
Multi-Layer
100
AcDbCircle
 10
16.180111760223554
 20
8.160071120142106
 30
0.0
 40
0.31000762001524007
  0
CIRCLE
  5
ca8
330
1F
100
AcDbEntity
  8
Hole
100
AcDbCircle
 10
16.180111760223554
 20
8.160071120142106
 30
0.0
 40
0.15499110998222
  0
CIRCLE
  5
ca9
330
1F
100
AcDbEntity
  8
Multi-Layer
100
AcDbCircle
 10
15.739928879857871
 20
8.659944119888223
 30
0.0
 40
0.31000762001524007
  0
CIRCLE
  5
caa
330
1F
100
AcDbEntity
  8
Hole
100
AcDbCircle
 10
15.739928879857871
 20
8.659944119888223
 30
0.0
 40
0.15499110998222
  0
CIRCLE
  5
cab
330
1F
100
AcDbEntity
  8
Multi-Layer
100
AcDbCircle
 10
16.488214376428914
 20
10.449377698755256
 30
0.0
 40
0.31000762001524007
  0
CIRCLE
  5
cac
330
1F
100
AcDbEntity
  8
Hole
100
AcDbCircle
 10
16.488214376428914
 20
10.449377698755256
 30
0.0
 40
0.15499110998222
  0
CIRCLE
  5
cad
330
1F
100
AcDbEntity
  8
Multi-Layer
100
AcDbCircle
 10
17.343434086868456
 20
10.449377698755256
 30
0.0
 40
0.31000762001524007
  0
CIRCLE
  5
cae
330
1F
100
AcDbEntity
  8
Hole
100
AcDbCircle
 10
17.343434086868456
 20
10.449377698755256
 30
0.0
 40
0.15499110998222
  0
CIRCLE
  5
caf
330
1F
100
AcDbEntity
  8
Multi-Layer
100
AcDbCircle
 10
18.198907797815764
 20
10.449377698755256
 30
0.0
 40
0.31000762001524007
  0
CIRCLE
  5
cb0
330
1F
100
AcDbEntity
  8
Hole
100
AcDbCircle
 10
18.198907797815764
 20
10.449377698755256
 30
0.0
 40
0.15499110998222
  0
CIRCLE
  5
cb1
330
1F
100
AcDbEntity
  8
Multi-Layer
100
AcDbCircle
 10
19.05412750825508
 20
10.449377698755256
 30
0.0
 40
0.31000762001524007
  0
CIRCLE
  5
cb2
330
1F
100
AcDbEntity
  8
Hole
100
AcDbCircle
 10
19.05412750825508
 20
10.449377698755256
 30
0.0
 40
0.15499110998222
  0
CIRCLE
  5
cb3
330
1F
100
AcDbEntity
  8
Multi-Layer
100
AcDbCircle
 10
19.90934721869462
 20
10.449377698755256
 30
0.0
 40
0.31000762001524007
  0
CIRCLE
  5
cb4
330
1F
100
AcDbEntity
  8
Hole
100
AcDbCircle
 10
19.90934721869462
 20
10.449377698755256
 30
0.0
 40
0.15499110998222
  0
CIRCLE
  5
cb5
330
1F
100
AcDbEntity
  8
Multi-Layer
100
AcDbCircle
 10
20.70970281940572
 20
9.22001524003042
 30
0.0
 40
0.31000762001524007
  0
CIRCLE
  5
cb6
330
1F
100
AcDbEntity
  8
Hole
100
AcDbCircle
 10
20.70970281940572
 20
9.22001524003042
 30
0.0
 40
0.15499110998222
  0
CIRCLE
  5
cb7
330
1F
100
AcDbEntity
  8
Multi-Layer
100
AcDbCircle
 10
20.70970281940572
 20
8.414833629667214
 30
0.0
 40
0.31000762001524007
  0
CIRCLE
  5
cb8
330
1F
100
AcDbEntity
  8
Hole
100
AcDbCircle
 10
20.70970281940572
 20
8.414833629667214
 30
0.0
 40
0.15499110998222
  0
CIRCLE
  5
cb9
330
1F
100
AcDbEntity
  8
Multi-Layer
100
AcDbCircle
 10
20.70970281940572
 20
7.609652019303894
 30
0.0
 40
0.31000762001524007
  0
CIRCLE
  5
cba
330
1F
100
AcDbEntity
  8
Hole
100
AcDbCircle
 10
20.70970281940572
 20
7.609652019303894
 30
0.0
 40
0.15499110998222
  0
CIRCLE
  5
cbb
330
1F
100
AcDbEntity
  8
Multi-Layer
100
AcDbCircle
 10
20.70970281940572
 20
6.804470408940688
 30
0.0
 40
0.31000762001524007
  0
CIRCLE
  5
cbc
330
1F
100
AcDbEntity
  8
Hole
100
AcDbCircle
 10
20.70970281940572
 20
6.804470408940688
 30
0.0
 40
0.15499110998222
  0
CIRCLE
  5
cbd
330
1F
100
AcDbEntity
  8
Multi-Layer
100
AcDbCircle
 10
20.70970281940572
 20
5.999288798577481
 30
0.0
 40
0.31000762001524007
  0
CIRCLE
  5
cbe
330
1F
100
AcDbEntity
  8
Hole
100
AcDbCircle
 10
20.70970281940572
 20
5.999288798577481
 30
0.0
 40
0.15499110998222
  0
CIRCLE
  5
cbf
330
1F
100
AcDbEntity
  8
Multi-Layer
100
AcDbCircle
 10
20.119913639827473
 20
5.439979679959265
 30
0.0
 40
0.31000762001524007
  0
CIRCLE
  5
cc0
330
1F
100
AcDbEntity
  8
Hole
100
AcDbCircle
 10
20.119913639827473
 20
5.439979679959265
 30
0.0
 40
0.15499110998222
  0
CIRCLE
  5
cc1
330
1F
100
AcDbEntity
  8
Multi-Layer
100
AcDbCircle
 10
20.840005080010314
 20
4.293421386842624
 30
0.0
 40
0.31000762001524007
  0
CIRCLE
  5
cc2
330
1F
100
AcDbEntity
  8
Hole
100
AcDbCircle
 10
20.840005080010314
 20
4.293421386842624
 30
0.0
 40
0.15499110998222
  0
CIRCLE
  5
cc3
330
1F
100
AcDbEntity
  8
Multi-Layer
100
AcDbCircle
 10
19.694970789941863
 20
3.4001016002031292
 30
0.0
 40
0.31000762001524007
  0
CIRCLE
  5
cc4
330
1F
100
AcDbEntity
  8
Hole
100
AcDbCircle
 10
19.694970789941863
 20
3.4001016002031292
 30
0.0
 40
0.15499110998222
  0
CIRCLE
  5
cc5
330
1F
100
AcDbEntity
  8
Multi-Layer
100
AcDbCircle
 10
18.549936499873183
 20
3.4001016002031292
 30
0.0
 40
0.31000762001524007
  0
CIRCLE
  5
cc6
330
1F
100
AcDbEntity
  8
Hole
100
AcDbCircle
 10
18.549936499873183
 20
3.4001016002031292
 30
0.0
 40
0.15499110998222
  0
CIRCLE
  5
cc7
330
1F
100
AcDbEntity
  8
Multi-Layer
100
AcDbCircle
 10
17.404902209804504
 20
3.4001016002031292
 30
0.0
 40
0.31000762001524007
  0
CIRCLE
  5
cc8
330
1F
100
AcDbEntity
  8
Hole
100
AcDbCircle
 10
17.404902209804504
 20
3.4001016002031292
 30
0.0
 40
0.15499110998222
  0
CIRCLE
  5
cc9
330
1F
100
AcDbEntity
  8
Multi-Layer
100
AcDbCircle
 10
16.260121920244046
 20
4.293421386842624
 30
0.0
 40
0.31000762001524007
  0
CIRCLE
  5
cca
330
1F
100
AcDbEntity
  8
Hole
100
AcDbCircle
 10
16.260121920244046
 20
4.293421386842624
 30
0.0
 40
0.15499110998222
  0
CIRCLE
  5
ccb
330
1F
100
AcDbEntity
  8
Multi-Layer
100
AcDbCircle
 10
16.260121920244046
 20
5.186741173482346
 30
0.0
 40
0.31000762001524007
  0
CIRCLE
  5
ccc
330
1F
100
AcDbEntity
  8
Hole
100
AcDbCircle
 10
16.260121920244046
 20
5.186741173482346
 30
0.0
 40
0.15499110998222
  0
CIRCLE
  5
ccd
330
1F
100
AcDbEntity
  8
Multi-Layer
100
AcDbCircle
 10
16.260121920244046
 20
6.080060960121841
 30
0.0
 40
0.31000762001524007
  0
CIRCLE
  5
cce
330
1F
100
AcDbEntity
  8
Hole
100
AcDbCircle
 10
16.260121920244046
 20
6.080060960121841
 30
0.0
 40
0.15499110998222
  0
CIRCLE
  5
ccf
330
1F
100
AcDbEntity
  8
Multi-Layer
100
AcDbCircle
 10
17.404902209804504
 20
6.080060960121841
 30
0.0
 40
0.31000762001524007
  0
CIRCLE
  5
cd0
330
1F
100
AcDbEntity
  8
Hole
100
AcDbCircle
 10
17.404902209804504
 20
6.080060960121841
 30
0.0
 40
0.15499110998222
  0
CIRCLE
  5
cd1
330
1F
100
AcDbEntity
  8
Multi-Layer
100
AcDbCircle
 10
17.404902209804504
 20
5.186741173482346
 30
0.0
 40
0.31000762001524007
  0
CIRCLE
  5
cd2
330
1F
100
AcDbEntity
  8
Hole
100
AcDbCircle
 10
17.404902209804504
 20
5.186741173482346
 30
0.0
 40
0.15499110998222
  0
CIRCLE
  5
cd3
330
1F
100
AcDbEntity
  8
Multi-Layer
100
AcDbCircle
 10
17.405156210312498
 20
4.293421386842624
 30
0.0
 40
0.31000762001524007
  0
CIRCLE
  5
cd4
330
1F
100
AcDbEntity
  8
Hole
100
AcDbCircle
 10
17.405156210312498
 20
4.293421386842624
 30
0.0
 40
0.15499110998222
  0
CIRCLE
  5
cd5
330
1F
100
AcDbEntity
  8
Multi-Layer
100
AcDbCircle
 10
16.260121920244046
 20
3.4001016002031292
 30
0.0
 40
0.31000762001524007
  0
CIRCLE
  5
cd6
330
1F
100
AcDbEntity
  8
Hole
100
AcDbCircle
 10
16.260121920244046
 20
3.4001016002031292
 30
0.0
 40
0.15499110998222
  0
CIRCLE
  5
cd7
330
1F
100
AcDbEntity
  8
Multi-Layer
100
AcDbCircle
 10
20.840005080010314
 20
3.4001016002031292
 30
0.0
 40
0.31000762001524007
  0
CIRCLE
  5
cd8
330
1F
100
AcDbEntity
  8
Hole
100
AcDbCircle
 10
20.840005080010314
 20
3.4001016002031292
 30
0.0
 40
0.15499110998222
  0
CIRCLE
  5
cd9
330
1F
100
AcDbEntity
  8
Multi-Layer
100
AcDbCircle
 10
17.833401066802253
 20
9.480111760223394
 30
0.0
 40
0.31000762001524007
  0
CIRCLE
  5
cda
330
1F
100
AcDbEntity
  8
Hole
100
AcDbCircle
 10
17.833401066802253
 20
9.480111760223394
 30
0.0
 40
0.15499110998222
  0
CIRCLE
  5
cdb
330
1F
100
AcDbEntity
  8
Multi-Layer
100
AcDbCircle
 10
19.499898399797075
 20
9.4798577597154
 30
0.0
 40
0.31000762001524007
  0
CIRCLE
  5
cdc
330
1F
100
AcDbEntity
  8
Hole
100
AcDbCircle
 10
19.499898399797075
 20
9.4798577597154
 30
0.0
 40
0.15499110998222
  0
CIRCLE
  5
cdd
330
1F
100
AcDbEntity
  8
Multi-Layer
100
AcDbCircle
 10
17.819939039878136
 20
8.760020320040553
 30
0.0
 40
0.31000762001524007
  0
CIRCLE
  5
cde
330
1F
100
AcDbEntity
  8
Hole
100
AcDbCircle
 10
17.819939039878136
 20
8.760020320040553
 30
0.0
 40
0.15499110998222
  0
CIRCLE
  5
cdf
330
1F
100
AcDbEntity
  8
Multi-Layer
100
AcDbCircle
 10
20.840005080010314
 20
5.179883159766291
 30
0.0
 40
0.31000762001524007
  0
CIRCLE
  5
ce0
330
1F
100
AcDbEntity
  8
Hole
100
AcDbCircle
 10
20.840005080010314
 20
5.179883159766291
 30
0.0
 40
0.15499110998222
  0
CIRCLE
  5
ce1
330
1F
100
AcDbEntity
  8
Multi-Layer
100
AcDbCircle
 10
12.260121920243819
 20
10.620066040131974
 30
0.0
 40
0.31000762001524007
  0
CIRCLE
  5
ce2
330
1F
100
AcDbEntity
  8
Hole
100
AcDbCircle
 10
12.260121920243819
 20
10.620066040131974
 30
0.0
 40
0.15499110998222
  0
CIRCLE
  5
ce3
330
1F
100
AcDbEntity
  8
Multi-Layer
100
AcDbCircle
 10
8.519964439929026
 20
8.719888239776424
 30
0.0
 40
0.31000762001524007
  0
CIRCLE
  5
ce4
330
1F
100
AcDbEntity
  8
Hole
100
AcDbCircle
 10
8.519964439929026
 20
8.719888239776424
 30
0.0
 40
0.15499110998222
  0
CIRCLE
  5
ce5
330
1F
100
AcDbEntity
  8
Multi-Layer
100
AcDbCircle
 10
5.118897637795271
 20
4.320345440690858
 30
0.0
 40
0.31000762001524007
  0
CIRCLE
  5
ce6
330
1F
100
AcDbEntity
  8
Hole
100
AcDbCircle
 10
5.118897637795271
 20
4.320345440690858
 30
0.0
 40
0.15499110998222
  0
CIRCLE
  5
ce7
330
1F
100
AcDbEntity
  8
Multi-Layer
100
AcDbCircle
 10
13.119913639827246
 20
6.199949199898356
 30
0.0
 40
0.31000762001524007
  0
CIRCLE
  5
ce8
330
1F
100
AcDbEntity
  8
Hole
100
AcDbCircle
 10
13.119913639827246
 20
6.199949199898356
 30
0.0
 40
0.15499110998222
  0
CIRCLE
  5
ce9
330
1F
100
AcDbEntity
  8
Multi-Layer
100
AcDbCircle
 10
13.199923799847738
 20
12.039928879857712
 30
0.0
 40
0.31000762001524007
  0
CIRCLE
  5
cea
330
1F
100
AcDbEntity
  8
Hole
100
AcDbCircle
 10
13.199923799847738
 20
12.039928879857712
 30
0.0
 40
0.15499110998222
  0
CIRCLE
  5
ceb
330
1F
100
AcDbEntity
  8
Multi-Layer
100
AcDbCircle
 10
-13.509499618999143
 20
-4.623012446024973
 30
0.0
 40
0.31000762001524007
  0
CIRCLE
  5
cec
330
1F
100
AcDbEntity
  8
Hole
100
AcDbCircle
 10
-13.509499618999143
 20
-4.623012446024973
 30
0.0
 40
0.15499110998222
  0
CIRCLE
  5
ced
330
1F
100
AcDbEntity
  8
Multi-Layer
100
AcDbCircle
 10
2.3899161798324258
 20
8.83088646177282
 30
0.0
 40
0.31000762001524007
  0
CIRCLE
  5
cee
330
1F
100
AcDbEntity
  8
Hole
100
AcDbCircle
 10
2.3899161798324258
 20
8.83088646177282
 30
0.0
 40
0.15499110998222
  0
CIRCLE
  5
cef
330
1F
100
AcDbEntity
  8
Multi-Layer
100
AcDbCircle
 10
-8.134086868173654
 20
14.908102616205156
 30
0.0
 40
0.31000762001524007
  0
CIRCLE
  5
cf0
330
1F
100
AcDbEntity
  8
Hole
100
AcDbCircle
 10
-8.134086868173654
 20
14.908102616205156
 30
0.0
 40
0.15499110998222
  0
CIRCLE
  5
cf1
330
1F
100
AcDbEntity
  8
Multi-Layer
100
AcDbCircle
 10
5.62512065024157
 20
-1.5358902717806586
 30
0.0
 40
0.31000762001524007
  0
CIRCLE
  5
cf2
330
1F
100
AcDbEntity
  8
Hole
100
AcDbCircle
 10
5.62512065024157
 20
-1.5358902717806586
 30
0.0
 40
0.15499110998222
  0
CIRCLE
  5
cf3
330
1F
100
AcDbEntity
  8
Multi-Layer
100
AcDbCircle
 10
5.005105410210945
 20
1.3299974599948428
 30
0.0
 40
0.31000762001524007
  0
CIRCLE
  5
cf4
330
1F
100
AcDbEntity
  8
Hole
100
AcDbCircle
 10
5.005105410210945
 20
1.3299974599948428
 30
0.0
 40
0.15499110998222
  0
CIRCLE
  5
cf5
330
1F
100
AcDbEntity
  8
Multi-Layer
100
AcDbCircle
 10
-1.4200914401826594
 20
5.775006350012632
 30
0.0
 40
0.31000762001524007
  0
CIRCLE
  5
cf6
330
1F
100
AcDbEntity
  8
Hole
100
AcDbCircle
 10
-1.4200914401826594
 20
5.775006350012632
 30
0.0
 40
0.15499110998222
  0
CIRCLE
  5
cf7
330
1F
100
AcDbEntity
  8
Multi-Layer
100
AcDbCircle
 10
3.584988569977213
 20
-0.20695961391925266
 30
0.0
 40
0.31000762001524007
  0
CIRCLE
  5
cf8
330
1F
100
AcDbEntity
  8
Hole
100
AcDbCircle
 10
3.584988569977213
 20
-0.20695961391925266
 30
0.0
 40
0.15499110998222
  0
CIRCLE
  5
cf9
330
1F
100
AcDbEntity
  8
Multi-Layer
100
AcDbCircle
 10
16.711988823977663
 20
0.9319786639572385
 30
0.0
 40
0.31000762001524007
  0
CIRCLE
  5
cfa
330
1F
100
AcDbEntity
  8
Hole
100
AcDbCircle
 10
16.711988823977663
 20
0.9319786639572385
 30
0.0
 40
0.15499110998222
  0
CIRCLE
  5
cfb
330
1F
100
AcDbEntity
  8
Multi-Layer
100
AcDbCircle
 10
13.053873507747085
 20
0.44709169418331385
 30
0.0
 40
0.31000762001524007
  0
CIRCLE
  5
cfc
330
1F
100
AcDbEntity
  8
Hole
100
AcDbCircle
 10
13.053873507747085
 20
0.44709169418331385
 30
0.0
 40
0.15499110998222
  0
CIRCLE
  5
cfd
330
1F
100
AcDbEntity
  8
Multi-Layer
100
AcDbCircle
 10
6.964973329946815
 20
-1.5590043180086468
 30
0.0
 40
0.31000762001524007
  0
CIRCLE
  5
cfe
330
1F
100
AcDbEntity
  8
Hole
100
AcDbCircle
 10
6.964973329946815
 20
-1.5590043180086468
 30
0.0
 40
0.15499110998222
  0
CIRCLE
  5
cff
330
1F
100
AcDbEntity
  8
Multi-Layer
100
AcDbCircle
 10
3.896139192278497
 20
-1.485090170180456
 30
0.0
 40
0.31000762001524007
  0
CIRCLE
  5
d00
330
1F
100
AcDbEntity
  8
Hole
100
AcDbCircle
 10
3.896139192278497
 20
-1.485090170180456
 30
0.0
 40
0.15499110998222
  0
CIRCLE
  5
d01
330
1F
100
AcDbEntity
  8
Multi-Layer
100
AcDbCircle
 10
-22.661899923799638
 20
-2.0410972821946416
 30
0.0
 40
0.31000762001524007
  0
CIRCLE
  5
d02
330
1F
100
AcDbEntity
  8
Hole
100
AcDbCircle
 10
-22.661899923799638
 20
-2.0410972821946416
 30
0.0
 40
0.15499110998222
  0
CIRCLE
  5
d03
330
1F
100
AcDbEntity
  8
Multi-Layer
100
AcDbCircle
 10
-22.070078740157328
 20
-6.881076962153998
 30
0.0
 40
0.31000762001524007
  0
CIRCLE
  5
d04
330
1F
100
AcDbEntity
  8
Hole
100
AcDbCircle
 10
-22.070078740157328
 20
-6.881076962153998
 30
0.0
 40
0.15499110998222
  0
CIRCLE
  5
d05
330
1F
100
AcDbEntity
  8
Multi-Layer
100
AcDbCircle
 10
-22.670027940055775
 20
-3.363931927863973
 30
0.0
 40
0.31000762001524007
  0
CIRCLE
  5
d06
330
1F
100
AcDbEntity
  8
Hole
100
AcDbCircle
 10
-22.670027940055775
 20
-3.363931927863973
 30
0.0
 40
0.15499110998222
  0
CIRCLE
  5
d07
330
1F
100
AcDbEntity
  8
Multi-Layer
100
AcDbCircle
 10
12.200939801879713
 20
8.65003810007613
 30
0.0
 40
0.31000762001524007
  0
CIRCLE
  5
d08
330
1F
100
AcDbEntity
  8
Hole
100
AcDbCircle
 10
12.200939801879713
 20
8.65003810007613
 30
0.0
 40
0.15499110998222
  0
CIRCLE
  5
d09
330
1F
100
AcDbEntity
  8
Multi-Layer
100
AcDbCircle
 10
11.905029210058728
 20
11.957886715773384
 30
0.0
 40
0.31000762001524007
  0
CIRCLE
  5
d0a
330
1F
100
AcDbEntity
  8
Hole
100
AcDbCircle
 10
11.905029210058728
 20
11.957886715773384
 30
0.0
 40
0.15499110998222
  0
CIRCLE
  5
d0b
330
1F
100
AcDbEntity
  8
Multi-Layer
100
AcDbCircle
 10
-15.72209804419606
 20
9.783896367792636
 30
0.0
 40
0.31000762001524007
  0
CIRCLE
  5
d0c
330
1F
100
AcDbEntity
  8
Hole
100
AcDbCircle
 10
-15.72209804419606
 20
9.783896367792636
 30
0.0
 40
0.15499110998222
  0
CIRCLE
  5
d0d
330
1F
100
AcDbEntity
  8
Multi-Layer
100
AcDbCircle
 10
-17.7708661417322
 20
10.45293370586728
 30
0.0
 40
0.31000762001524007
  0
CIRCLE
  5
d0e
330
1F
100
AcDbEntity
  8
Hole
100
AcDbCircle
 10
-17.7708661417322
 20
10.45293370586728
 30
0.0
 40
0.15499110998222
  0
CIRCLE
  5
d0f
330
1F
100
AcDbEntity
  8
Multi-Layer
100
AcDbCircle
 10
-16.107924815849515
 20
4.699060198120378
 30
0.0
 40
0.31000762001524007
  0
CIRCLE
  5
d10
330
1F
100
AcDbEntity
  8
Hole
100
AcDbCircle
 10
-16.107924815849515
 20
4.699060198120378
 30
0.0
 40
0.15499110998222
  0
CIRCLE
  5
d11
330
1F
100
AcDbEntity
  8
Multi-Layer
100
AcDbCircle
 10
-14.912090424180747
 20
2.4460756921513394
 30
0.0
 40
0.31000762001524007
  0
CIRCLE
  5
d12
330
1F
100
AcDbEntity
  8
Hole
100
AcDbCircle
 10
-14.912090424180747
 20
2.4460756921513394
 30
0.0
 40
0.15499110998222
  0
CIRCLE
  5
d13
330
1F
100
AcDbEntity
  8
Multi-Layer
100
AcDbCircle
 10
-13.149072898145732
 20
-11.13507747015501
 30
0.0
 40
0.31000762001524007
  0
CIRCLE
  5
d14
330
1F
100
AcDbEntity
  8
Hole
100
AcDbCircle
 10
-13.149072898145732
 20
-11.13507747015501
 30
0.0
 40
0.15499110998222
  0
CIRCLE
  5
d15
330
1F
100
AcDbEntity
  8
Multi-Layer
100
AcDbCircle
 10
1.377978155956498
 20
-1.405080010160077
 30
0.0
 40
0.31000762001524007
  0
CIRCLE
  5
d16
330
1F
100
AcDbEntity
  8
Hole
100
AcDbCircle
 10
1.377978155956498
 20
-1.405080010160077
 30
0.0
 40
0.15499110998222
  0
CIRCLE
  5
d17
330
1F
100
AcDbEntity
  8
Multi-Layer
100
AcDbCircle
 10
-18.97203454406906
 20
5.451917703835306
 30
0.0
 40
0.31000762001524007
  0
CIRCLE
  5
d18
330
1F
100
AcDbEntity
  8
Hole
100
AcDbCircle
 10
-18.97203454406906
 20
5.451917703835306
 30
0.0
 40
0.15499110998222
  0
CIRCLE
  5
d19
330
1F
100
AcDbEntity
  8
Multi-Layer
100
AcDbCircle
 10
-20.150088900177707
 20
7.689916179832267
 30
0.0
 40
0.31000762001524007
  0
CIRCLE
  5
d1a
330
1F
100
AcDbEntity
  8
Hole
100
AcDbCircle
 10
-20.150088900177707
 20
7.689916179832267
 30
0.0
 40
0.15499110998222
  0
CIRCLE
  5
d1b
330
1F
100
AcDbEntity
  8
Multi-Layer
100
AcDbCircle
 10
-20.022072644145283
 20
3.1049530099058984
 30
0.0
 40
0.31000762001524007
  0
CIRCLE
  5
d1c
330
1F
100
AcDbEntity
  8
Hole
100
AcDbCircle
 10
-20.022072644145283
 20
3.1049530099058984
 30
0.0
 40
0.15499110998222
  0
CIRCLE
  5
d1d
330
1F
100
AcDbEntity
  8
Multi-Layer
100
AcDbCircle
 10
-20.03197866395726
 20
-1.7980187960376952
 30
0.0
 40
0.31000762001524007
  0
CIRCLE
  5
d1e
330
1F
100
AcDbEntity
  8
Hole
100
AcDbCircle
 10
-20.03197866395726
 20
-1.7980187960376952
 30
0.0
 40
0.15499110998222
  0
CIRCLE
  5
d1f
330
1F
100
AcDbEntity
  8
Multi-Layer
100
AcDbCircle
 10
-4.724892049783875
 20
6.016052832105629
 30
0.0
 40
0.31000762001524007
  0
CIRCLE
  5
d20
330
1F
100
AcDbEntity
  8
Hole
100
AcDbCircle
 10
-4.724892049783875
 20
6.016052832105629
 30
0.0
 40
0.15499110998222
  0
CIRCLE
  5
d21
330
1F
100
AcDbEntity
  8
Multi-Layer
100
AcDbCircle
 10
11.659918719837606
 20
5.064058928117788
 30
0.0
 40
0.31000762001524007
  0
CIRCLE
  5
d22
330
1F
100
AcDbEntity
  8
Hole
100
AcDbCircle
 10
11.659918719837606
 20
5.064058928117788
 30
0.0
 40
0.15499110998222
  0
CIRCLE
  5
d23
330
1F
100
AcDbEntity
  8
Multi-Layer
100
AcDbCircle
 10
8.635026670053321
 20
7.32796545593078
 30
0.0
 40
0.31000762001524007
  0
CIRCLE
  5
d24
330
1F
100
AcDbEntity
  8
Hole
100
AcDbCircle
 10
8.635026670053321
 20
7.32796545593078
 30
0.0
 40
0.15499110998222
  0
CIRCLE
  5
d25
330
1F
100
AcDbEntity
  8
Multi-Layer
100
AcDbCircle
 10
15.18290576581171
 20
13.92994665989329
 30
0.0
 40
0.31000762001524007
  0
CIRCLE
  5
d26
330
1F
100
AcDbEntity
  8
Hole
100
AcDbCircle
 10
15.18290576581171
 20
13.92994665989329
 30
0.0
 40
0.15499110998222
  0
CIRCLE
  5
d27
330
1F
100
AcDbEntity
  8
Multi-Layer
100
AcDbCircle
 10
11.794030988061877
 20
17.22407924815832
 30
0.0
 40
0.31000762001524007
  0
CIRCLE
  5
d28
330
1F
100
AcDbEntity
  8
Hole
100
AcDbCircle
 10
11.794030988061877
 20
17.22407924815832
 30
0.0
 40
0.15499110998222
  0
CIRCLE
  5
d29
330
1F
100
AcDbEntity
  8
Multi-Layer
100
AcDbCircle
 10
12.53596647193308
 20
-7.498044196088472
 30
0.0
 40
0.31000762001524007
  0
CIRCLE
  5
d2a
330
1F
100
AcDbEntity
  8
Hole
100
AcDbCircle
 10
12.53596647193308
 20
-7.498044196088472
 30
0.0
 40
0.15499110998222
  0
CIRCLE
  5
d2b
330
1F
100
AcDbEntity
  8
Multi-Layer
100
AcDbCircle
 10
-2.8770383540766034
 20
8.788976377952622
 30
0.0
 40
0.31000762001524007
  0
CIRCLE
  5
d2c
330
1F
100
AcDbEntity
  8
Hole
100
AcDbCircle
 10
-2.8770383540766034
 20
8.788976377952622
 30
0.0
 40
0.15499110998222
  0
CIRCLE
  5
d2d
330
1F
100
AcDbEntity
  8
Multi-Layer
100
AcDbCircle
 10
-9.823952247904344
 20
19.594919989839923
 30
0.0
 40
1.0160020320040641
  0
CIRCLE
  5
d2e
330
1F
100
AcDbEntity
  8
Multi-Layer
100
AcDbCircle
 10
14.327940055880163
 20
-15.502108204216484
 30
0.0
 40
1.0160020320040641
  0
CIRCLE
  5
d2f
330
1F
100
AcDbEntity
  8
Multi-Layer
100
AcDbCircle
 10
2.8999491998984013
 20
16.70134620269232
 30
0.0
 40
0.37500635001270005
  0
CIRCLE
  5
d30
330
1F
100
AcDbEntity
  8
Multi-Layer
100
AcDbCircle
 10
-2.8998983997967116
 20
16.70134620269232
 30
0.0
 40
0.37500635001270005
0
HATCH
5
d32
100
AcDbEntity
8
BottomLayer
100
AcDbHatch
10
0
20
0
30
0
210
0
220
0
230
1
2
SOLID
70
1
71
0
91
1
92
7
72
0
73
1
93
4
10
13.54000508001036
20
10.810007620015085
10
13.634010668021574
20
11.38001016002022
10
12.884988569977168
20
11.381991363982706
10
13.020015240030716
20
10.810007620015085
97
1
330

75
0
76
1
47
0.4128176842155181
98
1
10
34.90568961886538
20
22.81183545379326
450
0
451
0
460
0
461
0
452
1
462
1
453
2
463
0
63
5
421
255
463
1
63
7
421
16777215
470
LINEAR
1001
ACAD
1010
0
1020
0
1030
0
0
HATCH
5
d34
100
AcDbEntity
8
BottomLayer
100
AcDbHatch
10
0
20
0
30
0
210
0
220
0
230
1
2
SOLID
70
1
71
0
91
1
92
7
72
0
73
1
93
4
10
-17.464587249174315
20
7.412407924815739
10
-17.464587249174315
20
6.612392684785277
10
-18.589588519177028
20
6.637432054864007
10
-18.589588519177028
20
7.387432054864007
97
1
330

75
0
76
1
47
0.4128176842155181
98
1
10
34.90568961886538
20
22.81183545379326
450
0
451
0
460
0
461
0
452
1
462
1
453
2
463
0
63
5
421
255
463
1
63
7
421
16777215
470
LINEAR
1001
ACAD
1010
0
1020
0
1030
0
0
HATCH
5
d36
100
AcDbEntity
8
BottomLayer
100
AcDbHatch
10
0
20
0
30
0
210
0
220
0
230
1
2
SOLID
70
1
71
0
91
1
92
7
72
0
73
1
93
4
10
-16.5645466090931
20
6.612392684785277
10
-16.5645466090931
20
7.412407924815739
10
-15.439547879095699
20
7.387432054864007
10
-15.439547879095699
20
6.637432054864007
97
1
330

75
0
76
1
47
0.4128176842155181
98
1
10
34.90568961886538
20
22.81183545379326
450
0
451
0
460
0
461
0
452
1
462
1
453
2
463
0
63
5
421
255
463
1
63
7
421
16777215
470
LINEAR
1001
ACAD
1010
0
1020
0
1030
0
0
HATCH
5
d38
100
AcDbEntity
8
BottomLayer
100
AcDbHatch
10
0
20
0
30
0
210
0
220
0
230
1
2
SOLID
70
1
71
0
91
1
92
7
72
0
73
1
93
4
10
-15.345146050291987
20
7.418422656845223
10
-15.345146050291987
20
6.074930149860279
10
-16.470147320294473
20
6.637432054864007
10
-16.470147320294473
20
7.387432054864007
97
1
330

75
0
76
1
47
0.4128176842155181
98
1
10
34.90568961886538
20
22.81183545379326
450
0
451
0
460
0
461
0
452
1
462
1
453
2
463
0
63
5
421
255
463
1
63
7
421
16777215
470
LINEAR
1001
ACAD
1010
0
1020
0
1030
0
0
HATCH
5
d3a
100
AcDbEntity
8
BottomLayer
100
AcDbHatch
10
0
20
0
30
0
210
0
220
0
230
1
2
SOLID
70
1
71
0
91
1
92
7
72
0
73
1
93
4
10
-19.432921005841877
20
-10.473060706121487
10
-19.98007874015741
20
-9.469532639065392
10
-20.14614427228844
20
-9.765768351536735
10
-19.771884683769258
20
-10.452186944374034
97
1
330

75
0
76
1
47
0.4128176842155181
98
1
10
34.90568961886538
20
22.81183545379326
450
0
451
0
460
0
461
0
452
1
462
1
453
2
463
0
63
5
421
255
463
1
63
7
421
16777215
470
LINEAR
1001
ACAD
1010
0
1020
0
1030
0
0
HATCH
5
d3c
100
AcDbEntity
8
BottomLayer
100
AcDbHatch
10
0
20
0
30
0
210
0
220
0
230
1
2
SOLID
70
1
71
0
91
1
92
7
72
0
73
1
93
4
10
-19.793411226822286
20
-9.16135128270264
10
-19.013225806451487
20
-9.996672593345352
10
-19.537015494030925
20
-10.217317754635587
10
-20.04925577851145
20
-9.668879857759862
97
1
330

75
0
76
1
47
0.4128176842155181
98
1
10
34.90568961886538
20
22.81183545379326
450
0
451
0
460
0
461
0
452
1
462
1
453
2
463
0
63
5
421
255
463
1
63
7
421
16777215
470
LINEAR
1001
ACAD
1010
0
1020
0
1030
0
0
HATCH
5
d3e
100
AcDbEntity
8
BottomLayer
100
AcDbHatch
10
0
20
0
30
0
210
0
220
0
230
1
2
SOLID
70
1
71
0
91
1
92
7
72
0
73
1
93
4
10
0.05003810007633547
20
11.620035560071074
10
0.9500152400305524
20
12.420050800101535
10
-0.016118872237711912
20
13.06645415290825
10
-0.5776327152652811
20
12.567310134620243
97
1
330

75
0
76
1
47
0.4128176842155181
98
1
10
34.90568961886538
20
22.81183545379326
450
0
451
0
460
0
461
0
452
1
462
1
453
2
463
0
63
5
421
255
463
1
63
7
421
16777215
470
LINEAR
1001
ACAD
1010
0
1020
0
1030
0
0
HATCH
5
d40
100
AcDbEntity
8
BottomLayer
100
AcDbHatch
10
0
20
0
30
0
210
0
220
0
230
1
2
SOLID
70
1
71
0
91
1
92
7
72
0
73
1
93
4
10
-2.8665049530097804
20
5.055895351790696
10
-3.730515621031145
20
5.055895351790696
10
-3.6735407670814766
20
5.9045262890524555
10
-2.9235407670814766
20
5.9045262890524555
97
1
330

75
0
76
1
47
0.4128176842155181
98
1
10
34.90568961886538
20
22.81183545379326
450
0
451
0
460
0
461
0
452
1
462
1
453
2
463
0
63
5
421
255
463
1
63
7
421
16777215
470
LINEAR
1001
ACAD
1010
0
1020
0
1030
0
0
HATCH
5
d42
100
AcDbEntity
8
BottomLayer
100
AcDbHatch
10
0
20
0
30
0
210
0
220
0
230
1
2
SOLID
70
1
71
0
91
1
92
7
72
0
73
1
93
4
10
-13.572971805943439
20
8.902489204978338
10
-14.378196596393082
20
8.902489204978338
10
-14.351978663957198
20
9.648475996951902
10
-13.601978663957198
20
9.648989077978058
97
1
330

75
0
76
1
47
0.4128176842155181
98
1
10
34.90568961886538
20
22.81183545379326
450
0
451
0
460
0
461
0
452
1
462
1
453
2
463
0
63
5
421
255
463
1
63
7
421
16777215
470
LINEAR
1001
ACAD
1010
0
1020
0
1030
0
0
HATCH
5
d44
100
AcDbEntity
8
BottomLayer
100
AcDbHatch
10
0
20
0
30
0
210
0
220
0
230
1
2
SOLID
70
1
71
0
91
1
92
7
72
0
73
1
93
4
10
-1.8321082042164107
20
-21.3384709169419
10
-1.8321082042164107
20
-20.063472186944523
10
-2.4271069342137253
20
-20.3259715519431
10
-2.4271069342137253
20
-21.075971551943212
97
1
330

75
0
76
1
47
0.4128176842155181
98
1
10
34.90568961886538
20
22.81183545379326
450
0
451
0
460
0
461
0
452
1
462
1
453
2
463
0
63
5
421
255
463
1
63
7
421
16777215
470
LINEAR
1001
ACAD
1010
0
1020
0
1030
0
0
HATCH
5
d46
100
AcDbEntity
8
BottomLayer
100
AcDbHatch
10
0
20
0
30
0
210
0
220
0
230
1
2
SOLID
70
1
71
0
91
1
92
7
72
0
73
1
93
4
10
4.331427482855133
20
14.056855473710925
10
5.994767589535286
20
13.7115214630428
10
6.922006604013404
20
15.18185674371341
10
5.862204724409594
20
15.18185674371341
97
1
330

75
0
76
1
47
0.4128176842155181
98
1
10
34.90568961886538
20
22.81183545379326
450
0
451
0
460
0
461
0
452
1
462
1
453
2
463
0
63
5
421
255
463
1
63
7
421
16777215
470
LINEAR
1001
ACAD
1010
0
1020
0
1030
0
0
HATCH
5
d48
100
AcDbEntity
8
BottomLayer
100
AcDbHatch
10
0
20
0
30
0
210
0
220
0
230
1
2
SOLID
70
1
71
0
91
1
92
7
72
0
73
1
93
4
10
-8.82856997713975
20
3.4754000507999763
10
-8.82856997713975
20
2.675384810769515
10
-9.357406654813076
20
2.7004241808483584
10
-9.357406654813076
20
3.4504241808482448
97
1
330

75
0
76
1
47
0.4128176842155181
98
1
10
34.90568961886538
20
22.81183545379326
450
0
451
0
460
0
461
0
452
1
462
1
453
2
463
0
63
5
421
255
463
1
63
7
421
16777215
470
LINEAR
1001
ACAD
1010
0
1020
0
1030
0
0
HATCH
5
d4a
100
AcDbEntity
8
BottomLayer
100
AcDbHatch
10
0
20
0
30
0
210
0
220
0
230
1
2
SOLID
70
1
71
0
91
1
92
7
72
0
73
1
93
4
10
-13.546865633731159
20
5.61759969519926
10
-13.546865633731159
20
7.378366776733401
10
-12.421864363728673
20
5.8461976123951445
10
-12.421864363728673
20
4.78553721107437
97
1
330

75
0
76
1
47
0.4128176842155181
98
1
10
34.90568961886538
20
22.81183545379326
450
0
451
0
460
0
461
0
452
1
462
1
453
2
463
0
63
5
421
255
463
1
63
7
421
16777215
470
LINEAR
1001
ACAD
1010
0
1020
0
1030
0
0
HATCH
5
d4c
100
AcDbEntity
8
BottomLayer
100
AcDbHatch
10
0
20
0
30
0
210
0
220
0
230
1
2
SOLID
70
1
71
0
91
1
92
7
72
0
73
1
93
4
10
-13.544066548132946
20
3.966306832613668
10
-14.568087376174617
20
3.0866014732029043
10
-13.930815341630478
20
2.803515367030741
10
-13.36028194056371
20
3.293642367284633
97
1
330

75
0
76
1
47
0.4128176842155181
98
1
10
34.90568961886538
20
22.81183545379326
450
0
451
0
460
0
461
0
452
1
462
1
453
2
463
0
63
5
421
255
463
1
63
7
421
16777215
470
LINEAR
1001
ACAD
1010
0
1020
0
1030
0
0
HATCH
5
d4e
100
AcDbEntity
8
BottomLayer
100
AcDbHatch
10
0
20
0
30
0
210
0
220
0
230
1
2
SOLID
70
1
71
0
91
1
92
7
72
0
73
1
93
4
10
-12.735811531622971
20
0.8826212852424078
10
-12.735811531622971
20
1.9875488950976887
10
-13.860812801625457
20
1.8111404622808323
10
-13.860812801625457
20
1.0611404622808323
97
1
330

75
0
76
1
47
0.4128176842155181
98
1
10
34.90568961886538
20
22.81183545379326
450
0
451
0
460
0
461
0
452
1
462
1
453
2
463
0
63
5
421
255
463
1
63
7
421
16777215
470
LINEAR
1001
ACAD
1010
0
1020
0
1030
0
0
HATCH
5
d50
100
AcDbEntity
8
BottomLayer
100
AcDbHatch
10
0
20
0
30
0
210
0
220
0
230
1
2
SOLID
70
1
71
0
91
1
92
7
72
0
73
1
93
4
10
-12.113462026923912
20
1.9875488950976887
10
-12.735811531622971
20
0.8826212852424078
10
-11.78904495808979
20
0.2711480822961221
10
-11.406880873761565
20
0.9496443992887862
97
1
330

75
0
76
1
47
0.4128176842155181
98
1
10
34.90568961886538
20
22.81183545379326
450
0
451
0
460
0
461
0
452
1
462
1
453
2
463
0
63
5
421
255
463
1
63
7
421
16777215
470
LINEAR
1001
ACAD
1010
0
1020
0
1030
0
0
HATCH
5
d52
100
AcDbEntity
8
BottomLayer
100
AcDbHatch
10
0
20
0
30
0
210
0
220
0
230
1
2
SOLID
70
1
71
0
91
1
92
7
72
0
73
1
93
4
10
-8.82856997713975
20
1.2754051308100998
10
-7.928529337058535
20
1.2754051308100998
10
-8.003487426974743
20
0.7904724409447681
10
-8.753487426974743
20
0.7904724409447681
97
1
330

75
0
76
1
47
0.4128176842155181
98
1
10
34.90568961886538
20
22.81183545379326
450
0
451
0
460
0
461
0
452
1
462
1
453
2
463
0
63
5
421
255
463
1
63
7
421
16777215
470
LINEAR
1001
ACAD
1010
0
1020
0
1030
0
0
HATCH
5
d54
100
AcDbEntity
8
TopLayer
100
AcDbHatch
10
0
20
0
30
0
210
0
220
0
230
1
2
SOLID
70
1
71
0
91
1
92
7
72
0
73
1
93
4
10
-2.9900304800607955
20
11.09504191008375
10
-2.9900304800607955
20
11.894996189992298
10
-3.2128397256792596
20
11.870017780035482
10
-3.2128397256792596
20
11.120017780035482
97
1
330

75
0
76
1
47
0.4128176842155181
98
1
10
34.90568961886538
20
22.81183545379326
450
0
451
0
460
0
461
0
452
1
462
1
453
2
463
0
63
5
421
255
463
1
63
7
421
16777215
470
LINEAR
1001
ACAD
1010
0
1020
0
1030
0
0
HATCH
5
d56
100
AcDbEntity
8
TopLayer
100
AcDbHatch
10
0
20
0
30
0
210
0
220
0
230
1
2
SOLID
70
1
71
0
91
1
92
7
72
0
73
1
93
4
10
-0.6839979679957651
20
9.490919481838887
10
-1.2159334518667038
20
10.562918465836901
10
-1.9652146304290454
20
9.541968503936914
10
-1.613451866903688
20
8.833070866141611
97
1
330

75
0
76
1
47
0.4128176842155181
98
1
10
34.90568961886538
20
22.81183545379326
450
0
451
0
460
0
461
0
452
1
462
1
453
2
463
0
63
5
421
255
463
1
63
7
421
16777215
470
LINEAR
1001
ACAD
1010
0
1020
0
1030
0
0
HATCH
5
d58
100
AcDbEntity
8
TopLayer
100
AcDbHatch
10
0
20
0
30
0
210
0
220
0
230
1
2
SOLID
70
1
71
0
91
1
92
7
72
0
73
1
93
4
10
-14.754173228346417
20
-3.480035560071201
10
-13.947708915417707
20
-3.480035560071201
10
-13.975849631699134
20
-4.2430911861824825
10
-14.725849631699134
20
-4.2430911861824825
97
1
330

75
0
76
1
47
0.4128176842155181
98
1
10
34.90568961886538
20
22.81183545379326
450
0
451
0
460
0
461
0
452
1
462
1
453
2
463
0
63
5
421
255
463
1
63
7
421
16777215
470
LINEAR
1001
ACAD
1010
0
1020
0
1030
0
0
HATCH
5
d5a
100
AcDbEntity
8
TopLayer
100
AcDbHatch
10
0
20
0
30
0
210
0
220
0
230
1
2
SOLID
70
1
71
0
91
1
92
7
72
0
73
1
93
4
10
-7.7500609601218
20
4.999898399796734
10
-7.7500609601218
20
3.99989585979165
10
-7.287142494285035
20
4.124836169672221
10
-7.287142494285035
20
4.874836169672221
97
1
330

75
0
76
1
47
0.4128176842155181
98
1
10
34.90568961886538
20
22.81183545379326
450
0
451
0
460
0
461
0
452
1
462
1
453
2
463
0
63
5
421
255
463
1
63
7
421
16777215
470
LINEAR
1001
ACAD
1010
0
1020
0
1030
0
0
HATCH
5
d5c
100
AcDbEntity
8
TopLayer
100
AcDbHatch
10
0
20
0
30
0
210
0
220
0
230
1
2
SOLID
70
1
71
0
91
1
92
7
72
0
73
1
93
4
10
-17.267988315976595
20
7.760040640081115
10
-16.468031496062963
20
8.576449072898072
10
-16.224566929133744
20
8.062781305562453
10
-16.749471678943223
20
7.527081534162903
97
1
330

75
0
76
1
47
0.4128176842155181
98
1
10
34.90568961886538
20
22.81183545379326
450
0
451
0
460
0
461
0
452
1
462
1
453
2
463
0
63
5
421
255
463
1
63
7
421
16777215
470
LINEAR
1001
ACAD
1010
0
1020
0
1030
0
0
HATCH
5
d5e
100
AcDbEntity
8
TopLayer
100
AcDbHatch
10
0
20
0
30
0
210
0
220
0
230
1
2
SOLID
70
1
71
0
91
1
92
7
72
0
73
1
93
4
10
-15.345146050291987
20
7.418422656845223
10
-15.345146050291987
20
5.61759969519926
10
-15.826047752095405
20
6.142948945897842
10
-15.826047752095405
20
6.892948945897729
97
1
330

75
0
76
1
47
0.4128176842155181
98
1
10
34.90568961886538
20
22.81183545379326
450
0
451
0
460
0
461
0
452
1
462
1
453
2
463
0
63
5
421
255
463
1
63
7
421
16777215
470
LINEAR
1001
ACAD
1010
0
1020
0
1030
0
0
HATCH
5
d60
100
AcDbEntity
8
TopLayer
100
AcDbHatch
10
0
20
0
30
0
210
0
220
0
230
1
2
SOLID
70
1
71
0
91
1
92
7
72
0
73
1
93
4
10
-19.198315976631875
20
3.7979857759713695
10
-17.648267716535315
20
3.7979857759713695
10
-18.04816611633214
20
3.9208305816611073
10
-18.79816611633214
20
3.9208305816611073
97
1
330

75
0
76
1
47
0.4128176842155181
98
1
10
34.90568961886538
20
22.81183545379326
450
0
451
0
460
0
461
0
452
1
462
1
453
2
463
0
63
5
421
255
463
1
63
7
421
16777215
470
LINEAR
1001
ACAD
1010
0
1020
0
1030
0
0
HATCH
5
d62
100
AcDbEntity
8
TopLayer
100
AcDbHatch
10
0
20
0
30
0
210
0
220
0
230
1
2
SOLID
70
1
71
0
91
1
92
7
72
0
73
1
93
4
10
-15.995527051053955
20
1.8769977139952516
10
-17.13852933705857
20
1.8769977139952516
10
-16.942034544068974
20
1.5178105156209085
10
-16.192021844043552
20
1.5178105156209085
97
1
330

75
0
76
1
47
0.4128176842155181
98
1
10
34.90568961886538
20
22.81183545379326
450
0
451
0
460
0
461
0
452
1
462
1
453
2
463
0
63
5
421
255
463
1
63
7
421
16777215
470
LINEAR
1001
ACAD
1010
0
1020
0
1030
0
0
HATCH
5
d64
100
AcDbEntity
8
TopLayer
100
AcDbHatch
10
0
20
0
30
0
210
0
220
0
230
1
2
SOLID
70
1
71
0
91
1
92
7
72
0
73
1
93
4
10
12.697663195326413
20
-5.374930149860461
10
12.697663195326413
20
-4.574853949708086
10
11.572661925323928
20
-4.600822961646031
10
11.572661925323928
20
-5.350822961646031
97
1
330

75
0
76
1
47
0.4128176842155181
98
1
10
34.90568961886538
20
22.81183545379326
450
0
451
0
460
0
461
0
452
1
462
1
453
2
463
0
63
5
421
255
463
1
63
7
421
16777215
470
LINEAR
1001
ACAD
1010
0
1020
0
1030
0
0
HATCH
5
d66
100
AcDbEntity
8
TopLayer
100
AcDbHatch
10
0
20
0
30
0
210
0
220
0
230
1
2
SOLID
70
1
71
0
91
1
92
7
72
0
73
1
93
4
10
11.226990093980248
20
-5.373815087630305
10
11.226990093980248
20
-4.567350774701708
10
12.351988823977763
20
-4.600822961646031
10
12.351988823977763
20
-5.350822961646031
97
1
330

75
0
76
1
47
0.4128176842155181
98
1
10
34.90568961886538
20
22.81183545379326
450
0
451
0
460
0
461
0
452
1
462
1
453
2
463
0
63
5
421
255
463
1
63
7
421
16777215
470
LINEAR
1001
ACAD
1010
0
1020
0
1030
0
0
HATCH
5
d68
100
AcDbEntity
8
TopLayer
100
AcDbHatch
10
0
20
0
30
0
210
0
220
0
230
1
2
SOLID
70
1
71
0
91
1
92
7
72
0
73
1
93
4
10
-9.75006604013197
20
-2.000121920243828
10
-9.75006604013197
20
-1.000119380238857
10
-10.875067310134455
20
-1.12518161036337
10
-10.875067310134455
20
-1.87518161036337
97
1
330

75
0
76
1
47
0.4128176842155181
98
1
10
34.90568961886538
20
22.81183545379326
450
0
451
0
460
0
461
0
452
1
462
1
453
2
463
0
63
5
421
255
463
1
63
7
421
16777215
470
LINEAR
1001
ACAD
1010
0
1020
0
1030
0
0
HATCH
5
d6a
100
AcDbEntity
8
TopLayer
100
AcDbHatch
10
0
20
0
30
0
210
0
220
0
230
1
2
SOLID
70
1
71
0
91
1
92
7
72
0
73
1
93
4
10
-9.75006604013197
20
2.500015240030393
10
-9.75006604013197
20
3.5000177800354777
10
-10.105207010413778
20
3.389776479552893
10
-10.105207010413778
20
2.639776479552779
97
1
330

75
0
76
1
47
0.4128176842155181
98
1
10
34.90568961886538
20
22.81183545379326
450
0
451
0
460
0
461
0
452
1
462
1
453
2
463
0
63
5
421
255
463
1
63
7
421
16777215
470
LINEAR
1001
ACAD
1010
0
1020
0
1030
0
0
HATCH
5
d6c
100
AcDbEntity
8
TopLayer
100
AcDbHatch
10
0
20
0
30
0
210
0
220
0
230
1
2
SOLID
70
1
71
0
91
1
92
7
72
0
73
1
93
4
10
-14.252994665989263
20
12.484203708407335
10
-15.943002286004457
20
12.118981457962832
10
-14.334554229108448
20
11.31560579121151
10
-13.462382524764848
20
11.504086868173658
97
1
330

75
0
76
1
47
0.4128176842155181
98
1
10
34.90568961886538
20
22.81183545379326
450
0
451
0
460
0
461
0
452
1
462
1
453
2
463
0
63
5
421
255
463
1
63
7
421
16777215
470
LINEAR
1001
ACAD
1010
0
1020
0
1030
0
0
HATCH
5
d6e
100
AcDbEntity
8
TopLayer
100
AcDbHatch
10
0
20
0
30
0
210
0
220
0
230
1
2
SOLID
70
1
71
0
91
1
92
7
72
0
73
1
93
4
10
-2.988790957581841
20
11.894622809245448
10
-2.0896189992379277
20
11.894622809245448
10
-2.164206248412256
20
11.95681991363972
10
-2.914206248412256
20
11.95681991363972
97
1
330

75
0
76
1
47
0.4128176842155181
98
1
10
34.90568961886538
20
22.81183545379326
450
0
451
0
460
0
461
0
452
1
462
1
453
2
463
0
63
5
421
255
463
1
63
7
421
16777215
470
LINEAR
1001
ACAD
1010
0
1020
0
1030
0
0
HATCH
5
d70
100
AcDbEntity
8
TopLayer
100
AcDbHatch
10
0
20
0
30
0
210
0
220
0
230
1
2
SOLID
70
1
71
0
91
1
92
7
72
0
73
1
93
4
10
-1.2159334518667038
20
11.789141478282886
10
-1.2159334518667038
20
12.8611404622809
10
-2.17209550419102
20
12.698930657861183
10
-2.17209550419102
20
11.948930657861183
97
1
330

75
0
76
1
47
0.4128176842155181
98
1
10
34.90568961886538
20
22.81183545379326
450
0
451
0
460
0
461
0
452
1
462
1
453
2
463
0
63
5
421
255
463
1
63
7
421
16777215
470
LINEAR
1001
ACAD
1010
0
1020
0
1030
0
0
HATCH
5
d72
100
AcDbEntity
8
BottomSilkLayer
100
AcDbHatch
10
0
20
0
30
0
210
0
220
0
230
1
2
SOLID
70
1
71
0
91
1
92
7
72
0
73
1
93
4
10
-6.2411226822453045
20
4.681407162814253
10
-6.64772669545323
20
4.680086360172595
10
-6.643205486410807
20
4.220548641097139
10
-6.2411226822453045
20
4.224206248412315
97
1
330

75
0
76
1
47
0.4128176842155181
98
1
10
34.90568961886538
20
22.81183545379326
450
0
451
0
460
0
461
0
452
1
462
1
453
2
463
0
63
5
421
255
463
1
63
7
421
16777215
470
LINEAR
1001
ACAD
1010
0
1020
0
1030
0
0
HATCH
5
d74
100
AcDbEntity
8
BottomSilkLayer
100
AcDbHatch
10
0
20
0
30
0
210
0
220
0
230
1
2
SOLID
70
1
71
0
91
1
92
7
72
0
73
1
93
4
10
-8.8394970789941
20
4.689636779273542
10
-9.246101092202025
20
4.688315976631884
10
-9.241579883159602
20
4.228778257556428
10
-8.8394970789941
20
4.232435864871604
97
1
330

75
0
76
1
47
0.4128176842155181
98
1
10
34.90568961886538
20
22.81183545379326
450
0
451
0
460
0
461
0
452
1
462
1
453
2
463
0
63
5
421
255
463
1
63
7
421
16777215
470
LINEAR
1001
ACAD
1010
0
1020
0
1030
0
0
HATCH
5
d76
100
AcDbEntity
8
Document
100
AcDbHatch
10
0
20
0
30
0
210
0
220
0
230
1
2
SOLID
70
1
71
0
91
1
92
7
72
0
73
1
93
4
10
-7.844780289560504
20
4.88392176784339
10
-7.642291084582212
20
4.88392176784339
10
-7.642291084582212
20
5.693929387858702
10
-7.844780289560504
20
5.693929387858702
97
1
330

75
0
76
1
47
0.4128176842155181
98
1
10
34.90568961886538
20
22.81183545379326
450
0
451
0
460
0
461
0
452
1
462
1
453
2
463
0
63
5
421
255
463
1
63
7
421
16777215
470
LINEAR
1001
ACAD
1010
0
1020
0
1030
0
0
HATCH
5
d78
100
AcDbEntity
8
Document
100
AcDbHatch
10
0
20
0
30
0
210
0
220
0
230
1
2
SOLID
70
1
71
0
91
1
92
7
72
0
73
1
93
4
10
-7.833528067056022
20
9.491414782829452
10
-7.63103886207773
20
9.491414782829452
10
-7.63103886207773
20
8.681407162814253
10
-7.833528067056022
20
8.681407162814253
97
1
330

75
0
76
1
47
0.4128176842155181
98
1
10
34.90568961886538
20
22.81183545379326
450
0
451
0
460
0
461
0
452
1
462
1
453
2
463
0
63
5
421
255
463
1
63
7
421
16777215
470
LINEAR
1001
ACAD
1010
0
1020
0
1030
0
0
HATCH
5
d7a
100
AcDbEntity
8
Document
100
AcDbHatch
10
0
20
0
30
0
210
0
220
0
230
1
2
SOLID
70
1
71
0
91
1
92
7
72
0
73
1
93
4
10
-8.41854203708408
20
9.215163830327583
10
-7.068529337058635
20
9.215163830327583
10
-7.068529337058635
20
9.012674625349177
10
-8.41854203708408
20
9.012674625349177
97
1
330

75
0
76
1
47
0.4128176842155181
98
1
10
34.90568961886538
20
22.81183545379326
450
0
451
0
460
0
461
0
452
1
462
1
453
2
463
0
63
5
421
255
463
1
63
7
421
16777215
470
LINEAR
1001
ACAD
1010
0
1020
0
1030
0
0
HATCH
5
d7c
100
AcDbEntity
8
Document
100
AcDbHatch
10
0
20
0
30
0
210
0
220
0
230
1
2
SOLID
70
1
71
0
91
1
92
7
72
0
73
1
93
4
10
-3.662077724155324
20
1.328625857251609
10
-3.1220726441451916
20
1.328625857251609
10
-3.1220726441451916
20
1.4586233172466336
10
-3.662077724155324
20
1.4586233172466336
97
1
330

75
0
76
1
47
0.4128176842155181
98
1
10
34.90568961886538
20
22.81183545379326
450
0
451
0
460
0
461
0
452
1
462
1
453
2
463
0
63
5
421
255
463
1
63
7
421
16777215
470
LINEAR
1001
ACAD
1010
0
1020
0
1030
0
0
HATCH
5
d7e
100
AcDbEntity
8
Document
100
AcDbHatch
10
0
20
0
30
0
210
0
220
0
230
1
2
SOLID
70
1
71
0
91
1
92
7
72
0
73
1
93
4
10
-3.4564389128777293
20
1.6640843281686557
10
-3.4564389128777293
20
1.1240792481584094
10
-3.326466852933663
20
1.1240792481584094
10
-3.326466852933663
20
1.6640843281686557
97
1
330

75
0
76
1
47
0.4128176842155181
98
1
10
34.90568961886538
20
22.81183545379326
450
0
451
0
460
0
461
0
452
1
462
1
453
2
463
0
63
5
421
255
463
1
63
7
421
16777215
470
LINEAR
1001
ACAD
1010
0
1020
0
1030
0
0
HATCH
5
d80
100
AcDbEntity
8
Document
100
AcDbHatch
10
0
20
0
30
0
210
0
220
0
230
1
2
SOLID
70
1
71
0
91
1
92
7
72
0
73
1
93
4
10
-5.261010922021796
20
1.3354838709676642
10
-4.7210058420114365
20
1.3354838709676642
10
-4.7210058420114365
20
1.4654813309624615
10
-5.261010922021796
20
1.4654813309624615
97
1
330

75
0
76
1
47
0.4128176842155181
98
1
10
34.90568961886538
20
22.81183545379326
450
0
451
0
460
0
461
0
452
1
462
1
453
2
463
0
63
5
421
255
463
1
63
7
421
16777215
470
LINEAR
1001
ACAD
1010
0
1020
0
1030
0
0
HATCH
5
d82
100
AcDbEntity
8
BottomPasteMaskLayer
100
AcDbHatch
10
0
20
0
30
0
210
0
220
0
230
1
2
SOLID
70
1
71
0
91
1
92
7
72
0
73
1
93
12
10
-13.533528067055954
20
8.021437642875185
10
-14.333528067056022
20
8.021437642875185
10
-14.3835407670814
20
8.071450342900562
10
-14.3835407670814
20
8.299415798831546
10
-14.013538227076424
20
8.299415798831546
10
-14.013538227076424
20
8.62941325882639
10
-14.3835407670814
20
8.62941325882639
10
-14.3835407670814
20
8.87145034290063
10
-14.333528067056022
20
8.921437642875162
10
-13.533528067055954
20
8.921437642875162
10
-13.483540767081422
20
8.87145034290063
10
-13.483540767081422
20
8.071450342900562
97
1
330

75
0
76
1
47
0.4128176842155181
98
1
10
34.90568961886538
20
22.81183545379326
450
0
451
0
460
0
461
0
452
1
462
1
453
2
463
0
63
5
421
255
463
1
63
7
421
16777215
470
LINEAR
1001
ACAD
1010
0
1020
0
1030
0
0
HATCH
5
d84
100
AcDbEntity
8
BottomPasteMaskLayer
100
AcDbHatch
10
0
20
0
30
0
210
0
220
0
230
1
2
SOLID
70
1
71
0
91
1
92
7
72
0
73
1
93
12
10
-15.923571247142377
20
8.921412242824431
10
-15.123571247142422
20
8.921412242824431
10
-15.073558547117045
20
8.871399542799054
10
-15.073558547117045
20
8.64343408686807
10
-15.44356108712202
20
8.64343408686807
10
-15.44356108712202
20
8.313436626873226
10
-15.073558547117045
20
8.313436626873226
10
-15.073558547117045
20
8.071399542798986
10
-15.123571247142422
20
8.02141224282434
10
-15.923571247142377
20
8.02141224282434
10
-15.973558547116909
20
8.071399542798986
10
-15.973558547116909
20
8.871399542799054
97
1
330

75
0
76
1
47
0.4128176842155181
98
1
10
34.90568961886538
20
22.81183545379326
450
0
451
0
460
0
461
0
452
1
462
1
453
2
463
0
63
5
421
255
463
1
63
7
421
16777215
470
LINEAR
1001
ACAD
1010
0
1020
0
1030
0
0
HATCH
5
d86
100
AcDbEntity
8
BottomPasteMaskLayer
100
AcDbHatch
10
0
20
0
30
0
210
0
220
0
230
1
2
SOLID
70
1
71
0
91
1
92
7
72
0
73
1
93
12
10
-2.8485394970789457
20
5.094437388874667
10
-2.8485394970789457
20
4.294437388874599
10
-2.898552197104209
20
4.244424688849222
10
-3.1265176530353074
20
4.244424688849222
10
-3.1265176530353074
20
4.614427228854424
10
-3.4565151130300364
20
4.614427228854424
10
-3.4565151130300364
20
4.244424688849222
10
-3.6985521971041635
20
4.244424688849222
10
-3.7485394970788093
20
4.294437388874599
10
-3.7485394970788093
20
5.094437388874667
10
-3.6985521971041635
20
5.144424688849313
10
-2.898552197104209
20
5.144424688849313
97
1
330

75
0
76
1
47
0.4128176842155181
98
1
10
34.90568961886538
20
22.81183545379326
450
0
451
0
460
0
461
0
452
1
462
1
453
2
463
0
63
5
421
255
463
1
63
7
421
16777215
470
LINEAR
1001
ACAD
1010
0
1020
0
1030
0
0
HATCH
5
d88
100
AcDbEntity
8
BottomPasteMaskLayer
100
AcDbHatch
10
0
20
0
30
0
210
0
220
0
230
1
2
SOLID
70
1
71
0
91
1
92
7
72
0
73
1
93
12
10
-3.7485140970279645
20
2.704394208788358
10
-3.7485140970279645
20
3.5043942087883124
10
-3.698501397002701
20
3.554406908813803
10
-3.47053594107183
20
3.554406908813803
10
-3.47053594107183
20
3.1844043688086003
10
-3.1405384810768737
20
3.1844043688086003
10
-3.1405384810768737
20
3.554406908813803
10
-2.8985013970027467
20
3.554406908813803
10
-2.848514097028101
20
3.5043942087883124
10
-2.848514097028101
20
2.704394208788358
10
-2.8985013970027467
20
2.654406908813712
10
-3.698501397002701
20
2.654406908813712
97
1
330

75
0
76
1
47
0.4128176842155181
98
1
10
34.90568961886538
20
22.81183545379326
450
0
451
0
460
0
461
0
452
1
462
1
453
2
463
0
63
5
421
255
463
1
63
7
421
16777215
470
LINEAR
1001
ACAD
1010
0
1020
0
1030
0
0
HATCH
5
d8a
100
AcDbEntity
8
BottomPasteMaskLayer
100
AcDbHatch
10
0
20
0
30
0
210
0
220
0
230
1
2
SOLID
70
1
71
0
91
1
92
7
72
0
73
1
93
12
10
1.7599441198883596
20
9.75499110998203
10
3.0399288798578255
20
9.75499110998203
10
3.089941579883316
20
9.80500381000752
10
3.089941579883316
20
10.95501651003292
10
3.0399288798578255
20
11.005003810007452
10
2.629895859791759
20
11.010033020065862
10
2.629895859791759
20
10.560020320040508
10
2.1799085598172496
20
10.560020320040508
10
2.1799085598172496
20
11.000025400050731
10
1.7599441198883596
20
11.005003810007452
10
1.709931419862869
20
10.95501651003292
10
1.709931419862869
20
9.80500381000752
97
1
330

75
0
76
1
47
0.4128176842155181
98
1
10
34.90568961886538
20
22.81183545379326
450
0
451
0
460
0
461
0
452
1
462
1
453
2
463
0
63
5
421
255
463
1
63
7
421
16777215
470
LINEAR
1001
ACAD
1010
0
1020
0
1030
0
0
HATCH
5
d8c
100
AcDbEntity
8
BottomPasteMaskLayer
100
AcDbHatch
10
0
20
0
30
0
210
0
220
0
230
1
2
SOLID
70
1
71
0
91
1
92
7
72
0
73
1
93
12
10
3.0399542799086703
20
13.164947929895789
10
1.7599695199392045
20
13.164947929895789
10
1.7099568199137138
20
13.114935229870412
10
1.7099568199137138
20
11.964922529845012
10
1.7599695199392045
20
11.914935229870366
10
2.170002540005271
20
11.909906019811956
10
2.170002540005271
20
12.359918719837424
10
2.6199898399797803
20
12.359918719837424
10
2.6199898399797803
20
11.9199136398272
10
3.0399542799086703
20
11.914935229870366
10
3.089966979934161
20
11.964922529845012
10
3.089966979934161
20
13.114935229870412
97
1
330

75
0
76
1
47
0.4128176842155181
98
1
10
34.90568961886538
20
22.81183545379326
450
0
451
0
460
0
461
0
452
1
462
1
453
2
463
0
63
5
421
255
463
1
63
7
421
16777215
470
LINEAR
1001
ACAD
1010
0
1020
0
1030
0
0
HATCH
5
d8e
100
AcDbEntity
8
Document
100
AcDbHatch
10
0
20
0
30
0
210
0
220
0
230
1
2
SOLID
70
1
71
0
91
1
92
7
72
0
73
1
93
3
10
-5.054610109219993
20
14.2494284988569
10
-5.054610109219993
20
13.690627381254671
10
-4.826009652019138
20
13.970027940055843
97
1
330

75
0
76
1
47
0.4128176842155181
98
1
10
34.90568961886538
20
22.81183545379326
450
0
451
0
460
0
461
0
452
1
462
1
453
2
463
0
63
5
421
255
463
1
63
7
421
16777215
470
LINEAR
1001
ACAD
1010
0
1020
0
1030
0
0
HATCH
5
d90
100
AcDbEntity
8
Document
100
AcDbHatch
10
0
20
0
30
0
210
0
220
0
230
1
2
SOLID
70
1
71
0
91
1
92
7
72
0
73
1
93
3
10
-4.597409194818283
20
14.2494284988569
10
-4.597409194818283
20
13.690627381254671
10
-4.826009652019138
20
13.970027940055843
97
1
330

75
0
76
1
47
0.4128176842155181
98
1
10
34.90568961886538
20
22.81183545379326
450
0
451
0
460
0
461
0
452
1
462
1
453
2
463
0
63
5
421
255
463
1
63
7
421
16777215
470
LINEAR
1001
ACAD
1010
0
1020
0
1030
0
0
HATCH
5
d92
100
AcDbEntity
8
TopSilkLayer
100
AcDbHatch
10
0
20
0
30
0
210
0
220
0
230
1
2
SOLID
70
1
71
0
91
1
92
7
72
0
73
1
93
3
10
-4.826009652019138
20
13.970027940055843
10
-4.597409194818283
20
14.2494284988569
10
-4.597409194818283
20
13.690627381254671
97
1
330

75
0
76
1
47
0.4128176842155181
98
1
10
34.90568961886538
20
22.81183545379326
450
0
451
0
460
0
461
0
452
1
462
1
453
2
463
0
63
5
421
255
463
1
63
7
421
16777215
470
LINEAR
1001
ACAD
1010
0
1020
0
1030
0
0
HATCH
5
d94
100
AcDbEntity
8
TopSilkLayer
100
AcDbHatch
10
0
20
0
30
0
210
0
220
0
230
1
2
SOLID
70
1
71
0
91
1
92
7
72
0
73
1
93
3
10
-4.826009652019138
20
13.970027940055843
10
-5.054610109219993
20
13.690627381254671
10
-5.054610109219993
20
14.2494284988569
97
1
330

75
0
76
1
47
0.4128176842155181
98
1
10
34.90568961886538
20
22.81183545379326
450
0
451
0
460
0
461
0
452
1
462
1
453
2
463
0
63
5
421
255
463
1
63
7
421
16777215
470
LINEAR
1001
ACAD
1010
0
1020
0
1030
0
0
HATCH
5
d96
100
AcDbEntity
8
Document
100
AcDbHatch
10
0
20
0
30
0
210
0
220
0
230
1
2
SOLID
70
1
71
0
91
1
92
7
72
0
73
1
93
3
10
3.911607823215718
20
10.566421132842152
10
4.470408940818061
20
10.566421132842152
10
4.191008382016889
20
10.79502159004312
97
1
330

75
0
76
1
47
0.4128176842155181
98
1
10
34.90568961886538
20
22.81183545379326
450
0
451
0
460
0
461
0
452
1
462
1
453
2
463
0
63
5
421
255
463
1
63
7
421
16777215
470
LINEAR
1001
ACAD
1010
0
1020
0
1030
0
0
HATCH
5
d98
100
AcDbEntity
8
Document
100
AcDbHatch
10
0
20
0
30
0
210
0
220
0
230
1
2
SOLID
70
1
71
0
91
1
92
7
72
0
73
1
93
3
10
3.911607823215718
20
11.023622047243975
10
4.470408940818061
20
11.023622047243975
10
4.191008382016889
20
10.79502159004312
97
1
330

75
0
76
1
47
0.4128176842155181
98
1
10
34.90568961886538
20
22.81183545379326
450
0
451
0
460
0
461
0
452
1
462
1
453
2
463
0
63
5
421
255
463
1
63
7
421
16777215
470
LINEAR
1001
ACAD
1010
0
1020
0
1030
0
0
HATCH
5
d9a
100
AcDbEntity
8
TopSilkLayer
100
AcDbHatch
10
0
20
0
30
0
210
0
220
0
230
1
2
SOLID
70
1
71
0
91
1
92
7
72
0
73
1
93
3
10
4.191008382016889
20
10.79502159004312
10
3.911607823215718
20
11.023622047243975
10
4.470408940818061
20
11.023622047243975
97
1
330

75
0
76
1
47
0.4128176842155181
98
1
10
34.90568961886538
20
22.81183545379326
450
0
451
0
460
0
461
0
452
1
462
1
453
2
463
0
63
5
421
255
463
1
63
7
421
16777215
470
LINEAR
1001
ACAD
1010
0
1020
0
1030
0
0
HATCH
5
d9c
100
AcDbEntity
8
TopSilkLayer
100
AcDbHatch
10
0
20
0
30
0
210
0
220
0
230
1
2
SOLID
70
1
71
0
91
1
92
7
72
0
73
1
93
3
10
4.191008382016889
20
10.79502159004312
10
4.470408940818061
20
10.566421132842152
10
3.911607823215718
20
10.566421132842152
97
1
330

75
0
76
1
47
0.4128176842155181
98
1
10
34.90568961886538
20
22.81183545379326
450
0
451
0
460
0
461
0
452
1
462
1
453
2
463
0
63
5
421
255
463
1
63
7
421
16777215
470
LINEAR
1001
ACAD
1010
0
1020
0
1030
0
0
HATCH
5
d9e
100
AcDbEntity
8
Document
100
AcDbHatch
10
0
20
0
30
0
210
0
220
0
230
1
2
SOLID
70
1
71
0
91
1
92
7
72
0
73
1
93
3
10
-4.216433832867551
20
9.79248158496307
10
-3.6576327152654358
20
9.79248158496307
10
-3.93703327406638
20
10.02108204216404
97
1
330

75
0
76
1
47
0.4128176842155181
98
1
10
34.90568961886538
20
22.81183545379326
450
0
451
0
460
0
461
0
452
1
462
1
453
2
463
0
63
5
421
255
463
1
63
7
421
16777215
470
LINEAR
1001
ACAD
1010
0
1020
0
1030
0
0
HATCH
5
da0
100
AcDbEntity
8
Document
100
AcDbHatch
10
0
20
0
30
0
210
0
220
0
230
1
2
SOLID
70
1
71
0
91
1
92
7
72
0
73
1
93
3
10
-4.216433832867551
20
10.249682499364894
10
-3.6576327152654358
20
10.249682499364894
10
-3.93703327406638
20
10.02108204216404
97
1
330

75
0
76
1
47
0.4128176842155181
98
1
10
34.90568961886538
20
22.81183545379326
450
0
451
0
460
0
461
0
452
1
462
1
453
2
463
0
63
5
421
255
463
1
63
7
421
16777215
470
LINEAR
1001
ACAD
1010
0
1020
0
1030
0
0
HATCH
5
da2
100
AcDbEntity
8
TopSilkLayer
100
AcDbHatch
10
0
20
0
30
0
210
0
220
0
230
1
2
SOLID
70
1
71
0
91
1
92
7
72
0
73
1
93
3
10
-3.93703327406638
20
10.02108204216404
10
-4.216433832867551
20
10.249682499364894
10
-3.6576327152654358
20
10.249682499364894
97
1
330

75
0
76
1
47
0.4128176842155181
98
1
10
34.90568961886538
20
22.81183545379326
450
0
451
0
460
0
461
0
452
1
462
1
453
2
463
0
63
5
421
255
463
1
63
7
421
16777215
470
LINEAR
1001
ACAD
1010
0
1020
0
1030
0
0
HATCH
5
da4
100
AcDbEntity
8
TopSilkLayer
100
AcDbHatch
10
0
20
0
30
0
210
0
220
0
230
1
2
SOLID
70
1
71
0
91
1
92
7
72
0
73
1
93
3
10
-3.93703327406638
20
10.02108204216404
10
-3.6576327152654358
20
9.79248158496307
10
-4.216433832867551
20
9.79248158496307
97
1
330

75
0
76
1
47
0.4128176842155181
98
1
10
34.90568961886538
20
22.81183545379326
450
0
451
0
460
0
461
0
452
1
462
1
453
2
463
0
63
5
421
255
463
1
63
7
421
16777215
470
LINEAR
1001
ACAD
1010
0
1020
0
1030
0
0
HATCH
5
da6
100
AcDbEntity
8
TopPasteMaskLayer
100
AcDbHatch
10
0
20
0
30
0
210
0
220
0
230
1
2
SOLID
70
1
71
0
91
1
92
7
72
0
73
1
93
12
10
6.672974345948887
20
18.86238252476494
10
6.672974345948887
20
19.662382524764894
10
6.622961645923397
20
19.712395224790384
10
6.394996189992526
20
19.712395224790384
10
6.394996189992526
20
19.342392684785295
10
6.064998729997569
20
19.342392684785295
10
6.064998729997569
20
19.712395224790384
10
5.822961645923215
20
19.712395224790384
10
5.772974345948796
20
19.662382524764894
10
5.772974345948796
20
18.86238252476494
10
5.822961645923215
20
18.812395224790293
10
6.622961645923397
20
18.812395224790293
97
1
330

75
0
76
1
47
0.4128176842155181
98
1
10
34.90568961886538
20
22.81183545379326
450
0
451
0
460
0
461
0
452
1
462
1
453
2
463
0
63
5
421
255
463
1
63
7
421
16777215
470
LINEAR
1001
ACAD
1010
0
1020
0
1030
0
0
HATCH
5
da8
100
AcDbEntity
8
TopPasteMaskLayer
100
AcDbHatch
10
0
20
0
30
0
210
0
220
0
230
1
2
SOLID
70
1
71
0
91
1
92
7
72
0
73
1
93
12
10
5.772999745999641
20
21.252425704851362
10
5.772999745999641
20
20.452425704851294
10
5.823012446024904
20
20.402413004825917
10
6.050977901956003
20
20.402413004825917
10
6.050977901956003
20
20.772415544831006
10
6.380975361950959
20
20.772415544831006
10
6.380975361950959
20
20.402413004825917
10
6.623012446024859
20
20.402413004825917
10
6.672999745999732
20
20.452425704851294
10
6.672999745999732
20
21.252425704851362
10
6.623012446024859
20
21.302413004826008
10
5.823012446024904
20
21.302413004826008
97
1
330

75
0
76
1
47
0.4128176842155181
98
1
10
34.90568961886538
20
22.81183545379326
450
0
451
0
460
0
461
0
452
1
462
1
453
2
463
0
63
5
421
255
463
1
63
7
421
16777215
470
LINEAR
1001
ACAD
1010
0
1020
0
1030
0
0
HATCH
5
daa
100
AcDbEntity
8
TopPasteMaskLayer
100
AcDbHatch
10
0
20
0
30
0
210
0
220
0
230
1
2
SOLID
70
1
71
0
91
1
92
7
72
0
73
1
93
12
10
-5.900025400050708
20
18.871018542037064
10
-5.900025400050708
20
19.671018542037018
10
-5.950038100076199
20
19.721031242062395
10
-6.17800355600707
20
19.721031242062395
10
-6.17800355600707
20
19.351028702057306
10
-6.5080010160020265
20
19.351028702057306
10
-6.5080010160020265
20
19.721031242062395
10
-6.750038100075926
20
19.721031242062395
10
-6.800025400050572
20
19.671018542037018
10
-6.800025400050572
20
18.871018542037064
10
-6.750038100075926
20
18.821031242062418
10
-5.950038100076199
20
18.821031242062418
97
1
330

75
0
76
1
47
0.4128176842155181
98
1
10
34.90568961886538
20
22.81183545379326
450
0
451
0
460
0
461
0
452
1
462
1
453
2
463
0
63
5
421
255
463
1
63
7
421
16777215
470
LINEAR
1001
ACAD
1010
0
1020
0
1030
0
0
HATCH
5
dac
100
AcDbEntity
8
TopPasteMaskLayer
100
AcDbHatch
10
0
20
0
30
0
210
0
220
0
230
1
2
SOLID
70
1
71
0
91
1
92
7
72
0
73
1
93
12
10
-6.7999999999999545
20
21.261061722123372
10
-6.7999999999999545
20
20.461061722123304
10
-6.749987299974464
20
20.411049022097927
10
-6.522021844043593
20
20.411049022097927
10
-6.522021844043593
20
20.78105156210313
10
-6.192024384048636
20
20.78105156210313
10
-6.192024384048636
20
20.411049022097927
10
-5.949987299974509
20
20.411049022097927
10
-5.899999999999864
20
20.461061722123304
10
-5.899999999999864
20
21.261061722123372
10
-5.949987299974509
20
21.311049022097905
10
-6.749987299974464
20
21.311049022097905
97
1
330

75
0
76
1
47
0.4128176842155181
98
1
10
34.90568961886538
20
22.81183545379326
450
0
451
0
460
0
461
0
452
1
462
1
453
2
463
0
63
5
421
255
463
1
63
7
421
16777215
470
LINEAR
1001
ACAD
1010
0
1020
0
1030
0
0
HATCH
5
dae
100
AcDbEntity
8
TopPasteMaskLayer
100
AcDbHatch
10
0
20
0
30
0
210
0
220
0
230
1
2
SOLID
70
1
71
0
91
1
92
7
72
0
73
1
93
12
10
11.245034290068588
20
-6.918872237744608
10
11.245034290068588
20
-6.11887223774454
10
11.195021590043325
20
-6.068859537719163
10
10.967056134112227
20
-6.068859537719163
10
10.967056134112227
20
-6.438862077724252
10
10.637058674117498
20
-6.438862077724252
10
10.637058674117498
20
-6.068859537719163
10
10.39502159004337
20
-6.068859537719163
10
10.345034290068725
20
-6.11887223774454
10
10.345034290068725
20
-6.918872237744608
10
10.39502159004337
20
-6.9688595377191405
10
11.195021590043325
20
-6.9688595377191405
97
1
330

75
0
76
1
47
0.4128176842155181
98
1
10
34.90568961886538
20
22.81183545379326
450
0
451
0
460
0
461
0
452
1
462
1
453
2
463
0
63
5
421
255
463
1
63
7
421
16777215
470
LINEAR
1001
ACAD
1010
0
1020
0
1030
0
0
HATCH
5
db0
100
AcDbEntity
8
TopPasteMaskLayer
100
AcDbHatch
10
0
20
0
30
0
210
0
220
0
230
1
2
SOLID
70
1
71
0
91
1
92
7
72
0
73
1
93
12
10
10.34505969011957
20
-4.5288290576582995
10
10.34505969011957
20
-5.328829057658254
10
10.39507239014506
20
-5.378841757683631
10
10.623037846075931
20
-5.378841757683631
10
10.623037846075931
20
-5.008839217678542
10
10.95303530607066
20
-5.008839217678542
10
10.95303530607066
20
-5.378841757683631
10
11.195072390145015
20
-5.378841757683631
10
11.245059690119433
20
-5.328829057658254
10
11.245059690119433
20
-4.5288290576582995
10
11.195072390145015
20
-4.478841757683654
10
10.39507239014506
20
-4.478841757683654
97
1
330

75
0
76
1
47
0.4128176842155181
98
1
10
34.90568961886538
20
22.81183545379326
450
0
451
0
460
0
461
0
452
1
462
1
453
2
463
0
63
5
421
255
463
1
63
7
421
16777215
470
LINEAR
1001
ACAD
1010
0
1020
0
1030
0
0
HATCH
5
db2
100
AcDbEntity
8
Document
100
AcDbHatch
10
0
20
0
30
0
210
0
220
0
230
1
2
SOLID
70
1
71
0
91
1
92
7
72
0
73
1
93
11
10
9.100025400050981
20
-6.6500381000762445
10
9.100025400050981
20
-13.050038100076335
10
8.950038100076199
20
-13.20002540005089
10
-8.899974599949019
20
-13.20002540005089
10
-9.099974599949064
20
-13.000025400050959
10
-9.099974599949064
20
-6.850012700025445
10
-8.899974599949019
20
-6.850012700025445
10
-8.899974599949019
20
-13.000025400050959
10
8.900025400050936
20
-13.000025400050959
10
8.900025400050936
20
-6.70002540005089
10
8.900025400050936
20
-6.6500381000762445
97
1
330

75
0
76
1
47
0.4128176842155181
98
1
10
34.90568961886538
20
22.81183545379326
450
0
451
0
460
0
461
0
452
1
462
1
453
2
463
0
63
5
421
255
463
1
63
7
421
16777215
470
LINEAR
1001
ACAD
1010
0
1020
0
1030
0
0
HATCH
5
db4
100
AcDbEntity
8
TopPasteMaskLayer
100
AcDbHatch
10
0
20
0
30
0
210
0
220
0
230
1
2
SOLID
70
1
71
0
91
1
92
7
72
0
73
1
93
8
10
-3.5000254000506175
20
16.082778765557464
10
-3.5000254000506175
20
14.78280416560824
10
-3.200025400050663
20
14.78280416560824
10
-3.199999999999818
20
14.78280416560824
10
-2.8999999999998636
20
14.78280416560824
10
-2.8999999999998636
20
16.082778765557464
10
-3.199999999999818
20
16.082778765557464
10
-3.200025400050663
20
16.082778765557464
97
1
330

75
0
76
1
47
0.4128176842155181
98
1
10
34.90568961886538
20
22.81183545379326
450
0
451
0
460
0
461
0
452
1
462
1
453
2
463
0
63
5
421
255
463
1
63
7
421
16777215
470
LINEAR
1001
ACAD
1010
0
1020
0
1030
0
0
HATCH
5
db6
100
AcDbEntity
8
TopPasteMaskLayer
100
AcDbHatch
10
0
20
0
30
0
210
0
220
0
230
1
2
SOLID
70
1
71
0
91
1
92
7
72
0
73
1
93
4
10
0.6000508001015987
20
16.08282956565904
10
0.6000508001015987
20
14.78280416560824
10
0.9000508001017806
20
14.78280416560824
10
0.9000508001017806
20
16.08282956565904
97
1
330

75
0
76
1
47
0.4128176842155181
98
1
10
34.90568961886538
20
22.81183545379326
450
0
451
0
460
0
461
0
452
1
462
1
453
2
463
0
63
5
421
255
463
1
63
7
421
16777215
470
LINEAR
1001
ACAD
1010
0
1020
0
1030
0
0
HATCH
5
db8
100
AcDbEntity
8
TopPasteMaskLayer
100
AcDbHatch
10
0
20
0
30
0
210
0
220
0
230
1
2
SOLID
70
1
71
0
91
1
92
7
72
0
73
1
93
8
10
2.899974599949246
20
16.08282956565904
10
2.899974599949246
20
14.78280416560824
10
3.1999745999492006
20
14.78280416560824
10
3.1999745999492006
20
14.782956565913082
10
3.4999491998985377
20
14.782956565913082
10
3.4999491998985377
20
16.08298196596388
10
3.199949199898583
20
16.08298196596388
10
3.199949199898583
20
16.08282956565904
97
1
330

75
0
76
1
47
0.4128176842155181
98
1
10
34.90568961886538
20
22.81183545379326
450
0
451
0
460
0
461
0
452
1
462
1
453
2
463
0
63
5
421
255
463
1
63
7
421
16777215
470
LINEAR
1001
ACAD
1010
0
1020
0
1030
0
0
HATCH
5
dba
100
AcDbEntity
8
TopPasteMaskLayer
100
AcDbHatch
10
0
20
0
30
0
210
0
220
0
230
1
2
SOLID
70
1
71
0
91
1
92
7
72
0
73
1
93
4
10
-0.3999491998984013
20
16.08282956565904
10
-0.3999491998984013
20
14.78280416560824
10
-0.09994919989821938
20
14.78280416560824
10
-0.09994919989821938
20
16.08282956565904
97
1
330

75
0
76
1
47
0.4128176842155181
98
1
10
34.90568961886538
20
22.81183545379326
450
0
451
0
460
0
461
0
452
1
462
1
453
2
463
0
63
5
421
255
463
1
63
7
421
16777215
470
LINEAR
1001
ACAD
1010
0
1020
0
1030
0
0
HATCH
5
dbc
100
AcDbEntity
8
TopPasteMaskLayer
100
AcDbHatch
10
0
20
0
30
0
210
0
220
0
230
1
2
SOLID
70
1
71
0
91
1
92
7
72
0
73
1
93
4
10
-1.900076200152398
20
16.08285496570977
10
-1.900076200152398
20
14.782829565659085
10
-1.6000762001522162
20
14.782829565659085
10
-1.6000762001522162
20
16.08285496570977
97
1
330

75
0
76
1
47
0.4128176842155181
98
1
10
34.90568961886538
20
22.81183545379326
450
0
451
0
460
0
461
0
452
1
462
1
453
2
463
0
63
5
421
255
463
1
63
7
421
16777215
470
LINEAR
1001
ACAD
1010
0
1020
0
1030
0
0
HATCH
5
dbe
100
AcDbEntity
8
TopPasteMaskLayer
100
AcDbHatch
10
0
20
0
30
0
210
0
220
0
230
1
2
SOLID
70
1
71
0
91
1
92
7
72
0
73
1
93
4
10
1.3999237998477838
20
14.782829565659085
10
1.3999237998477838
20
16.08285496570977
10
1.0999237998478293
20
16.08285496570977
10
1.0999237998478293
20
14.782829565659085
97
1
330

75
0
76
1
47
0.4128176842155181
98
1
10
34.90568961886538
20
22.81183545379326
450
0
451
0
460
0
461
0
452
1
462
1
453
2
463
0
63
5
421
255
463
1
63
7
421
16777215
470
LINEAR
1001
ACAD
1010
0
1020
0
1030
0
0
HATCH
5
dc0
100
AcDbEntity
8
TopPasteMaskLayer
100
AcDbHatch
10
0
20
0
30
0
210
0
220
0
230
1
2
SOLID
70
1
71
0
91
1
92
7
72
0
73
1
93
4
10
-1.3996951993901803
20
16.08285496570977
10
-1.3996951993901803
20
14.782829565659085
10
-1.0996951993902258
20
14.782829565659085
10
-1.0996951993902258
20
16.08285496570977
97
1
330

75
0
76
1
47
0.4128176842155181
98
1
10
34.90568961886538
20
22.81183545379326
450
0
451
0
460
0
461
0
452
1
462
1
453
2
463
0
63
5
421
255
463
1
63
7
421
16777215
470
LINEAR
1001
ACAD
1010
0
1020
0
1030
0
0
HATCH
5
dc2
100
AcDbEntity
8
TopPasteMaskLayer
100
AcDbHatch
10
0
20
0
30
0
210
0
220
0
230
1
2
SOLID
70
1
71
0
91
1
92
7
72
0
73
1
93
4
10
-0.9000762001523981
20
16.08285496570977
10
-0.9000762001523981
20
14.782829565659085
10
-0.6000762001522162
20
14.782829565659085
10
-0.6000762001522162
20
16.08285496570977
97
1
330

75
0
76
1
47
0.4128176842155181
98
1
10
34.90568961886538
20
22.81183545379326
450
0
451
0
460
0
461
0
452
1
462
1
453
2
463
0
63
5
421
255
463
1
63
7
421
16777215
470
LINEAR
1001
ACAD
1010
0
1020
0
1030
0
0
HATCH
5
dc4
100
AcDbEntity
8
TopPasteMaskLayer
100
AcDbHatch
10
0
20
0
30
0
210
0
220
0
230
1
2
SOLID
70
1
71
0
91
1
92
7
72
0
73
1
93
4
10
1.600050800101826
20
16.08285496570977
10
1.600050800101826
20
14.782829565659085
10
1.9000508001017806
20
14.782829565659085
10
1.9000508001017806
20
16.08285496570977
97
1
330

75
0
76
1
47
0.4128176842155181
98
1
10
34.90568961886538
20
22.81183545379326
450
0
451
0
460
0
461
0
452
1
462
1
453
2
463
0
63
5
421
255
463
1
63
7
421
16777215
470
LINEAR
1001
ACAD
1010
0
1020
0
1030
0
0
HATCH
5
dc6
100
AcDbEntity
8
TopPasteMaskLayer
100
AcDbHatch
10
0
20
0
30
0
210
0
220
0
230
1
2
SOLID
70
1
71
0
91
1
92
7
72
0
73
1
93
4
10
0.09992379984782929
20
16.08285496570977
10
0.09992379984782929
20
14.782829565659085
10
0.3999237998477838
20
14.782829565659085
10
0.3999237998477838
20
16.08285496570977
97
1
330

75
0
76
1
47
0.4128176842155181
98
1
10
34.90568961886538
20
22.81183545379326
450
0
451
0
460
0
461
0
452
1
462
1
453
2
463
0
63
5
421
255
463
1
63
7
421
16777215
470
LINEAR
1001
ACAD
1010
0
1020
0
1030
0
0
HATCH
5
dc8
100
AcDbEntity
8
TopPasteMaskLayer
100
AcDbHatch
10
0
20
0
30
0
210
0
220
0
230
1
2
SOLID
70
1
71
0
91
1
92
7
72
0
73
1
93
8
10
2.0999745999492916
20
16.082931165862192
10
2.0999745999492916
20
14.782956565913082
10
2.400000000000091
20
14.782956565913082
10
2.400000000000091
20
14.782981965963813
10
2.699949199898356
20
14.782981965963813
10
2.699949199898356
20
16.08295656591315
10
2.3999237998475564
20
16.08295656591315
10
2.3999237998475564
20
16.082931165862192
97
1
330

75
0
76
1
47
0.4128176842155181
98
1
10
34.90568961886538
20
22.81183545379326
450
0
451
0
460
0
461
0
452
1
462
1
453
2
463
0
63
5
421
255
463
1
63
7
421
16777215
470
LINEAR
1001
ACAD
1010
0
1020
0
1030
0
0
HATCH
5
dca
100
AcDbEntity
8
TopPasteMaskLayer
100
AcDbHatch
10
0
20
0
30
0
210
0
220
0
230
1
2
SOLID
70
1
71
0
91
1
92
7
72
0
73
1
93
128
10
4.280289560579149
20
15.202921005841858
10
4.310160020320154
20
15.201422402844742
10
4.340081280162622
20
15.201422402844742
10
4.369951739903627
20
15.202921005841858
10
4.3997205994412525
20
15.205892811785475
10
4.429311658623419
20
15.210363220726322
10
4.458623317246747
20
15.216281432562823
10
4.487630175260392
20
15.223672847345597
10
4.516205232410584
20
15.232486664973294
10
4.544323088646252
20
15.242722885445573
10
4.571882143764469
20
15.254330708661314
10
4.598856997714165
20
15.267310134620175
10
4.6251206502413424
20
15.281635763271424
10
4.650647701295384
20
15.297231394462756
10
4.675361950723982
20
15.31407162814321
10
4.69921259842522
20
15.332156464312789
10
4.722123444247018
20
15.351384302768565
10
4.744069088138303
20
15.371729743459355
10
4.764947929895925
20
15.393141986283808
10
4.78475996952011
20
15.415570231140464
10
4.803403606807251
20
15.43896367792729
10
4.820853441706959
20
15.463246126492209
10
4.83708407416816
20
15.48839217678426
10
4.852044704089394
20
15.514300228600405
10
4.865709931420042
20
15.540919481838955
10
4.878003556007343
20
15.568173736347376
10
4.888925577851296
20
15.59603759207505
10
4.898475996952129
20
15.624384048767979
10
4.906578613157308
20
15.65318770637532
10
4.913233426467059
20
15.682346964693807
10
4.918415036830083
20
15.711811023621976
10
4.922148844297908
20
15.741503683007295
10
4.924384048768161
20
15.771348742697342
10
4.925120650241524
20
15.801244602489191
10
4.925120650241524
20
16.601244602489032
10
4.924384048768161
20
16.631140462280882
10
4.922148844297908
20
16.66098552197093
10
4.918415036830083
20
16.690678181356247
10
4.913233426467059
20
16.720142240284304
10
4.906578613157308
20
16.749301498602904
10
4.898475996952129
20
16.778105156210245
10
4.888925577851296
20
16.806451612903174
10
4.878003556007343
20
16.834315468630848
10
4.865709931420042
20
16.861569723139382
10
4.852044704089394
20
16.88818897637782
10
4.83708407416816
20
16.914097028193964
10
4.820853441706959
20
16.939243078486015
10
4.803403606807251
20
16.963525527050933
10
4.78475996952011
20
16.986918973837874
10
4.764947929895925
20
17.009347218694415
10
4.744069088138303
20
17.03075946151887
10
4.722123444247018
20
17.051104902209772
10
4.69921259842522
20
17.070332740665435
10
4.675361950723982
20
17.088417576835013
10
4.650647701295384
20
17.105257810515468
10
4.6251206502413424
20
17.1208534417068
10
4.598856997714165
20
17.13517907035805
10
4.571882143764469
20
17.14815849631691
10
4.544323088646252
20
17.159766319532537
10
4.516205232410584
20
17.17000254000493
10
4.487630175260392
20
17.178816357632627
10
4.458623317246747
20
17.186207772415514
10
4.429311658623419
20
17.192125984251902
10
4.3997205994412525
20
17.19659639319275
10
4.369951739903627
20
17.199568199136365
10
4.340081280162622
20
17.201066802133482
10
4.310160020320154
20
17.201066802133482
10
4.280289560579149
20
17.199568199136365
10
4.250520701041523
20
17.19659639319275
10
4.220929641859357
20
17.192125984251902
10
4.1916179832360285
20
17.186207772415514
10
4.162611125222384
20
17.178816357632627
10
4.1340360680721915
20
17.17000254000493
10
4.105918211836524
20
17.159766319532537
10
4.078359156718307
20
17.14815849631691
10
4.051384302768611
20
17.13517907035805
10
4.025120650241433
20
17.1208534417068
10
3.9995935991871647
20
17.105257810515468
10
3.974879349758794
20
17.088417576835013
10
3.951028702057556
20
17.070332740665435
10
3.928117856235758
20
17.051104902209772
10
3.9061722123444724
20
17.03075946151887
10
3.885293370586851
20
17.009347218694415
10
3.865481330962666
20
16.986918973837874
10
3.846837693675525
20
16.963525527050933
10
3.829387858775817
20
16.939243078486015
10
3.8131572263146154
20
16.914097028193964
10
3.7981965963933817
20
16.88818897637782
10
3.784531369062961
20
16.861569723139382
10
3.7722377444756603
20
16.834315468630848
10
3.7613157226314797
20
16.806451612903174
10
3.7517653035306466
20
16.778105156210245
10
3.743662687325468
20
16.749301498602904
10
3.7370078740159443
20
16.720142240284304
10
3.7318262636526924
20
16.690678181356247
10
3.728092456185095
20
16.66098552197093
10
3.725857251714615
20
16.631140462280882
10
3.725120650241479
20
16.601244602489032
10
3.725120650241479
20
15.801244602489191
10
3.725857251714615
20
15.771348742697342
10
3.728092456185095
20
15.741503683007295
10
3.7318262636526924
20
15.711811023621976
10
3.7370078740159443
20
15.682346964693807
10
3.743662687325468
20
15.65318770637532
10
3.7517653035306466
20
15.624384048767979
10
3.7613157226314797
20
15.59603759207505
10
3.7722377444756603
20
15.568173736347376
10
3.784531369062961
20
15.540919481838955
10
3.7981965963933817
20
15.514300228600405
10
3.8131572263146154
20
15.48839217678426
10
3.829387858775817
20
15.463246126492209
10
3.846837693675525
20
15.43896367792729
10
3.865481330962666
20
15.415570231140464
10
3.885293370586851
20
15.393141986283808
10
3.9061722123444724
20
15.371729743459355
10
3.928117856235758
20
15.351384302768565
10
3.951028702057556
20
15.332156464312789
10
3.974879349758794
20
15.31407162814321
10
3.9995935991871647
20
15.297231394462756
10
4.025120650241433
20
15.281635763271424
10
4.051384302768611
20
15.267310134620175
10
4.078359156718307
20
15.254330708661314
10
4.105918211836524
20
15.242722885445573
10
4.1340360680721915
20
15.232486664973294
10
4.162611125222384
20
15.223672847345597
10
4.1916179832360285
20
15.216281432562823
10
4.220929641859357
20
15.210363220726322
10
4.250520701041523
20
15.205892811785475
97
1
330

75
0
76
1
47
0.4128176842155181
98
1
10
34.90568961886538
20
22.81183545379326
450
0
451
0
460
0
461
0
452
1
462
1
453
2
463
0
63
5
421
255
463
1
63
7
421
16777215
470
LINEAR
1001
ACAD
1010
0
1020
0
1030
0
0
HATCH
5
dcc
100
AcDbEntity
8
TopPasteMaskLayer
100
AcDbHatch
10
0
20
0
30
0
210
0
220
0
230
1
2
SOLID
70
1
71
0
91
1
92
7
72
0
73
1
93
128
10
-4.369951739903399
20
15.202921005841858
10
-4.340081280162394
20
15.201422402844742
10
-4.310160020319927
20
15.201422402844742
10
-4.280289560578922
20
15.202921005841858
10
-4.250520701041296
20
15.205892811785475
10
-4.220929641859129
20
15.210363220726322
10
-4.191617983235801
20
15.216281432562823
10
-4.162611125222156
20
15.223672847345597
10
-4.134036068071964
20
15.232486664973294
10
-4.105918211836297
20
15.242722885445573
10
-4.078359156718079
20
15.254330708661314
10
-4.051384302768611
20
15.267310134620175
10
-4.025120650241206
20
15.281635763271424
10
-3.9995935991871647
20
15.297231394462756
10
-3.9748793497585666
20
15.31407162814321
10
-3.9510287020573287
20
15.332156464312789
10
-3.928117856235531
20
15.351384302768565
10
-3.9061722123444724
20
15.371729743459355
10
-3.8852933705866235
20
15.393141986283808
10
-3.8654813309624387
20
15.415570231140464
10
-3.8468376936752975
20
15.43896367792729
10
-3.82938785877559
20
15.463246126492209
10
-3.813157226314388
20
15.48839217678426
10
-3.798196596392927
20
15.514300228600405
10
-3.7845313690627336
20
15.540919481838955
10
-3.772237744475433
20
15.568173736347376
10
-3.7613157226312524
20
15.59603759207505
10
-3.7517653035306466
20
15.624384048767979
10
-3.7436626873252408
20
15.65318770637532
10
-3.737007874015717
20
15.682346964693807
10
-3.731826263652465
20
15.711811023621976
10
-3.728092456184868
20
15.741503683007295
10
-3.7258572517143875
20
15.771348742697342
10
-3.7251206502412515
20
15.801244602489191
10
-3.7251206502412515
20
16.601244602489032
10
-3.7258572517143875
20
16.631140462280882
10
-3.728092456184868
20
16.66098552197093
10
-3.731826263652465
20
16.690678181356247
10
-3.737007874015717
20
16.720142240284304
10
-3.7436626873252408
20
16.749301498602904
10
-3.7517653035306466
20
16.778105156210245
10
-3.7613157226312524
20
16.806451612903174
10
-3.772237744475433
20
16.834315468630848
10
-3.7845313690627336
20
16.861569723139382
10
-3.798196596392927
20
16.88818897637782
10
-3.813157226314388
20
16.914097028193964
10
-3.82938785877559
20
16.939243078486015
10
-3.8468376936752975
20
16.963525527050933
10
-3.8654813309624387
20
16.986918973837874
10
-3.8852933705866235
20
17.009347218694415
10
-3.9061722123444724
20
17.03075946151887
10
-3.928117856235531
20
17.051104902209772
10
-3.9510287020573287
20
17.070332740665435
10
-3.9748793497585666
20
17.088417576835013
10
-3.9995935991871647
20
17.105257810515468
10
-4.025120650241206
20
17.1208534417068
10
-4.051384302768611
20
17.13517907035805
10
-4.078359156718079
20
17.14815849631691
10
-4.105918211836297
20
17.159766319532537
10
-4.134036068071964
20
17.17000254000493
10
-4.162611125222156
20
17.178816357632627
10
-4.191617983235801
20
17.186207772415514
10
-4.220929641859129
20
17.192125984251902
10
-4.250520701041296
20
17.19659639319275
10
-4.280289560578922
20
17.199568199136365
10
-4.310160020319927
20
17.201066802133482
10
-4.340081280162394
20
17.201066802133482
10
-4.369951739903399
20
17.199568199136365
10
-4.399720599441025
20
17.19659639319275
10
-4.429311658623192
20
17.192125984251902
10
-4.45862331724652
20
17.186207772415514
10
-4.487630175260165
20
17.178816357632627
10
-4.516205232410357
20
17.17000254000493
10
-4.544323088646024
20
17.159766319532537
10
-4.571882143764242
20
17.14815849631691
10
-4.598856997713938
20
17.13517907035805
10
-4.6251206502413424
20
17.1208534417068
10
-4.650647701295384
20
17.105257810515468
10
-4.6753619507237545
20
17.088417576835013
10
-4.699212598424992
20
17.070332740665435
10
-4.72212344424679
20
17.051104902209772
10
-4.744069088138076
20
17.03075946151887
10
-4.764947929895698
20
17.009347218694415
10
-4.784759969519882
20
16.986918973837874
10
-4.803403606807024
20
16.963525527050933
10
-4.820853441706731
20
16.939243078486015
10
-4.83708407416816
20
16.914097028193964
10
-4.852044704089394
20
16.88818897637782
10
-4.865709931419815
20
16.861569723139382
10
-4.878003556006888
20
16.834315468630848
10
-4.888925577851069
20
16.806451612903174
10
-4.898475996951902
20
16.778105156210245
10
-4.90657861315708
20
16.749301498602904
10
-4.913233426466832
20
16.720142240284304
10
-4.918415036829856
20
16.690678181356247
10
-4.922148844297681
20
16.66098552197093
10
-4.924384048767934
20
16.631140462280882
10
-4.925120650241297
20
16.601244602489032
10
-4.925120650241297
20
15.801244602489191
10
-4.924384048767934
20
15.771348742697342
10
-4.922148844297681
20
15.741503683007295
10
-4.918415036829856
20
15.711811023621976
10
-4.913233426466832
20
15.682346964693807
10
-4.90657861315708
20
15.65318770637532
10
-4.898475996951902
20
15.624384048767979
10
-4.888925577851069
20
15.59603759207505
10
-4.878003556006888
20
15.568173736347376
10
-4.865709931419815
20
15.540919481838955
10
-4.852044704089394
20
15.514300228600405
10
-4.83708407416816
20
15.48839217678426
10
-4.820853441706731
20
15.463246126492209
10
-4.803403606807024
20
15.43896367792729
10
-4.784759969519882
20
15.415570231140464
10
-4.764947929895698
20
15.393141986283808
10
-4.744069088138076
20
15.371729743459355
10
-4.72212344424679
20
15.351384302768565
10
-4.699212598424992
20
15.332156464312789
10
-4.6753619507237545
20
15.31407162814321
10
-4.650647701295384
20
15.297231394462756
10
-4.6251206502413424
20
15.281635763271424
10
-4.598856997713938
20
15.267310134620175
10
-4.571882143764242
20
15.254330708661314
10
-4.544323088646024
20
15.242722885445573
10
-4.516205232410357
20
15.232486664973294
10
-4.487630175260165
20
15.223672847345597
10
-4.45862331724652
20
15.216281432562823
10
-4.429311658623192
20
15.210363220726322
10
-4.399720599441025
20
15.205892811785475
97
1
330

75
0
76
1
47
0.4128176842155181
98
1
10
34.90568961886538
20
22.81183545379326
450
0
451
0
460
0
461
0
452
1
462
1
453
2
463
0
63
5
421
255
463
1
63
7
421
16777215
470
LINEAR
1001
ACAD
1010
0
1020
0
1030
0
0
HATCH
5
dce
100
AcDbEntity
8
TopPasteMaskLayer
100
AcDbHatch
10
0
20
0
30
0
210
0
220
0
230
1
2
SOLID
70
1
71
0
91
1
92
7
72
0
73
1
93
128
10
4.340081280162622
20
19.481330962661787
10
4.369951739903627
20
19.48282956565913
10
4.3997205994412525
20
19.485801371602747
10
4.429311658623419
20
19.49027178054348
10
4.458623317246747
20
19.496189992379982
10
4.487630175260392
20
19.503581407162642
10
4.516205232410584
20
19.51239522479034
10
4.544323088646252
20
19.522631445262846
10
4.571882143764469
20
19.53423926847836
10
4.598856997714165
20
19.547218694437333
10
4.6251206502413424
20
19.56154432308847
10
4.650647701295384
20
19.5771399542798
10
4.675361950723982
20
19.593980187960256
10
4.69921259842522
20
19.61206502413006
10
4.722123444247018
20
19.63129286258561
10
4.744069088138303
20
19.651638303276513
10
4.764947929895925
20
19.67305054610108
10
4.78475996952011
20
19.69547879095751
10
4.803403606807251
20
19.718872237744336
10
4.820853441706959
20
19.743154686309254
10
4.83708407416816
20
19.768300736601418
10
4.852044704089394
20
19.79420878841745
10
4.865709931420042
20
19.820828041656
10
4.878003556007343
20
19.84808229616442
10
4.888925577851296
20
19.87594615189232
10
4.898475996952129
20
19.904292608585138
10
4.906578613157308
20
19.93309626619248
10
4.913233426467059
20
19.962255524510965
10
4.918415036830083
20
19.99171958343902
10
4.922148844297908
20
20.02141224282434
10
4.924384048768161
20
20.051257302514614
10
4.925120650241524
20
20.081153162306236
10
4.925120650241524
20
20.68115316230626
10
4.924384048768161
20
20.711049022097882
10
4.922148844297908
20
20.740894081788156
10
4.918415036830083
20
20.77058674117336
10
4.913233426467059
20
20.80005080010153
10
4.906578613157308
20
20.829210058420017
10
4.898475996952129
20
20.858013716027358
10
4.888925577851296
20
20.886360172720174
10
4.878003556007343
20
20.91422402844796
10
4.865709931420042
20
20.941478282956496
10
4.852044704089394
20
20.968097536194932
10
4.83708407416816
20
20.994005588011078
10
4.820853441706959
20
21.019151638303242
10
4.803403606807251
20
21.04343408686816
10
4.78475996952011
20
21.066827533654987
10
4.764947929895925
20
21.089255778511415
10
4.744069088138303
20
21.11066802133587
10
4.722123444247018
20
21.131013462026772
10
4.69921259842522
20
21.150241300482435
10
4.675361950723982
20
21.16832613665224
10
4.650647701295384
20
21.185166370332695
10
4.6251206502413424
20
21.200762001523913
10
4.598856997714165
20
21.215087630175162
10
4.571882143764469
20
21.22806705613391
10
4.544323088646252
20
21.23967487934965
10
4.516205232410584
20
21.249911099822157
10
4.487630175260392
20
21.25872491744974
10
4.458623317246747
20
21.266116332232514
10
4.429311658623419
20
21.272034544069015
10
4.3997205994412525
20
21.27650495300975
10
4.369951739903627
20
21.279476758953365
10
4.340081280162622
20
21.280975361950595
10
4.310160020320154
20
21.280975361950595
10
4.280289560579149
20
21.279476758953365
10
4.250520701041523
20
21.27650495300975
10
4.220929641859357
20
21.272034544069015
10
4.1916179832360285
20
21.266116332232514
10
4.162611125222384
20
21.25872491744974
10
4.1340360680721915
20
21.249911099822157
10
4.105918211836524
20
21.23967487934965
10
4.078359156718307
20
21.22806705613391
10
4.051384302768611
20
21.215087630175162
10
4.025120650241433
20
21.200762001523913
10
3.9995935991871647
20
21.185166370332695
10
3.974879349758794
20
21.16832613665224
10
3.951028702057556
20
21.150241300482435
10
3.928117856235758
20
21.131013462026772
10
3.9061722123444724
20
21.11066802133587
10
3.885293370586851
20
21.089255778511415
10
3.865481330962666
20
21.066827533654987
10
3.846837693675525
20
21.04343408686816
10
3.829387858775817
20
21.019151638303242
10
3.8131572263146154
20
20.994005588011078
10
3.7981965963933817
20
20.968097536194932
10
3.784531369062961
20
20.941478282956496
10
3.7722377444756603
20
20.91422402844796
10
3.7613157226314797
20
20.886360172720174
10
3.7517653035306466
20
20.858013716027358
10
3.743662687325468
20
20.829210058420017
10
3.7370078740159443
20
20.80005080010153
10
3.7318262636526924
20
20.77058674117336
10
3.728092456185095
20
20.740894081788156
10
3.725857251714615
20
20.711049022097882
10
3.725120650241479
20
20.68115316230626
10
3.725120650241479
20
20.081153162306236
10
3.725857251714615
20
20.051257302514614
10
3.728092456185095
20
20.02141224282434
10
3.7318262636526924
20
19.99171958343902
10
3.7370078740159443
20
19.962255524510965
10
3.743662687325468
20
19.93309626619248
10
3.7517653035306466
20
19.904292608585138
10
3.7613157226314797
20
19.87594615189232
10
3.7722377444756603
20
19.84808229616442
10
3.784531369062961
20
19.820828041656
10
3.7981965963933817
20
19.79420878841745
10
3.8131572263146154
20
19.768300736601418
10
3.829387858775817
20
19.743154686309254
10
3.846837693675525
20
19.718872237744336
10
3.865481330962666
20
19.69547879095751
10
3.885293370586851
20
19.67305054610108
10
3.9061722123444724
20
19.651638303276513
10
3.928117856235758
20
19.63129286258561
10
3.951028702057556
20
19.61206502413006
10
3.974879349758794
20
19.593980187960256
10
3.9995935991871647
20
19.5771399542798
10
4.025120650241433
20
19.56154432308847
10
4.051384302768611
20
19.547218694437333
10
4.078359156718307
20
19.53423926847836
10
4.105918211836524
20
19.522631445262846
10
4.1340360680721915
20
19.51239522479034
10
4.162611125222384
20
19.503581407162642
10
4.1916179832360285
20
19.496189992379982
10
4.220929641859357
20
19.49027178054348
10
4.250520701041523
20
19.485801371602747
10
4.280289560579149
20
19.48282956565913
10
4.310160020320154
20
19.481330962661787
97
1
330

75
0
76
1
47
0.4128176842155181
98
1
10
34.90568961886538
20
22.81183545379326
450
0
451
0
460
0
461
0
452
1
462
1
453
2
463
0
63
5
421
255
463
1
63
7
421
16777215
470
LINEAR
1001
ACAD
1010
0
1020
0
1030
0
0
HATCH
5
dd0
100
AcDbEntity
8
TopPasteMaskLayer
100
AcDbHatch
10
0
20
0
30
0
210
0
220
0
230
1
2
SOLID
70
1
71
0
91
1
92
7
72
0
73
1
93
128
10
-4.369951739903399
20
19.48282956565913
10
-4.340081280162394
20
19.481330962661787
10
-4.310160020319927
20
19.481330962661787
10
-4.280289560578922
20
19.48282956565913
10
-4.250520701041296
20
19.485801371602747
10
-4.220929641859129
20
19.49027178054348
10
-4.191617983235801
20
19.496189992379982
10
-4.162611125222156
20
19.503581407162642
10
-4.134036068071964
20
19.51239522479034
10
-4.105918211836297
20
19.522631445262846
10
-4.078359156718079
20
19.53423926847836
10
-4.051384302768611
20
19.547218694437333
10
-4.025120650241206
20
19.56154432308847
10
-3.9995935991871647
20
19.5771399542798
10
-3.9748793497585666
20
19.593980187960256
10
-3.9510287020573287
20
19.61206502413006
10
-3.928117856235531
20
19.63129286258561
10
-3.9061722123444724
20
19.651638303276513
10
-3.8852933705866235
20
19.67305054610108
10
-3.8654813309624387
20
19.69547879095751
10
-3.8468376936752975
20
19.718872237744336
10
-3.82938785877559
20
19.743154686309254
10
-3.813157226314388
20
19.768300736601418
10
-3.798196596392927
20
19.79420878841745
10
-3.7845313690627336
20
19.820828041656
10
-3.772237744475433
20
19.84808229616442
10
-3.7613157226312524
20
19.87594615189232
10
-3.7517653035306466
20
19.904292608585138
10
-3.7436626873252408
20
19.93309626619248
10
-3.737007874015717
20
19.962255524510965
10
-3.731826263652465
20
19.99171958343902
10
-3.728092456184868
20
20.02141224282434
10
-3.7258572517143875
20
20.051257302514614
10
-3.7251206502412515
20
20.081153162306236
10
-3.7251206502412515
20
20.68115316230626
10
-3.7258572517143875
20
20.711049022097882
10
-3.728092456184868
20
20.740894081788156
10
-3.731826263652465
20
20.77058674117336
10
-3.737007874015717
20
20.80005080010153
10
-3.7436626873252408
20
20.829210058420017
10
-3.7517653035306466
20
20.858013716027358
10
-3.7613157226312524
20
20.886360172720174
10
-3.772237744475433
20
20.91422402844796
10
-3.7845313690627336
20
20.941478282956496
10
-3.798196596392927
20
20.968097536194932
10
-3.813157226314388
20
20.994005588011078
10
-3.82938785877559
20
21.019151638303242
10
-3.8468376936752975
20
21.04343408686816
10
-3.8654813309624387
20
21.066827533654987
10
-3.8852933705866235
20
21.089255778511415
10
-3.9061722123444724
20
21.11066802133587
10
-3.928117856235531
20
21.131013462026772
10
-3.9510287020573287
20
21.150241300482435
10
-3.9748793497585666
20
21.16832613665224
10
-3.9995935991871647
20
21.185166370332695
10
-4.025120650241206
20
21.200762001523913
10
-4.051384302768611
20
21.215087630175162
10
-4.078359156718079
20
21.22806705613391
10
-4.105918211836297
20
21.23967487934965
10
-4.134036068071964
20
21.249911099822157
10
-4.162611125222156
20
21.25872491744974
10
-4.191617983235801
20
21.266116332232514
10
-4.220929641859129
20
21.272034544069015
10
-4.250520701041296
20
21.27650495300975
10
-4.280289560578922
20
21.279476758953365
10
-4.310160020319927
20
21.280975361950595
10
-4.340081280162394
20
21.280975361950595
10
-4.369951739903399
20
21.279476758953365
10
-4.399720599441025
20
21.27650495300975
10
-4.429311658623192
20
21.272034544069015
10
-4.45862331724652
20
21.266116332232514
10
-4.487630175260165
20
21.25872491744974
10
-4.516205232410357
20
21.249911099822157
10
-4.544323088646024
20
21.23967487934965
10
-4.571882143764242
20
21.22806705613391
10
-4.598856997713938
20
21.215087630175162
10
-4.6251206502413424
20
21.200762001523913
10
-4.650647701295384
20
21.185166370332695
10
-4.6753619507237545
20
21.16832613665224
10
-4.699212598424992
20
21.150241300482435
10
-4.72212344424679
20
21.131013462026772
10
-4.744069088138076
20
21.11066802133587
10
-4.764947929895698
20
21.089255778511415
10
-4.784759969519882
20
21.066827533654987
10
-4.803403606807024
20
21.04343408686816
10
-4.820853441706731
20
21.019151638303242
10
-4.83708407416816
20
20.994005588011078
10
-4.852044704089394
20
20.968097536194932
10
-4.865709931419815
20
20.941478282956496
10
-4.878003556006888
20
20.91422402844796
10
-4.888925577851069
20
20.886360172720174
10
-4.898475996951902
20
20.858013716027358
10
-4.90657861315708
20
20.829210058420017
10
-4.913233426466832
20
20.80005080010153
10
-4.918415036829856
20
20.77058674117336
10
-4.922148844297681
20
20.740894081788156
10
-4.924384048767934
20
20.711049022097882
10
-4.925120650241297
20
20.68115316230626
10
-4.925120650241297
20
20.081153162306236
10
-4.924384048767934
20
20.051257302514614
10
-4.922148844297681
20
20.02141224282434
10
-4.918415036829856
20
19.99171958343902
10
-4.913233426466832
20
19.962255524510965
10
-4.90657861315708
20
19.93309626619248
10
-4.898475996951902
20
19.904292608585138
10
-4.888925577851069
20
19.87594615189232
10
-4.878003556006888
20
19.84808229616442
10
-4.865709931419815
20
19.820828041656
10
-4.852044704089394
20
19.79420878841745
10
-4.83708407416816
20
19.768300736601418
10
-4.820853441706731
20
19.743154686309254
10
-4.803403606807024
20
19.718872237744336
10
-4.784759969519882
20
19.69547879095751
10
-4.764947929895698
20
19.67305054610108
10
-4.744069088138076
20
19.651638303276513
10
-4.72212344424679
20
19.63129286258561
10
-4.699212598424992
20
19.61206502413006
10
-4.6753619507237545
20
19.593980187960256
10
-4.650647701295384
20
19.5771399542798
10
-4.6251206502413424
20
19.56154432308847
10
-4.598856997713938
20
19.547218694437333
10
-4.571882143764242
20
19.53423926847836
10
-4.544323088646024
20
19.522631445262846
10
-4.516205232410357
20
19.51239522479034
10
-4.487630175260165
20
19.503581407162642
10
-4.45862331724652
20
19.496189992379982
10
-4.429311658623192
20
19.49027178054348
10
-4.399720599441025
20
19.485801371602747
97
1
330

75
0
76
1
47
0.4128176842155181
98
1
10
34.90568961886538
20
22.81183545379326
450
0
451
0
460
0
461
0
452
1
462
1
453
2
463
0
63
5
421
255
463
1
63
7
421
16777215
470
LINEAR
1001
ACAD
1010
0
1020
0
1030
0
0
HATCH
5
dd2
100
AcDbEntity
8
TopPasteMaskLayer
100
AcDbHatch
10
0
20
0
30
0
210
0
220
0
230
1
2
SOLID
70
1
71
0
91
1
92
7
72
0
73
1
93
8
10
-2.7001778003555046
20
16.082778765557464
10
-2.7001778003555046
20
14.78280416560824
10
-2.40017780035555
20
14.78280416560824
10
-2.4001524003047052
20
14.78280416560824
10
-2.1001524003047507
20
14.78280416560824
10
-2.1001524003047507
20
16.082778765557464
10
-2.4001524003047052
20
16.082778765557464
10
-2.40017780035555
20
16.082778765557464
97
1
330

75
0
76
1
47
0.4128176842155181
98
1
10
34.90568961886538
20
22.81183545379326
450
0
451
0
460
0
461
0
452
1
462
1
453
2
463
0
63
5
421
255
463
1
63
7
421
16777215
470
LINEAR
1001
ACAD
1010
0
1020
0
1030
0
0
HATCH
5
dd4
100
AcDbEntity
8
TopPasteMaskLayer
100
AcDbHatch
10
0
20
0
30
0
210
0
220
0
230
1
2
SOLID
70
1
71
0
91
1
92
7
72
0
73
1
93
12
10
13.599974599949292
20
-2.744958089916281
10
14.879959359918757
20
-2.744958089916281
10
14.929972059944248
20
-2.794970789941658
10
14.929972059944248
20
-3.9449834899670577
10
14.879959359918757
20
-3.99497078994159
10
14.469926339852918
20
-4.000000000000114
10
14.469926339852918
20
-3.5499872999747595
10
14.019939039878182
20
-3.5499872999747595
10
14.019939039878182
20
-3.9899923799848693
10
13.599974599949292
20
-3.99497078994159
10
13.549961899924028
20
-3.9449834899670577
10
13.549961899924028
20
-2.794970789941658
97
1
330

75
0
76
1
47
0.4128176842155181
98
1
10
34.90568961886538
20
22.81183545379326
450
0
451
0
460
0
461
0
452
1
462
1
453
2
463
0
63
5
421
255
463
1
63
7
421
16777215
470
LINEAR
1001
ACAD
1010
0
1020
0
1030
0
0
HATCH
5
dd6
100
AcDbEntity
8
TopPasteMaskLayer
100
AcDbHatch
10
0
20
0
30
0
210
0
220
0
230
1
2
SOLID
70
1
71
0
91
1
92
7
72
0
73
1
93
12
10
13.599974599949292
20
-4.894970789941681
10
14.019939039878182
20
-4.894996189992412
10
14.019939039878182
20
-5.33997967995947
10
14.469926339852918
20
-5.33997967995947
10
14.469926339852918
20
-4.900000000000091
10
14.879959359918757
20
-4.894970789941681
10
14.929972059944248
20
-4.944983489967058
10
14.929972059944248
20
-6.094970789941726
10
14.879959359918757
20
-6.144983489967103
10
13.599974599949292
20
-6.144983489967103
10
13.549961899924028
20
-6.094970789941726
10
13.549961899924028
20
-4.944983489967058
97
1
330

75
0
76
1
47
0.4128176842155181
98
1
10
34.90568961886538
20
22.81183545379326
450
0
451
0
460
0
461
0
452
1
462
1
453
2
463
0
63
5
421
255
463
1
63
7
421
16777215
470
LINEAR
1001
ACAD
1010
0
1020
0
1030
0
0
HATCH
5
dd8
100
AcDbEntity
8
TopPasteMaskLayer
100
AcDbHatch
10
0
20
0
30
0
210
0
220
0
230
1
2
SOLID
70
1
71
0
91
1
92
7
72
0
73
1
93
12
10
11.127000254000677
20
-2.1640081280163486
10
11.127000254000677
20
-0.8840233680468828
10
11.17701295402594
20
-0.8340106680213921
10
12.327025654051567
20
-0.8340106680213921
10
12.377012954025986
20
-0.8840233680468828
10
12.382042164084396
20
-1.2940563881128355
10
11.932029464059042
20
-1.2940563881128355
10
11.932029464059042
20
-1.7440436880874586
10
12.372034544069265
20
-1.7440436880874586
10
12.377012954025986
20
-2.1640081280163486
10
12.327025654051567
20
-2.2140208280417255
10
11.17701295402594
20
-2.2140208280417255
97
1
330

75
0
76
1
47
0.4128176842155181
98
1
10
34.90568961886538
20
22.81183545379326
450
0
451
0
460
0
461
0
452
1
462
1
453
2
463
0
63
5
421
255
463
1
63
7
421
16777215
470
LINEAR
1001
ACAD
1010
0
1020
0
1030
0
0
HATCH
5
dda
100
AcDbEntity
8
TopPasteMaskLayer
100
AcDbHatch
10
0
20
0
30
0
210
0
220
0
230
1
2
SOLID
70
1
71
0
91
1
92
7
72
0
73
1
93
12
10
13.277012954026077
20
-2.1640081280163486
10
13.277038354076694
20
-1.7440436880874586
10
13.722021844043638
20
-1.7440436880874586
10
13.722021844043638
20
-1.2940563881128355
10
13.282042164084487
20
-1.2940563881128355
10
13.277012954026077
20
-0.8840233680468828
10
13.327025654051567
20
-0.8340106680213921
10
14.477012954026122
20
-0.8340106680213921
10
14.527025654051386
20
-0.8840233680468828
10
14.527025654051386
20
-2.1640081280163486
10
14.477012954026122
20
-2.2140208280417255
10
13.327025654051567
20
-2.2140208280417255
97
1
330

75
0
76
1
47
0.4128176842155181
98
1
10
34.90568961886538
20
22.81183545379326
450
0
451
0
460
0
461
0
452
1
462
1
453
2
463
0
63
5
421
255
463
1
63
7
421
16777215
470
LINEAR
1001
ACAD
1010
0
1020
0
1030
0
0
HATCH
5
ddc
100
AcDbEntity
8
Document
100
AcDbHatch
10
0
20
0
30
0
210
0
220
0
230
1
2
SOLID
70
1
71
0
91
1
92
7
72
0
73
1
93
4
10
-1.3970027940056298
20
-23.241046482092997
10
-1.3970027940056298
20
-22.987045974091984
10
1.3970027940056298
20
-22.987045974091984
10
1.3970027940056298
20
-23.241046482092997
97
1
330

75
0
76
1
47
0.4128176842155181
98
1
10
34.90568961886538
20
22.81183545379326
450
0
451
0
460
0
461
0
452
1
462
1
453
2
463
0
63
5
421
255
463
1
63
7
421
16777215
470
LINEAR
1001
ACAD
1010
0
1020
0
1030
0
0
HATCH
5
dde
100
AcDbEntity
8
Document
100
AcDbHatch
10
0
20
0
30
0
210
0
220
0
230
1
2
SOLID
70
1
71
0
91
1
92
7
72
0
73
1
93
6
10
2.413004826009683
20
-23.241046482092997
10
3.8100076200153126
20
-23.241046482092997
10
3.8100076200153126
20
-22.73304546609097
10
3.5560071120141856
20
-22.73304546609097
10
3.5560071120141856
20
-22.987045974091984
10
2.413004826009683
20
-22.987045974091984
97
1
330

75
0
76
1
47
0.4128176842155181
98
1
10
34.90568961886538
20
22.81183545379326
450
0
451
0
460
0
461
0
452
1
462
1
453
2
463
0
63
5
421
255
463
1
63
7
421
16777215
470
LINEAR
1001
ACAD
1010
0
1020
0
1030
0
0
HATCH
5
de0
100
AcDbEntity
8
Document
100
AcDbHatch
10
0
20
0
30
0
210
0
220
0
230
1
2
SOLID
70
1
71
0
91
1
92
7
72
0
73
1
93
6
10
-2.5400050800101326
20
-23.241046482092997
10
-3.810007620015085
20
-23.241046482092997
10
-3.810007620015085
20
-22.73304546609097
10
-3.5560071120141856
20
-22.73304546609097
10
-3.5560071120141856
20
-22.987045974091984
10
-2.5400050800101326
20
-22.987045974091984
97
1
330

75
0
76
1
47
0.4128176842155181
98
1
10
34.90568961886538
20
22.81183545379326
450
0
451
0
460
0
461
0
452
1
462
1
453
2
463
0
63
5
421
255
463
1
63
7
421
16777215
470
LINEAR
1001
ACAD
1010
0
1020
0
1030
0
0
HATCH
5
de2
100
AcDbEntity
8
Document
100
AcDbHatch
10
0
20
0
30
0
210
0
220
0
230
1
2
SOLID
70
1
71
0
91
1
92
7
72
0
73
1
93
8
10
-3.810007620015085
20
-21.84404368808748
10
-3.810007620015085
20
-17.14503429006868
10
3.8100076200153126
20
-17.14503429006868
10
3.8100076200153126
20
-21.84404368808748
10
3.5560071120141856
20
-21.84404368808748
10
3.5560071120141856
20
-17.399034798069692
10
-3.5560071120141856
20
-17.399034798069692
10
-3.5560071120141856
20
-21.84404368808748
97
1
330

75
0
76
1
47
0.4128176842155181
98
1
10
34.90568961886538
20
22.81183545379326
450
0
451
0
460
0
461
0
452
1
462
1
453
2
463
0
63
5
421
255
463
1
63
7
421
16777215
470
LINEAR
1001
ACAD
1010
0
1020
0
1030
0
0
HATCH
5
de4
100
AcDbEntity
8
Document
100
AcDbHatch
10
0
20
0
30
0
210
0
220
0
230
1
2
SOLID
70
1
71
0
91
1
92
7
72
0
73
1
93
4
10
21.46304292608602
20
5.059918719837242
10
21.20904241808512
20
5.059918719837242
10
21.20904241808512
20
7.8539243078485015
10
21.46304292608602
20
7.8539243078485015
97
1
330

75
0
76
1
47
0.4128176842155181
98
1
10
34.90568961886538
20
22.81183545379326
450
0
451
0
460
0
461
0
452
1
462
1
453
2
463
0
63
5
421
255
463
1
63
7
421
16777215
470
LINEAR
1001
ACAD
1010
0
1020
0
1030
0
0
HATCH
5
de6
100
AcDbEntity
8
Document
100
AcDbHatch
10
0
20
0
30
0
210
0
220
0
230
1
2
SOLID
70
1
71
0
91
1
92
7
72
0
73
1
93
6
10
21.46304292608602
20
8.869926339852555
10
21.46304292608602
20
10.26692913385807
10
20.95504191008399
20
10.26692913385807
10
20.95504191008399
20
10.012928625857057
10
21.20904241808512
20
10.012928625857057
10
21.20904241808512
20
8.869926339852555
97
1
330

75
0
76
1
47
0.4128176842155181
98
1
10
34.90568961886538
20
22.81183545379326
450
0
451
0
460
0
461
0
452
1
462
1
453
2
463
0
63
5
421
255
463
1
63
7
421
16777215
470
LINEAR
1001
ACAD
1010
0
1020
0
1030
0
0
HATCH
5
de8
100
AcDbEntity
8
Document
100
AcDbHatch
10
0
20
0
30
0
210
0
220
0
230
1
2
SOLID
70
1
71
0
91
1
92
7
72
0
73
1
93
6
10
21.46304292608602
20
3.916916433832739
10
21.46304292608602
20
2.646913893827673
10
20.95504191008399
20
2.646913893827673
10
20.95504191008399
20
2.900914401828686
10
21.20904241808512
20
2.900914401828686
10
21.20904241808512
20
3.916916433832739
97
1
330

75
0
76
1
47
0.4128176842155181
98
1
10
34.90568961886538
20
22.81183545379326
450
0
451
0
460
0
461
0
452
1
462
1
453
2
463
0
63
5
421
255
463
1
63
7
421
16777215
470
LINEAR
1001
ACAD
1010
0
1020
0
1030
0
0
HATCH
5
dea
100
AcDbEntity
8
Document
100
AcDbHatch
10
0
20
0
30
0
210
0
220
0
230
1
2
SOLID
70
1
71
0
91
1
92
7
72
0
73
1
93
8
10
20.06604013208039
20
2.646913893827673
10
15.3670307340617
20
2.646913893827673
10
15.3670307340617
20
10.26692913385807
10
20.06604013208039
20
10.26692913385807
10
20.06604013208039
20
10.012928625857057
10
15.6210312420626
20
10.012928625857057
10
15.6210312420626
20
2.900914401828686
10
20.06604013208039
20
2.900914401828686
97
1
330

75
0
76
1
47
0.4128176842155181
98
1
10
34.90568961886538
20
22.81183545379326
450
0
451
0
460
0
461
0
452
1
462
1
453
2
463
0
63
5
421
255
463
1
63
7
421
16777215
470
LINEAR
1001
ACAD
1010
0
1020
0
1030
0
0
HATCH
5
dec
100
AcDbEntity
8
TopPasteMaskLayer
100
AcDbHatch
10
0
20
0
30
0
210
0
220
0
230
1
2
SOLID
70
1
71
0
91
1
92
7
72
0
73
1
93
12
10
-16.299212598425015
20
-3.498044196088472
10
-15.49921259842506
20
-3.498044196088472
10
-15.449199898399684
20
-3.448031496063095
10
-15.449199898399684
20
-3.22006604013211
10
-15.819202438404773
20
-3.22006604013211
10
-15.819202438404773
20
-2.8900685801372674
10
-15.449199898399684
20
-2.8900685801372674
10
-15.449199898399684
20
-2.6480314960631404
10
-15.49921259842506
20
-2.5980441960884946
10
-16.299212598425015
20
-2.5980441960884946
10
-16.34919989839966
20
-2.6480314960631404
10
-16.34919989839966
20
-3.448031496063095
97
1
330

75
0
76
1
47
0.4128176842155181
98
1
10
34.90568961886538
20
22.81183545379326
450
0
451
0
460
0
461
0
452
1
462
1
453
2
463
0
63
5
421
255
463
1
63
7
421
16777215
470
LINEAR
1001
ACAD
1010
0
1020
0
1030
0
0
HATCH
5
dee
100
AcDbEntity
8
TopPasteMaskLayer
100
AcDbHatch
10
0
20
0
30
0
210
0
220
0
230
1
2
SOLID
70
1
71
0
91
1
92
7
72
0
73
1
93
12
10
-13.909169418338706
20
-2.5980695961393394
10
-14.709169418338774
20
-2.5980695961393394
10
-14.759182118364151
20
-2.6480822961647164
10
-14.759182118364151
20
-2.8760477520955874
10
-14.389179578359062
20
-2.8760477520955874
10
-14.389179578359062
20
-3.206045212090544
10
-14.759182118364151
20
-3.206045212090544
10
-14.759182118364151
20
-3.448082296164671
10
-14.709169418338774
20
-3.4980695961393167
10
-13.909169418338706
20
-3.4980695961393167
10
-13.859182118364174
20
-3.448082296164671
10
-13.859182118364174
20
-2.6480822961647164
97
1
330

75
0
76
1
47
0.4128176842155181
98
1
10
34.90568961886538
20
22.81183545379326
450
0
451
0
460
0
461
0
452
1
462
1
453
2
463
0
63
5
421
255
463
1
63
7
421
16777215
470
LINEAR
1001
ACAD
1010
0
1020
0
1030
0
0
HATCH
5
df0
100
AcDbEntity
8
Document
100
AcDbHatch
10
0
20
0
30
0
210
0
220
0
230
1
2
SOLID
70
1
71
0
91
1
92
7
72
0
73
1
93
4
10
21.46304292608602
20
-1.1430276860554613
10
21.20904241808512
20
-1.1430276860554613
10
21.20904241808512
20
-6.731038862077867
10
21.46304292608602
20
-6.731038862077867
97
1
330

75
0
76
1
47
0.4128176842155181
98
1
10
34.90568961886538
20
22.81183545379326
450
0
451
0
460
0
461
0
452
1
462
1
453
2
463
0
63
5
421
255
463
1
63
7
421
16777215
470
LINEAR
1001
ACAD
1010
0
1020
0
1030
0
0
HATCH
5
df2
100
AcDbEntity
8
Document
100
AcDbHatch
10
0
20
0
30
0
210
0
220
0
230
1
2
SOLID
70
1
71
0
91
1
92
7
72
0
73
1
93
6
10
21.46304292608602
20
0.7619761239521949
10
21.46304292608602
20
2.5399796799592878
10
20.95504191008399
20
2.5399796799592878
10
20.95504191008399
20
2.2859791719582745
10
21.20904241808512
20
2.2859791719582745
10
21.20904241808512
20
0.7619761239521949
97
1
330

75
0
76
1
47
0.4128176842155181
98
1
10
34.90568961886538
20
22.81183545379326
450
0
451
0
460
0
461
0
452
1
462
1
453
2
463
0
63
5
421
255
463
1
63
7
421
16777215
470
LINEAR
1001
ACAD
1010
0
1020
0
1030
0
0
HATCH
5
df4
100
AcDbEntity
8
Document
100
AcDbHatch
10
0
20
0
30
0
210
0
220
0
230
1
2
SOLID
70
1
71
0
91
1
92
7
72
0
73
1
93
6
10
21.46304292608602
20
-8.63604267208541
10
21.46304292608602
20
-10.160045720091489
10
20.95504191008399
20
-10.160045720091489
10
20.95504191008399
20
-9.906045212090476
10
21.20904241808512
20
-9.906045212090476
10
21.20904241808512
20
-8.63604267208541
97
1
330

75
0
76
1
47
0.4128176842155181
98
1
10
34.90568961886538
20
22.81183545379326
450
0
451
0
460
0
461
0
452
1
462
1
453
2
463
0
63
5
421
255
463
1
63
7
421
16777215
470
LINEAR
1001
ACAD
1010
0
1020
0
1030
0
0
HATCH
5
df6
100
AcDbEntity
8
Document
100
AcDbHatch
10
0
20
0
30
0
210
0
220
0
230
1
2
SOLID
70
1
71
0
91
1
92
7
72
0
73
1
93
8
10
20.06604013208039
20
-9.906045212090476
10
15.6210312420626
20
-9.906045212090476
10
15.6210312420626
20
2.2859791719582745
10
20.06604013208039
20
2.2859791719582745
10
20.06604013208039
20
2.5399796799592878
10
15.3670307340617
20
2.5399796799592878
10
15.3670307340617
20
-10.160045720091489
10
20.06604013208039
20
-10.160045720091489
97
1
330

75
0
76
1
47
0.4128176842155181
98
1
10
34.90568961886538
20
22.81183545379326
450
0
451
0
460
0
461
0
452
1
462
1
453
2
463
0
63
5
421
255
463
1
63
7
421
16777215
470
LINEAR
1001
ACAD
1010
0
1020
0
1030
0
  0
ENDSEC
  0
SECTION
  2
OBJECTS
  0
DICTIONARY
  5
C
330
0
100
AcDbDictionary
281
     1
  3
ACAD_CIP_PREVIOUS_PRODUCT_INFO
350
216
  3
ACAD_COLOR
350
6B
  3
ACAD_DETAILVIEWSTYLE
350
21B
  3
ACAD_GROUP
350
D
  3
ACAD_LAYOUT
350
1A
  3
ACAD_MATERIAL
350
6A
  3
ACAD_MLEADERSTYLE
350
12D
  3
ACAD_MLINESTYLE
350
17
  3
ACAD_PLOTSETTINGS
350
19
  3
ACAD_PLOTSTYLENAME
350
E
  3
ACAD_SCALELIST
350
10C
  3
ACAD_SECTIONVIEWSTYLE
350
219
  3
ACAD_TABLESTYLE
350
7E
  3
ACAD_VISUALSTYLE
350
EF
  3
ACDB_RECOMPOSE_DATA
350
27D
  3
AcDbVariableDictionary
350
5E
  3
AcDsDecomposeData
350
283
  0
DICTIONARY
  5
1FF
330
2
100
AcDbDictionary
280
     1
281
     1
  3
ACAD_LAYERSTATES
360
200
  0
DICTIONARY
  5
13C
330
10
100
AcDbDictionary
280
     1
281
     1
  0
DICTIONARY
  5
1CE
330
1F
100
AcDbDictionary
280
     1
281
     1
  0
XRECORD
  5
216
102
{ACAD_REACTORS
330
C
102
}
330
C
100
AcDbXrecord
280
     1
300
ACD
300
2017
300
ACD_F_S
  0
DICTIONARY
  5
6B
102
{ACAD_REACTORS
330
C
102
}
330
C
100
AcDbDictionary
281
     1
  0
DICTIONARY
  5
21B
102
{ACAD_REACTORS
330
C
102
}
330
C
100
AcDbDictionary
281
     1
  3
Metric50
350
21C
  0
DICTIONARY
  5
D
102
{ACAD_REACTORS
330
C
102
}
330
C
100
AcDbDictionary
281
     1
  0
DICTIONARY
  5
1A
102
{ACAD_REACTORS
330
C
102
}
330
C
100
AcDbDictionary
281
     1
  3
Model
350
22
  3
布局1
350
D3
  3
布局2
350
D7
  0
DICTIONARY
  5
6A
102
{ACAD_REACTORS
330
C
102
}
330
C
100
AcDbDictionary
281
     1
  3
ByBlock
350
ED
  3
ByLayer
350
EC
  3
Global
350
EE
  0
DICTIONARY
  5
12D
102
{ACAD_REACTORS
330
C
102
}
330
C
100
AcDbDictionary
281
     1
  3
Annotative
350
13B
  3
Standard
350
12E
  0
DICTIONARY
  5
17
102
{ACAD_REACTORS
330
C
102
}
330
C
100
AcDbDictionary
281
     1
  3
Standard
350
18
  0
DICTIONARY
  5
19
102
{ACAD_REACTORS
330
C
102
}
330
C
100
AcDbDictionary
281
     1
  0
ACDBDICTIONARYWDFLT
  5
E
102
{ACAD_REACTORS
330
C
102
}
330
C
100
AcDbDictionary
281
     1
  3
Normal
350
F
100
AcDbDictionaryWithDefault
340
F
  0
DICTIONARY
  5
10C
102
{ACAD_REACTORS
330
C
102
}
330
C
100
AcDbDictionary
281
     1
  3
A0
350
10D
  3
A1
350
1BE
  3
A2
350
1BF
  3
A3
350
1C0
  3
A4
350
1C1
  3
A5
350
1C2
  3
A6
350
1C3
  3
A7
350
1C4
  3
A8
350
1C5
  3
A9
350
1C6
  3
B0
350
1C7
  3
B1
350
1C8
  3
B2
350
1C9
  3
B3
350
1CA
  3
B4
350
1CB
  3
B5
350
1CC
  3
B6
350
1CD
  0
DICTIONARY
  5
219
102
{ACAD_REACTORS
330
C
102
}
330
C
100
AcDbDictionary
281
     1
  3
Metric50
350
21A
  0
DICTIONARY
  5
7E
102
{ACAD_REACTORS
330
C
102
}
330
C
100
AcDbDictionary
281
     1
  3
Standard
350
7F
  0
DICTIONARY
  5
EF
102
{ACAD_REACTORS
330
C
102
}
330
C
100
AcDbDictionary
281
     1
  3
2dWireframe
350
F5
  3
Basic
350
F4
  3
Brighten
350
FB
  3
ColorChange
350
FF
  3
Conceptual
350
F8
  3
Dim
350
FA
  3
EdgeColorOff
350
1E6
  3
Facepattern
350
FE
  3
Flat
350
F0
  3
FlatWithEdges
350
F1
  3
Gouraud
350
F2
  3
GouraudWithEdges
350
F3
  3
Hidden
350
F7
  3
JitterOff
350
1E4
  3
Linepattern
350
FD
  3
OverhangOff
350
1E5
  3
Realistic
350
F9
  3
Shaded
350
1F3
  3
Shaded with edges
350
1F2
  3
Shades of Gray
350
1EF
  3
Sketchy
350
1F0
  3
Thicken
350
FC
  3
Wireframe
350
F6
  3
X-Ray
350
1F1
  0
XRECORD
  5
27D
102
{ACAD_REACTORS
330
C
102
}
330
C
100
AcDbXrecord
280
     1
 90
        1
330
7F
  0
DICTIONARY
  5
5E
102
{ACAD_REACTORS
330
C
102
}
330
C
100
AcDbDictionary
281
     1
  3
CANNOSCALE
350
146
  3
CENTEREXE
350
259
  3
CENTERLTYPEFILE
350
25A
  3
CMLEADERSTYLE
350
145
  3
CTABLESTYLE
350
84
  3
CVIEWDETAILSTYLE
350
227
  3
CVIEWSECTIONSTYLE
350
228
  3
DIMASSOC
350
5F
  3
HIDETEXT
350
63
  3
LAYEREVAL
350
1AE
  3
LAYERNOTIFY
350
1AF
  3
XCLIPFRAME
350
27B
  0
DICTIONARY
  5
283
102
{ACAD_REACTORS
330
C
102
}
330
C
100
AcDbDictionary
281
     1
  3
AcDsRecords
350
285
  3
AcDsSchemas
350
284
1001
ACAD
1070
     2
  0
DICTIONARY
  5
200
102
{ACAD_REACTORS
330
1FF
102
}
330
1FF
100
AcDbDictionary
281
     1
  0
ACDBDETAILVIEWSTYLE
  5
21C
102
{ACAD_XDICTIONARY
360
236
102
}
102
{ACAD_REACTORS
330
21B
102
}
330
21B
100
AcDbModelDocViewStyle
 70
     0
  3
Metric50
290
     0
100
AcDbDetailViewStyle
 70
     0
 71
     0
 90
        3
 71
     1
340
11
 62
   256
 40
5.0
340
0
 62
   256
 40
5.0
300

 40
0.0
280
     1
 71
     2
340
16
 90
       25
 62
   256
 71
     3
340
11
 62
   256
 40
5.0
 90
        0
 40
15.0
 90
        1
300
%<AcVar ViewDetailId>% (%<AcVar ViewScale  "%sn">%)
 71
     4
340
16
 90
       25
 62
   256
340
16
 90
       25
 62
   256
280
     0
  0
LAYOUT
  5
22
102
{ACAD_XDICTIONARY
360
205
102
}
102
{ACAD_REACTORS
330
1A
102
}
330
1A
100
AcDbPlotSettings
  1

  2
none_device
  4
ISO_A4_(210.00_x_297.00_MM)
  6

 40
7.5
 41
20.0
 42
7.5
 43
20.0
 44
210.0
 45
297.0
 46
11.54999923706054
 47
-13.65000009536743
 48
0.0
 49
0.0
140
0.0
141
0.0
142
1.0
143
8.704084754739808
 70
 11952
 72
     1
 73
     0
 74
     0
  7

 75
     0
147
0.1148885871608098
 76
     0
 77
     2
 78
   300
148
0.0
149
0.0
100
AcDbLayout
  1
Model
 70
     1
 71
     0
 10
0.0
 20
0.0
 11
12.0
 21
9.0
 12
0.0
 22
0.0
 32
0.0
 14
0.0
 24
0.0
 34
0.0
 15
0.0
 25
0.0
 35
0.0
146
0.0
 13
0.0
 23
0.0
 33
0.0
 16
1.0
 26
0.0
 36
0.0
 17
0.0
 27
1.0
 37
0.0
 76
     0
330
1F
331
EA
1001
ACAD_PSEXT
1000
None
1000
None
1000
Not applicable
1000
The layout will not be plotted unless a new plotter configuration name is selected.
1070
     0
  0
LAYOUT
  5
D3
102
{ACAD_REACTORS
330
1A
102
}
330
1A
100
AcDbPlotSettings
  1

  2
C:Documents and SettingsasasApplication DataAutodeskAutoCAD 2005R16.1enuplottersDefault Windows System Printer.pc3
  4

  6

 40
0.0
 41
0.0
 42
0.0
 43
0.0
 44
0.0
 45
0.0
 46
0.0
 47
0.0
 48
0.0
 49
0.0
140
0.0
141
0.0
142
1.0
143
1.0
 70
   688
 72
     0
 73
     0
 74
     5
  7

 75
    16
147
1.0
 76
     0
 77
     2
 78
   300
148
0.0
149
0.0
100
AcDbLayout
  1
布局1
 70
     1
 71
     1
 10
0.0
 20
0.0
 11
12.0
 21
9.0
 12
0.0
 22
0.0
 32
0.0
 14
0.0
 24
0.0
 34
0.0
 15
0.0
 25
0.0
 35
0.0
146
0.0
 13
0.0
 23
0.0
 33
0.0
 16
1.0
 26
0.0
 36
0.0
 17
0.0
 27
1.0
 37
0.0
 76
     0
330
D2
  0
LAYOUT
  5
D7
102
{ACAD_REACTORS
330
1A
102
}
330
1A
100
AcDbPlotSettings
  1

  2
C:Documents and SettingsasasApplication DataAutodeskAutoCAD 2005R16.1enuplottersDefault Windows System Printer.pc3
  4

  6

 40
0.0
 41
0.0
 42
0.0
 43
0.0
 44
0.0
 45
0.0
 46
0.0
 47
0.0
 48
0.0
 49
0.0
140
0.0
141
0.0
142
1.0
143
1.0
 70
   688
 72
     0
 73
     0
 74
     5
  7

 75
    16
147
1.0
 76
     0
 77
     2
 78
   300
148
0.0
149
0.0
100
AcDbLayout
  1
布局2
 70
     1
 71
     2
 10
0.0
 20
0.0
 11
12.0
 21
9.0
 12
0.0
 22
0.0
 32
0.0
 14
0.0
 24
0.0
 34
0.0
 15
0.0
 25
0.0
 35
0.0
146
0.0
 13
0.0
 23
0.0
 33
0.0
 16
1.0
 26
0.0
 36
0.0
 17
0.0
 27
1.0
 37
0.0
 76
     0
330
D6
  0
MATERIAL
  5
ED
102
{ACAD_XDICTIONARY
360
1F9
102
}
102
{ACAD_REACTORS
330
6A
102
}
330
6A
100
AcDbMaterial
  1
ByBlock
 94
       63
  0
MATERIAL
  5
EC
102
{ACAD_XDICTIONARY
360
1F7
102
}
102
{ACAD_REACTORS
330
6A
102
}
330
6A
100
AcDbMaterial
  1
ByLayer
 94
       63
  0
MATERIAL
  5
EE
102
{ACAD_XDICTIONARY
360
173
102
}
102
{ACAD_REACTORS
330
6A
102
}
330
6A
100
AcDbMaterial
  1
Global
 43
0.0007999999797903
 43
0.0
 43
0.0
 43
0.0
 43
0.0
 43
0.0007999999797903
 43
0.0
 43
0.0
 43
0.0
 43
0.0
 43
1.0
 43
0.0
 43
0.0
 43
0.0
 43
0.0
 43
1.0
 49
0.0007999999797903
 49
0.0
 49
0.0
 49
0.0
 49
0.0
 49
0.0007999999797903
 49
0.0
 49
0.0
 49
0.0
 49
0.0
 49
1.0
 49
0.0
 49
0.0
 49
0.0
 49
0.0
 49
1.0
142
0.0007999999797903
142
0.0
142
0.0
142
0.0
142
0.0
142
0.0007999999797903
142
0.0
142
0.0
142
0.0
142
0.0
142
1.0
142
0.0
142
0.0
142
0.0
142
0.0
142
1.0
144
0.0007999999797903
144
0.0
144
0.0
144
0.0
144
0.0
144
0.0007999999797903
144
0.0
144
0.0
144
0.0
144
0.0
144
1.0
144
0.0
144
0.0
144
0.0
144
0.0
144
1.0
 94
       63
1001
ACAD
1070
    -1
1070
     3
1070
     0
1000

1071
        0
1070
     0
  0
MLEADERSTYLE
  5
13B
102
{ACAD_REACTORS
330
12D
102
}
330
12D
100
AcDbMLeaderStyle
170
     2
171
     1
172
     0
 90
        2
 40
0.0
 41
0.0
173
     1
 91
-1056964608
340
14
 92
       -2
290
     1
 42
2.0
291
     1
 43
8.0
  3
Standard
 44
4.0
300

342
11
174
     1
178
     1
175
     1
176
     0
 93
-1056964608
 45
4.0
292
     0
297
     0
 46
4.0
 94
-1056964608
 47
1.0
 49
1.0
140
1.0
293
     1
141
0.0
294
     1
177
     0
142
1.0
295
     0
296
     1
143
3.75
1001
ACAD_MLEADERVER
1070
     2
  0
MLEADERSTYLE
  5
12E
102
{ACAD_REACTORS
330
12D
102
}
330
12D
100
AcDbMLeaderStyle
170
     2
171
     1
172
     0
 90
        2
 40
0.0
 41
0.0
173
     1
 91
-1056964608
340
14
 92
       -2
290
     1
 42
2.0
291
     1
 43
8.0
  3
Standard
 44
4.0
300

342
11
174
     1
178
     1
175
     1
176
     0
 93
-1056964608
 45
4.0
292
     0
297
     0
 46
4.0
 94
-1056964608
 47
1.0
 49
1.0
140
1.0
293
     1
141
0.0
294
     1
177
     0
142
1.0
295
     0
296
     0
143
3.75
1001
ACAD_MLEADERVER
1070
     2
  0
MLINESTYLE
  5
18
102
{ACAD_REACTORS
330
17
102
}
330
17
100
AcDbMlineStyle
  2
STANDARD
 70
     0
  3

 62
   256
 51
90.0
 52
90.0
 71
     2
 49
0.5
 62
   256
  6
BYLAYER
 49
-0.5
 62
   256
  6
BYLAYER
  0
ACDBPLACEHOLDER
  5
F
102
{ACAD_REACTORS
330
E
102
}
330
E
  0
SCALE
  5
10D
102
{ACAD_REACTORS
330
10C
102
}
330
10C
100
AcDbScale
 70
     0
300
1:1
140
1.0
141
1.0
290
     1
  0
SCALE
  5
1BE
102
{ACAD_REACTORS
330
10C
102
}
330
10C
100
AcDbScale
 70
     0
300
1:2
140
1.0
141
2.0
290
     0
  0
SCALE
  5
1BF
102
{ACAD_REACTORS
330
10C
102
}
330
10C
100
AcDbScale
 70
     0
300
1:4
140
1.0
141
4.0
290
     0
  0
SCALE
  5
1C0
102
{ACAD_REACTORS
330
10C
102
}
330
10C
100
AcDbScale
 70
     0
300
1:5
140
1.0
141
5.0
290
     0
  0
SCALE
  5
1C1
102
{ACAD_REACTORS
330
10C
102
}
330
10C
100
AcDbScale
 70
     0
300
1:8
140
1.0
141
8.0
290
     0
  0
SCALE
  5
1C2
102
{ACAD_REACTORS
330
10C
102
}
330
10C
100
AcDbScale
 70
     0
300
1:10
140
1.0
141
10.0
290
     0
  0
SCALE
  5
1C3
102
{ACAD_REACTORS
330
10C
102
}
330
10C
100
AcDbScale
 70
     0
300
1:16
140
1.0
141
16.0
290
     0
  0
SCALE
  5
1C4
102
{ACAD_REACTORS
330
10C
102
}
330
10C
100
AcDbScale
 70
     0
300
1:20
140
1.0
141
20.0
290
     0
  0
SCALE
  5
1C5
102
{ACAD_REACTORS
330
10C
102
}
330
10C
100
AcDbScale
 70
     0
300
1:30
140
1.0
141
30.0
290
     0
  0
SCALE
  5
1C6
102
{ACAD_REACTORS
330
10C
102
}
330
10C
100
AcDbScale
 70
     0
300
1:40
140
1.0
141
40.0
290
     0
  0
SCALE
  5
1C7
102
{ACAD_REACTORS
330
10C
102
}
330
10C
100
AcDbScale
 70
     0
300
1:50
140
1.0
141
50.0
290
     0
  0
SCALE
  5
1C8
102
{ACAD_REACTORS
330
10C
102
}
330
10C
100
AcDbScale
 70
     0
300
1:100
140
1.0
141
100.0
290
     0
  0
SCALE
  5
1C9
102
{ACAD_REACTORS
330
10C
102
}
330
10C
100
AcDbScale
 70
     0
300
2:1
140
2.0
141
1.0
290
     0
  0
SCALE
  5
1CA
102
{ACAD_REACTORS
330
10C
102
}
330
10C
100
AcDbScale
 70
     0
300
4:1
140
4.0
141
1.0
290
     0
  0
SCALE
  5
1CB
102
{ACAD_REACTORS
330
10C
102
}
330
10C
100
AcDbScale
 70
     0
300
8:1
140
8.0
141
1.0
290
     0
  0
SCALE
  5
1CC
102
{ACAD_REACTORS
330
10C
102
}
330
10C
100
AcDbScale
 70
     0
300
10:1
140
10.0
141
1.0
290
     0
  0
SCALE
  5
1CD
102
{ACAD_REACTORS
330
10C
102
}
330
10C
100
AcDbScale
 70
     0
300
100:1
140
100.0
141
1.0
290
     0
  0
ACDBSECTIONVIEWSTYLE
  5
21A
102
{ACAD_XDICTIONARY
360
234
102
}
102
{ACAD_REACTORS
330
219
102
}
330
219
100
AcDbModelDocViewStyle
 70
     0
  3
Metric50
290
     0
100
AcDbSectionViewStyle
 70
     0
 71
     0
 90
      102
 71
     1
340
11
 62
   256
 40
5.0
340
0
340
0
 62
   256
 40
5.0
300
I, O, Q, S, X, Z
 40
10.0
 90
        0
 40
2.5
 90
        0
 71
     2
340
16
 90
       25
 62
   256
340
16
 90
       50
 62
   256
 40
5.0
 40
2.5
 40
5.0
 71
     3
340
11
 62
   256
 40
5.0
 90
        0
 40
15.0
 90
        1
300
%<AcVar ViewSectionStartId>%-%<AcVar ViewSectionEndId>% (%<AcVar ViewScale  "%sn">%)
 71
     4
 62
   256
 62
   257
300
ANSI31
 40
1.0
 90
        0
290
     0
290
     0
 90
        6
 40
0.0
 40
1.570796326794896
 40
0.2617993877991494
 40
1.308996938995747
 40
-0.2617993877991494
 40
1.832595714594046
  0
TABLESTYLE
  5
7F
102
{ACAD_XDICTIONARY
360
162
102
}
102
{ACAD_REACTORS
330
7E
102
}
330
7E
100
AcDbTableStyle
  3
Standard
 70
     0
 71
     0
 40
1.5
 41
1.5
280
     0
281
     0
  7
Standard
140
4.5
170
     2
 62
     0
 63
     7
283
     0
 90
      512
 91
        0
  1

274
    -2
284
     1
 64
     0
275
    -2
285
     1
 65
     0
276
    -2
286
     1
 66
     0
277
    -2
287
     1
 67
     0
278
    -2
288
     1
 68
     0
279
    -2
289
     1
 69
     0
  7
Standard
140
6.0
170
     5
 62
     0
 63
     7
283
     0
 90
      512
 91
        0
  1

274
    -2
284
     1
 64
     0
275
    -2
285
     1
 65
     0
276
    -2
286
     1
 66
     0
277
    -2
287
     1
 67
     0
278
    -2
288
     1
 68
     0
279
    -2
289
     1
 69
     0
  7
Standard
140
4.5
170
     5
 62
     0
 63
     7
283
     0
 90
      512
 91
        0
  1

274
    -2
284
     1
 64
     0
275
    -2
285
     1
 65
     0
276
    -2
286
     1
 66
     0
277
    -2
287
     1
 67
     0
278
    -2
288
     1
 68
     0
279
    -2
289
     1
 69
     0
  0
VISUALSTYLE
  5
F5
102
{ACAD_XDICTIONARY
360
290
102
}
102
{ACAD_REACTORS
330
EF
102
}
330
EF
100
AcDbVisualStyle
  2
2dWireframe
 70
     4
 71
     0
 72
     2
 73
     1
 90
        0
 40
-0.6
 41
-30.0
 62
     5
 63
     7
421
 16777215
 74
     1
 91
        4
 64
     7
 65
   257
 75
     1
175
     1
 42
1.0
 92
        0
 66
   257
 43
1.0
 76
     1
 77
     6
 78
     2
 67
     7
 79
     5
170
     0
171
     0
290
     0
174
     0
 93
        1
 44
0.0
173
     0
291
     0
 45
0.0
1001
ACAD
1000
AcDbSavedByObjectVersion
1070
     0
  0
VISUALSTYLE
  5
F4
102
{ACAD_XDICTIONARY
360
28E
102
}
102
{ACAD_REACTORS
330
EF
102
}
330
EF
100
AcDbVisualStyle
  2
Basic
 70
     7
 71
     1
 72
     0
 73
     1
 90
        0
 40
-0.6
 41
-30.0
 62
     5
 63
     7
421
 16777215
 74
     0
 91
        4
 64
     7
 65
   257
 75
     1
175
     1
 42
1.0
 92
        8
 66
     7
 43
1.0
 76
     1
 77
     6
 78
     2
 67
     7
 79
     5
170
     0
171
     0
290
     0
174
     0
 93
        1
 44
0.0
173
     0
291
     1
 45
0.0
1001
ACAD
1000
AcDbSavedByObjectVersion
1070
     0
  0
VISUALSTYLE
  5
FB
102
{ACAD_XDICTIONARY
360
29C
102
}
102
{ACAD_REACTORS
330
EF
102
}
330
EF
100
AcDbVisualStyle
  2
Brighten
 70
    12
 71
     2
 72
     2
 73
     1
 90
        0
 40
-0.6
 41
-30.0
 62
     5
 63
     7
421
 16777215
 74
     1
 91
        4
 64
     7
 65
   257
 75
     1
175
     1
 42
1.0
 92
        8
 66
     7
 43
1.0
 76
     1
 77
     6
 78
     2
 67
     7
 79
     5
170
     0
171
     0
290
     0
174
     0
 93
        1
 44
50.0
173
     0
291
     1
 45
0.0
1001
ACAD
1000
AcDbSavedByObjectVersion
1070
     0
  0
VISUALSTYLE
  5
FF
102
{ACAD_XDICTIONARY
360
2A4
102
}
102
{ACAD_REACTORS
330
EF
102
}
330
EF
100
AcDbVisualStyle
  2
ColorChange
 70
    16
 71
     2
 72
     2
 73
     3
 90
        0
 40
-0.6
 41
-30.0
 62
     5
 63
     8
421
  8421504
 74
     1
 91
        4
 64
     7
 65
   257
 75
     1
175
     1
 42
1.0
 92
        8
 66
     8
424
  8421504
 43
1.0
 76
     1
 77
     6
 78
     2
 67
     7
 79
     5
170
     0
171
     0
290
     0
174
     0
 93
        1
 44
0.0
173
     0
291
     1
 45
0.0
1001
ACAD
1000
AcDbSavedByObjectVersion
1070
     0
  0
VISUALSTYLE
  5
F8
102
{ACAD_XDICTIONARY
360
296
102
}
102
{ACAD_REACTORS
330
EF
102
}
330
EF
100
AcDbVisualStyle
  2
Conceptual
 70
     9
 71
     3
 72
     2
 73
     1
 90
        0
 40
-0.6
 41
-30.0
 62
     5
 63
     7
421
 16777215
 74
     2
 91
        2
 64
     7
 65
   257
 75
     1
175
     1
 42
40.0
 92
        8
 66
     7
 43
1.0
 76
     1
 77
     6
 78
     2
 67
     7
 79
     3
170
     0
171
     0
290
     0
174
     0
 93
        1
 44
0.0
173
     0
291
     0
 45
0.0
1001
ACAD
1000
AcDbSavedByObjectVersion
1070
     0
  0
VISUALSTYLE
  5
FA
102
{ACAD_XDICTIONARY
360
29A
102
}
102
{ACAD_REACTORS
330
EF
102
}
330
EF
100
AcDbVisualStyle
  2
Dim
 70
    11
 71
     2
 72
     2
 73
     1
 90
        0
 40
-0.6
 41
-30.0
 62
     5
 63
     7
421
 16777215
 74
     1
 91
        4
 64
     7
 65
   257
 75
     1
175
     1
 42
1.0
 92
        8
 66
     7
 43
1.0
 76
     1
 77
     6
 78
     2
 67
     7
 79
     5
170
     0
171
     0
290
     0
174
     0
 93
        1
 44
-50.0
173
     0
291
     1
 45
0.0
1001
ACAD
1000
AcDbSavedByObjectVersion
1070
     0
  0
VISUALSTYLE
  5
1E6
102
{ACAD_XDICTIONARY
360
2AA
102
}
102
{ACAD_REACTORS
330
EF
102
}
330
EF
100
AcDbVisualStyle
  2
EdgeColorOff
 70
    22
 71
     2
 72
     2
 73
     0
 90
        0
 40
-0.6
 41
-30.0
 62
     5
 63
     7
421
 16777215
 74
     1
 91
        4
 64
     7
 65
   257
 75
     1
175
     1
 42
1.0
 92
        8
 66
     7
 43
1.0
 76
     1
 77
     6
 78
     2
 67
     7
 79
     5
170
     0
171
     0
290
     0
174
     0
 93
        1
 44
0.0
173
     0
291
     1
 45
0.0
1001
ACAD
1000
AcDbSavedByObjectVersion
1070
     0
  0
VISUALSTYLE
  5
FE
102
{ACAD_XDICTIONARY
360
2A2
102
}
102
{ACAD_REACTORS
330
EF
102
}
330
EF
100
AcDbVisualStyle
  2
Facepattern
 70
    15
 71
     2
 72
     2
 73
     1
 90
        0
 40
-0.6
 41
-30.0
 62
     5
 63
     7
421
 16777215
 74
     1
 91
        4
 64
     7
 65
   257
 75
     1
175
     1
 42
1.0
 92
        8
 66
     7
 43
1.0
 76
     1
 77
     6
 78
     2
 67
     7
 79
     5
170
     0
171
     0
290
     0
174
     0
 93
        1
 44
0.0
173
     0
291
     1
 45
0.0
1001
ACAD
1000
AcDbSavedByObjectVersion
1070
     0
  0
VISUALSTYLE
  5
F0
102
{ACAD_XDICTIONARY
360
286
102
}
102
{ACAD_REACTORS
330
EF
102
}
330
EF
100
AcDbVisualStyle
  2
Flat
 70
     0
 71
     2
 72
     1
 73
     1
 90
        2
 40
-0.6
 41
30.0
 62
     5
 63
     7
421
 16777215
 74
     0
 91
        0
 64
     7
 65
   257
 75
     1
175
     1
 42
1.0
 92
        8
 66
     7
 43
1.0
 76
     1
 77
     6
 78
     2
 67
     7
 79
     5
170
     0
171
     0
290
     0
174
     0
 93
       13
 44
0.0
173
     0
291
     1
 45
0.0
1001
ACAD
1000
AcDbSavedByObjectVersion
1070
     0
  0
VISUALSTYLE
  5
F1
102
{ACAD_XDICTIONARY
360
288
102
}
102
{ACAD_REACTORS
330
EF
102
}
330
EF
100
AcDbVisualStyle
  2
FlatWithEdges
 70
     1
 71
     2
 72
     1
 73
     1
 90
        2
 40
-0.6
 41
30.0
 62
     5
 63
     7
421
 16777215
 74
     1
 91
        0
 64
     7
 65
   257
 75
     1
175
     1
 42
1.0
 92
        0
 66
   257
 43
1.0
 76
     1
 77
     6
 78
     2
 67
     7
 79
     5
170
     0
171
     0
290
     0
174
     0
 93
       13
 44
0.0
173
     0
291
     1
 45
0.0
1001
ACAD
1000
AcDbSavedByObjectVersion
1070
     0
  0
VISUALSTYLE
  5
F2
102
{ACAD_XDICTIONARY
360
28A
102
}
102
{ACAD_REACTORS
330
EF
102
}
330
EF
100
AcDbVisualStyle
  2
Gouraud
 70
     2
 71
     2
 72
     2
 73
     1
 90
        2
 40
-0.6
 41
30.0
 62
     5
 63
     7
421
 16777215
 74
     0
 91
        0
 64
     7
 65
   257
 75
     1
175
     1
 42
1.0
 92
        0
 66
     7
 43
1.0
 76
     1
 77
     6
 78
     2
 67
     7
 79
     5
170
     0
171
     0
290
     0
174
     0
 93
       13
 44
0.0
173
     0
291
     1
 45
0.0
1001
ACAD
1000
AcDbSavedByObjectVersion
1070
     0
  0
VISUALSTYLE
  5
F3
102
{ACAD_XDICTIONARY
360
28C
102
}
102
{ACAD_REACTORS
330
EF
102
}
330
EF
100
AcDbVisualStyle
  2
GouraudWithEdges
 70
     3
 71
     2
 72
     2
 73
     1
 90
        2
 40
-0.6
 41
30.0
 62
     5
 63
     7
421
 16777215
 74
     1
 91
        0
 64
     7
 65
   257
 75
     1
175
     1
 42
1.0
 92
        0
 66
   257
 43
1.0
 76
     1
 77
     6
 78
     2
 67
     7
 79
     5
170
     0
171
     0
290
     0
174
     0
 93
       13
 44
0.0
173
     0
291
     1
 45
0.0
1001
ACAD
1000
AcDbSavedByObjectVersion
1070
     0
  0
VISUALSTYLE
  5
F7
102
{ACAD_XDICTIONARY
360
294
102
}
102
{ACAD_REACTORS
330
EF
102
}
330
EF
100
AcDbVisualStyle
  2
Hidden
 70
     6
 71
     1
 72
     2
 73
     2
 90
        0
 40
-0.6
 41
-30.0
 62
     5
 63
     7
421
 16777215
 74
     2
 91
        2
 64
     7
 65
   257
 75
     2
175
     1
 42
40.0
 92
        0
 66
   257
 43
1.0
 76
     1
 77
     6
 78
     2
 67
     7
 79
     3
170
     0
171
     0
290
     0
174
     0
 93
        1
 44
0.0
173
     0
291
     0
 45
0.0
1001
ACAD
1000
AcDbSavedByObjectVersion
1070
     0
  0
VISUALSTYLE
  5
1E4
102
{ACAD_XDICTIONARY
360
2A6
102
}
102
{ACAD_REACTORS
330
EF
102
}
330
EF
100
AcDbVisualStyle
  2
JitterOff
 70
    20
 71
     2
 72
     2
 73
     0
 90
        0
 40
-0.6
 41
-30.0
 62
     5
 63
     7
421
 16777215
 74
     1
 91
        4
 64
     7
 65
   257
 75
     1
175
     1
 42
1.0
 92
       10
 66
     7
 43
1.0
 76
     1
 77
     6
 78
     2
 67
     7
 79
     5
170
     0
171
     0
290
     0
174
     0
 93
        1
 44
0.0
173
     0
291
     1
 45
0.0
1001
ACAD
1000
AcDbSavedByObjectVersion
1070
     0
  0
VISUALSTYLE
  5
FD
102
{ACAD_XDICTIONARY
360
2A0
102
}
102
{ACAD_REACTORS
330
EF
102
}
330
EF
100
AcDbVisualStyle
  2
Linepattern
 70
    14
 71
     2
 72
     2
 73
     1
 90
        0
 40
-0.6
 41
-30.0
 62
     5
 63
     7
421
 16777215
 74
     1
 91
        4
 64
     7
 65
   257
 75
     7
175
     7
 42
1.0
 92
        8
 66
     7
 43
1.0
 76
     1
 77
     6
 78
     2
 67
     7
 79
     5
170
     0
171
     0
290
     0
174
     0
 93
        1
 44
0.0
173
     0
291
     1
 45
0.0
1001
ACAD
1000
AcDbSavedByObjectVersion
1070
     0
  0
VISUALSTYLE
  5
1E5
102
{ACAD_XDICTIONARY
360
2A8
102
}
102
{ACAD_REACTORS
330
EF
102
}
330
EF
100
AcDbVisualStyle
  2
OverhangOff
 70
    21
 71
     2
 72
     2
 73
     0
 90
        0
 40
-0.6
 41
-30.0
 62
     5
 63
     7
421
 16777215
 74
     1
 91
        4
 64
     7
 65
   257
 75
     1
175
     1
 42
1.0
 92
        9
 66
     7
 43
1.0
 76
     1
 77
     6
 78
     2
 67
     7
 79
     5
170
     0
171
     0
290
     0
174
     0
 93
        1
 44
0.0
173
     0
291
     1
 45
0.0
1001
ACAD
1000
AcDbSavedByObjectVersion
1070
     0
  0
VISUALSTYLE
  5
F9
102
{ACAD_XDICTIONARY
360
298
102
}
102
{ACAD_REACTORS
330
EF
102
}
330
EF
100
AcDbVisualStyle
  2
Realistic
 70
     8
 71
     2
 72
     3
 73
     0
 90
        2
 40
-0.6
 41
30.0
 62
     5
 63
     7
421
 16777215
 74
     0
 91
        0
 64
     7
 65
   257
 75
     1
175
     1
 42
1.0
 92
        8
 66
   257
 43
1.0
 76
     1
 77
     6
 78
     2
 67
     7
 79
     3
170
     0
171
     0
290
     0
174
     0
 93
       13
 44
0.0
173
     0
291
     0
 45
0.0
1001
ACAD
1000
AcDbSavedByObjectVersion
1070
     0
  0
VISUALSTYLE
  5
1F3
102
{ACAD_XDICTIONARY
360
2B4
102
}
102
{ACAD_REACTORS
330
EF
102
}
330
EF
100
AcDbVisualStyle
  2
Shaded
 70
    27
 71
     2
 72
     2
 73
     1
 90
        2
 40
-0.6
 41
30.0
 62
     5
 63
     7
421
 16777215
 74
     0
 91
        4
 64
     7
 65
   257
 75
     1
175
     1
 42
1.0
 92
        8
 66
   257
 43
1.0
 76
     1
 77
     6
 78
     2
 67
     8
425
  7895160
 79
     3
170
     0
171
     0
290
     0
174
     0
 93
        5
 44
0.0
173
     0
291
     0
 45
0.0
1001
ACAD
1000
AcDbSavedByObjectVersion
1070
     0
  0
VISUALSTYLE
  5
1F2
102
{ACAD_XDICTIONARY
360
2B2
102
}
102
{ACAD_REACTORS
330
EF
102
}
330
EF
100
AcDbVisualStyle
  2
Shaded with edges
 70
    26
 71
     2
 72
     2
 73
     1
 90
        2
 40
-0.6
 41
30.0
 62
     5
 63
     7
421
 16777215
 74
     1
 91
        2
 64
     7
 65
   257
 75
     2
175
     1
 42
1.0
 92
        8
 66
   257
 43
1.0
 76
     1
 77
     6
 78
     2
 67
     7
 79
     3
170
     0
171
     0
290
     0
174
     0
 93
        5
 44
0.0
173
     0
291
     0
 45
0.0
1001
ACAD
1000
AcDbSavedByObjectVersion
1070
     0
  0
VISUALSTYLE
  5
1EF
102
{ACAD_XDICTIONARY
360
2AC
102
}
102
{ACAD_REACTORS
330
EF
102
}
330
EF
100
AcDbVisualStyle
  2
Shades of Gray
 70
    23
 71
     2
 72
     2
 73
     3
 90
        0
 40
-0.6
 41
-30.0
 62
     5
 63
     7
421
 16777215
 74
     2
 91
        2
 64
     7
 65
     7
 75
     1
175
     1
 42
40.0
 92
        8
 66
     7
 43
1.0
 76
     1
 77
     6
 78
     2
 67
     7
 79
     3
170
     0
171
     0
290
     0
174
     0
 93
        1
 44
0.0
173
     0
291
     0
 45
0.0
1001
ACAD
1000
AcDbSavedByObjectVersion
1070
     0
  0
VISUALSTYLE
  5
1F0
102
{ACAD_XDICTIONARY
360
2AE
102
}
102
{ACAD_REACTORS
330
EF
102
}
330
EF
100
AcDbVisualStyle
  2
Sketchy
 70
    24
 71
     1
 72
     2
 73
     2
 90
        0
 40
-0.6
 41
-30.0
 62
     5
 63
     7
421
 16777215
 74
     2
 91
        2
 64
     7
 65
     7
 75
     1
175
     1
 42
40.0
 92
       11
 66
     7
 43
1.0
 76
     1
 77
     6
 78
     2
 67
     7
 79
     6
170
     0
171
     0
290
     0
174
     0
 93
        1
 44
0.0
173
     0
291
     0
 45
0.0
1001
ACAD
1000
AcDbSavedByObjectVersion
1070
     0
  0
VISUALSTYLE
  5
FC
102
{ACAD_XDICTIONARY
360
29E
102
}
102
{ACAD_REACTORS
330
EF
102
}
330
EF
100
AcDbVisualStyle
  2
Thicken
 70
    13
 71
     2
 72
     2
 73
     1
 90
        0
 40
-0.6
 41
-30.0
 62
     5
 63
     7
421
 16777215
 74
     1
 91
        4
 64
     7
 65
   257
 75
     1
175
     1
 42
1.0
 92
       12
 66
     7
 43
1.0
 76
     1
 77
     6
 78
     2
 67
     7
 79
     5
170
     0
171
     0
290
     0
174
     0
 93
        1
 44
0.0
173
     0
291
     1
 45
0.0
1001
ACAD
1000
AcDbSavedByObjectVersion
1070
     0
  0
VISUALSTYLE
  5
F6
102
{ACAD_XDICTIONARY
360
292
102
}
102
{ACAD_REACTORS
330
EF
102
}
330
EF
100
AcDbVisualStyle
  2
Wireframe
 70
     5
 71
     0
 72
     2
 73
     0
 90
        0
 40
-0.6
 41
-30.0
 62
     5
 63
     7
421
 16777215
 74
     1
 91
        4
 64
     7
 65
   257
 75
     1
175
     1
 42
1.0
 92
        0
 66
   257
 43
1.0
 76
     1
 77
     6
 78
     2
 67
     7
 79
     3
170
     0
171
     0
290
     0
174
     0
 93
        1
 44
0.0
173
     0
291
     0
 45
0.0
1001
ACAD
1000
AcDbSavedByObjectVersion
1070
     0
  0
VISUALSTYLE
  5
1F1
102
{ACAD_XDICTIONARY
360
2B0
102
}
102
{ACAD_REACTORS
330
EF
102
}
330
EF
100
AcDbVisualStyle
  2
X-Ray
 70
    25
 71
     2
 72
     2
 73
     1
 90
        1
 40
0.5
 41
-30.0
 62
     5
 63
     7
421
 16777215
 74
     1
 91
        0
 64
     7
 65
   257
 75
     1
175
     1
 42
1.0
 92
        8
 66
     7
 43
1.0
 76
     1
 77
     6
 78
     2
 67
     7
 79
     3
170
     0
171
     0
290
     0
174
     0
 93
       13
 44
0.0
173
     0
291
     0
 45
0.0
1001
ACAD
1000
AcDbSavedByObjectVersion
1070
     0
  0
DICTIONARYVAR
  5
146
102
{ACAD_REACTORS
330
5E
102
}
330
5E
100
DictionaryVariables
280
     0
  1
1:1
  0
DICTIONARYVAR
  5
259
102
{ACAD_REACTORS
330
5E
102
}
330
5E
100
DictionaryVariables
280
     0
  1
3.500000
  0
DICTIONARYVAR
  5
25A
102
{ACAD_REACTORS
330
5E
102
}
330
5E
100
DictionaryVariables
280
     0
  1
acadiso.lin
  0
DICTIONARYVAR
  5
145
102
{ACAD_REACTORS
330
5E
102
}
330
5E
100
DictionaryVariables
280
     0
  1
STANDARD
  0
DICTIONARYVAR
  5
84
102
{ACAD_REACTORS
330
5E
102
}
330
5E
100
DictionaryVariables
280
     0
  1
STANDARD
  0
DICTIONARYVAR
  5
227
102
{ACAD_REACTORS
330
5E
102
}
330
5E
100
DictionaryVariables
280
     0
  1
Metric50
  0
DICTIONARYVAR
  5
228
102
{ACAD_REACTORS
330
5E
102
}
330
5E
100
DictionaryVariables
280
     0
  1
Metric50
  0
DICTIONARYVAR
  5
5F
102
{ACAD_REACTORS
330
5E
102
}
330
5E
100
DictionaryVariables
280
     0
  1
2
  0
DICTIONARYVAR
  5
63
102
{ACAD_REACTORS
330
5E
102
}
330
5E
100
DictionaryVariables
280
     0
  1
1
  0
DICTIONARYVAR
  5
1AE
102
{ACAD_REACTORS
330
5E
102
}
330
5E
100
DictionaryVariables
280
     0
  1
0
  0
DICTIONARYVAR
  5
1AF
102
{ACAD_REACTORS
330
5E
102
}
330
5E
100
DictionaryVariables
280
     0
  1
0
  0
DICTIONARYVAR
  5
27B
102
{ACAD_REACTORS
330
5E
102
}
330
5E
100
DictionaryVariables
280
     0
  1
2
  0
DICTIONARY
  5
285
102
{ACAD_REACTORS
330
283
102
}
330
283
100
AcDbDictionary
281
     1
  0
DICTIONARY
  5
284
102
{ACAD_REACTORS
330
283
102
}
330
283
100
AcDbDictionary
281
     1
  3
1923465580128
350
27E
  3
1923465580144
350
27F
  3
1923465580160
350
280
  3
1923465580176
350
281
  3
1923465580192
350
282
  0
DICTIONARY
  5
236
330
21C
100
AcDbDictionary
280
     1
281
     1
  3
ACAD_XREC_ROUNDTRIP
360
2B7
  0
DICTIONARY
  5
205
330
22
100
AcDbDictionary
280
     1
281
     1
  0
DICTIONARY
  5
1F9
330
ED
100
AcDbDictionary
280
     1
281
     1
  3
FBXASSET
360
1FA
  0
DICTIONARY
  5
1F7
330
EC
100
AcDbDictionary
280
     1
281
     1
  3
FBXASSET
360
1F8
  0
DICTIONARY
  5
173
330
EE
100
AcDbDictionary
280
     1
281
     1
  3
BUMPTILE
360
175
  3
DIFFUSETILE
360
174
  3
FBXASSET
360
1FB
  3
OPACITYTILE
360
176
  3
REFLECTIONTILE
360
177
  0
DICTIONARY
  5
234
330
21A
100
AcDbDictionary
280
     1
281
     1
  3
ACAD_XREC_ROUNDTRIP
360
2B6
  0
DICTIONARY
  5
162
330
7F
100
AcDbDictionary
280
     1
281
     1
  3
ACAD_ROUNDTRIP_2008_TABLESTYLE_CELLSTYLEMAP
360
27C
  0
DICTIONARY
  5
290
330
F5
100
AcDbDictionary
280
     1
281
     1
  3
ACAD_XREC_ROUNDTRIP
360
291
  0
DICTIONARY
  5
28E
330
F4
100
AcDbDictionary
280
     1
281
     1
  3
ACAD_XREC_ROUNDTRIP
360
28F
  0
DICTIONARY
  5
29C
330
FB
100
AcDbDictionary
280
     1
281
     1
  3
ACAD_XREC_ROUNDTRIP
360
29D
  0
DICTIONARY
  5
2A4
330
FF
100
AcDbDictionary
280
     1
281
     1
  3
ACAD_XREC_ROUNDTRIP
360
2A5
  0
DICTIONARY
  5
296
330
F8
100
AcDbDictionary
280
     1
281
     1
  3
ACAD_XREC_ROUNDTRIP
360
297
  0
DICTIONARY
  5
29A
330
FA
100
AcDbDictionary
280
     1
281
     1
  3
ACAD_XREC_ROUNDTRIP
360
29B
  0
DICTIONARY
  5
2AA
330
1E6
100
AcDbDictionary
280
     1
281
     1
  3
ACAD_XREC_ROUNDTRIP
360
2AB
  0
DICTIONARY
  5
2A2
330
FE
100
AcDbDictionary
280
     1
281
     1
  3
ACAD_XREC_ROUNDTRIP
360
2A3
  0
DICTIONARY
  5
286
330
F0
100
AcDbDictionary
280
     1
281
     1
  3
ACAD_XREC_ROUNDTRIP
360
287
  0
DICTIONARY
  5
288
330
F1
100
AcDbDictionary
280
     1
281
     1
  3
ACAD_XREC_ROUNDTRIP
360
289
  0
DICTIONARY
  5
28A
330
F2
100
AcDbDictionary
280
     1
281
     1
  3
ACAD_XREC_ROUNDTRIP
360
28B
  0
DICTIONARY
  5
28C
330
F3
100
AcDbDictionary
280
     1
281
     1
  3
ACAD_XREC_ROUNDTRIP
360
28D
  0
DICTIONARY
  5
294
330
F7
100
AcDbDictionary
280
     1
281
     1
  3
ACAD_XREC_ROUNDTRIP
360
295
  0
DICTIONARY
  5
2A6
330
1E4
100
AcDbDictionary
280
     1
281
     1
  3
ACAD_XREC_ROUNDTRIP
360
2A7
  0
DICTIONARY
  5
2A0
330
FD
100
AcDbDictionary
280
     1
281
     1
  3
ACAD_XREC_ROUNDTRIP
360
2A1
  0
DICTIONARY
  5
2A8
330
1E5
100
AcDbDictionary
280
     1
281
     1
  3
ACAD_XREC_ROUNDTRIP
360
2A9
  0
DICTIONARY
  5
298
330
F9
100
AcDbDictionary
280
     1
281
     1
  3
ACAD_XREC_ROUNDTRIP
360
299
  0
DICTIONARY
  5
2B4
330
1F3
100
AcDbDictionary
280
     1
281
     1
  3
ACAD_XREC_ROUNDTRIP
360
2B5
  0
DICTIONARY
  5
2B2
330
1F2
100
AcDbDictionary
280
     1
281
     1
  3
ACAD_XREC_ROUNDTRIP
360
2B3
  0
DICTIONARY
  5
2AC
330
1EF
100
AcDbDictionary
280
     1
281
     1
  3
ACAD_XREC_ROUNDTRIP
360
2AD
  0
DICTIONARY
  5
2AE
330
1F0
100
AcDbDictionary
280
     1
281
     1
  3
ACAD_XREC_ROUNDTRIP
360
2AF
  0
DICTIONARY
  5
29E
330
FC
100
AcDbDictionary
280
     1
281
     1
  3
ACAD_XREC_ROUNDTRIP
360
29F
  0
DICTIONARY
  5
292
330
F6
100
AcDbDictionary
280
     1
281
     1
  3
ACAD_XREC_ROUNDTRIP
360
293
  0
DICTIONARY
  5
2B0
330
1F1
100
AcDbDictionary
280
     1
281
     1
  3
ACAD_XREC_ROUNDTRIP
360
2B1
  0
XRECORD
  5
27E
102
{ACAD_REACTORS
330
284
102
}
330
284
100
AcDbXrecord
280
     1
  1
AcDb_Thumbnail_Schema
102
{ATTRRECORD
341
27F
  2
AcDbDs::TreatedAsObjectData
280
     1
291
     1
102
ATTRRECORD}
102
{ATTRRECORD
341
280
  2
AcDbDs::Legacy
280
     1
291
     1
102
ATTRRECORD}
  2
AcDbDs::ID
280
    10
 91
        8
102
{ATTRRECORD
341
281
  2
AcDs:Indexable
280
     1
291
     1
102
ATTRRECORD}
102
{ATTRRECORD
341
282
  2
AcDbDs::HandleAttribute
280
     7
282
     1
102
ATTRRECORD}
  2
Thumbnail_Data
280
    15
 91
        0
  0
XRECORD
  5
27F
102
{ACAD_REACTORS
330
284
102
}
330
284
100
AcDbXrecord
280
     1
  1
AcDbDs::TreatedAsObjectDataSchema
  2
AcDbDs::TreatedAsObjectData
280
     1
 91
        0
  0
XRECORD
  5
280
102
{ACAD_REACTORS
330
284
102
}
330
284
100
AcDbXrecord
280
     1
  1
AcDbDs::LegacySchema
  2
AcDbDs::Legacy
280
     1
 91
        0
  0
XRECORD
  5
281
102
{ACAD_REACTORS
330
284
102
}
330
284
100
AcDbXrecord
280
     1
  1
AcDbDs::IndexedPropertySchema
  2
AcDs:Indexable
280
     1
 91
        0
  0
XRECORD
  5
282
102
{ACAD_REACTORS
330
284
102
}
330
284
100
AcDbXrecord
280
     1
  1
AcDbDs::HandleAttributeSchema
  2
AcDbDs::HandleAttribute
280
     7
 91
        1
284
     1
  0
XRECORD
  5
2B7
102
{ACAD_REACTORS
330
236
102
}
330
236
100
AcDbXrecord
280
     1
102
DISPLAYNAME
  1
Metric50
102
FLAGS
 90
        0
  0
XRECORD
  5
1FA
102
{ACAD_REACTORS
330
1F9
102
}
330
1F9
100
AcDbXrecord
280
     1
 70
     1
 90
429727718
  1
D62C5603-E3A1-4AEA-B7FB-FE5D8D0755AF
310
504B03040A0000080000CC70623B3DEE336E79000000790000001B0000006175746F6465736B2D64657369676E2D7061636B6167652E786D6C3C3F786D6C2076657273696F6E3D22312E302220656E636F64696E673D227574662D3822203F3E3C666F726D6174733E3C666F726D61743E687474703A2F2F736368656D612E
310
6175746F6465736B2E636F6D2F64657369676E2D7061636B6167652F323030393C2F666F726D61743E3C2F666F726D6174733E504B0304140006080800CC70623BD486FD9CA0000000F4000000130000005B436F6E74656E745F54797065735D2E786D6C7D8EC10E82300C865F65E91D8A1E8C310C0EEA1BF002731658846E
310
D98AC1B77784ABF1D8FE5FBFBF75BBCE937A534CCEB38643598122B6FEE978D0B0485F9C41B54DDD7D022595594E1A469170414C76A4D9A4D207E29CF43ECE46F218070CC6BECC4078ACAA135ACF422C856C0E68EA1BF5669944DDD7BCDE7B1F8E415D77AECB980613C2E4AC91FC167A2B244592486606FC29C8FD7F045B9A
310
EF7053A7E60B504B0304140006080800CC70623B853B8169EB0000007C01000008000000636F72652E786D6C8D90416EC3201045AF62CDB6C206821CC7C244919D9CA01740401C94182C03558F5F9C3852BBEB6A467FFE9B197D7EFC9E1EC5975982F5AE035262288C535E5B377690E21535501C055FBC8FBF6C503839990E
310
5619041F179FE64D52DE45E362569DD7661365082642A11EB9E920A89B99642953CC8E702F67A9EE7234257977194EC9EAE275C4EABCCF5EAD5940D4AC6F0E35A568B8F43562CD7046CD199FD07E60174276A7BE677B5EADB0E0D14EEFFB6A31321A0D82627C4084204C3F096B71DD52F6819B16635EADF63F509AF53FA164
310
5DDCD1EDDD17164090FCC8732078B56691CB33A85CD7DCC40F504B0304140006080800CC70623B55019EA25F0000007C00000007000000636E782E786D6C4DCB3B0E80201045D1AD90E915ED2CF8AC45050C11660C8261F98AB1B07AC9C97D42D718D865D3E909258CFD00CCE24AC6E326A164D74DC0B4128928FF32603847
310
2BA13128B1252AC747C6BAB984FC68F0B87FE8960A5C09FE86CFB69FBA01504B0304140006080800CC70623BDBABAAF470010000D40300000C0000006662782F636F72652E786D6CC553D16E823014FD95A6AF4B694182CC941A83FA05FB810A9511A125A5257EFE2E82712ECEB8A7F100CD39F7F69E734AF9FADC366850B6
310
AF8DCE7018308C942E4C59EB2AC3DE1D498AD15A706B8CFB56869196ADCAF00863C12B6B7C374385D14E6907A836A59A41D9F7CA615434B0C8705F7CAA5606D23BA8E84F41278B93AC54100640439DE0BDB320004D43C63716C7C399D30917DCFBBA9CD9BA8469F5B156168B24CED3F7248AC8769F27244EB73B92EED8862C
310
B7F13E0C179B3C8F979C8ECD82BBBABDAA2BAC924E9558448CBD9330242CFA08E3154B5651FCC6D215639C8EE5774DBE2B5F6CF2B5768B68963BB5F5588420E442FC700B1139D4CB01F450C1E918227C2E09DF070D8140C84E1E9AAB8F1340832A9CB13130A5F1376A908D57309505ECF2A0DF179C4E9D30F5B239B87E3823
310
7A79C6F31DE1A8A5AEC08474B03C7837EAE4938639B44E5932B833D2C6B6B279CDC613877FA26EE21F4A2A4C63EC7F29A2F301D1F9F7A0E37D145F504B0304140006080800CC70623B9C113CC27E0000009D0000000B0000006662782F636E782E786D6C4DCCDF0A83201C86E15B91DFB94BFB330DD428C8FB886521330DA7
310
6397BF1A1DECE883878F57749FCDA1B7892F1BBC047A23808C7F84D9FA55424E0BE6803A256208E9EF06C84F9B91703228B1C690F78B66B34CD9A5439DF5CF0BFBF65E35BCA1B8D6A5C6F540381E886698B5741C695F9503EBA150A2F8958E3DC3EA0B504B0304140006080800CC70623B7DF2F77C2A010000120200003100
310
00006662782F41393633353835312D344632462D344230382D423046372D3739314545314133324237412F636F72652E786D6C8D51DB8EC22014FC15C2939B0D2DB4B45643319AE817EC0F6041255A68B86CFCFC856D4D76DF7CE190393373060EDB3DC707F856CE6B6B7A480A0C81328395DA5C7B18C3057510EC3873D686
310
3F34088C18550F330C39BB3A1BA7051AAC09CA84841A2BD5020AEF55806078A44B0FFD7053A328440C89E1EFC52486BBB8AA8214A99D789CF9E05200300FC927E4FB4D5B375D43103D5527440FB843077C5AA3F5861C8F645F5787F59E95B390B318B55CE45AA638FAA2957BD7248B390B7A7CC51F9C124149C82B8C378810
310
84AB2F42B7B8DD56F413775B8C5999E9FF4471926F8AA236A1AE96B8B3CC434E5839373893369E1FAF30EA395917409EB7F26AF8801C171837A4A6AC9C89E9F9C9B1A58BA30FD6A5EF5DDDCF894B9AD9B6A59C957943A9FCAE2FD5BC4DFE03504B0304140006080800CC70623BAD7543B64E01000033030000300000006662
310
782F41393633353835312D344632462D344230382D423046372D3739314545314133324237412F636E782E786D6CD593CD6EC32010845F0571AD6CE3D48AD20813A9873E410FBD12D82434182C7EAAE6EDBB2424CD25871E7B41D6EC30B3FA84F9E67BB2E40B4234DE8DB46F1925E094D7C6ED479AD3AE5951B2113C789FEE
310
6C943839C1488B4C05DF079FE72A69D8C96C13AAD6B8631503449F83828872B949AC57D26200B826A308D316B4064D6E46FCDA41C05550DC9E483A00797BFD207EFB092A45DE9514C1BBD22178396BD39D891265658C238DEA00936C654E5E433CB65A26D9F6EDB5EBC14EBF49A45CB856E66048291F6939A9A81BB5C89177
310
38143CA680F4AA299D66A042CEB3354A2684DC9D8D178FE0D9B8B41CAAD720F880EE7EF93C0C18769E099ECC04D5A102C8049A8A05632F4DDF376CF1DE0F6BB65C2F8627B65A33C6BB62177CEBBDAD973006829F89F22E814B54F4BC2BE347F8AA8F681390B50FA73F804400B5F542E796F19FF974E7F78DB802FE05E20750
310
4B0304140006080800CC70623BE75B7789680500003C100000340000006662782F41393633353835312D344632462D344230382D423046372D3739314545314133324237412F6F626A656374732E786D6CAD575B8F9B3818FD2B887D06C22499CB8AA1CA655245D5B455A356FB305264C061D8018C6C3393D95FBFC7600890
310
A4CD5EF210B0B1BFEBF98E3F7B1FF6596ABC522E1296DF9BAE3D320D9A872C4AF2F8DE2CE5CEBA358D0FBEC719939D65A691938CDE9B6ADAF4BD98B3B2D05311DD91329583D9D5FC0F438434A7A611A644887B5384CF34233629258BA878B12322891DEFF6B66BD70BFB62634E8AE781D082709A4B588AF91C528CDA28B73F
310
1C998EEF39EABBEFA97FBD6A7C7E9553F9D3D79FE442923C3C523610337627CB87ABE99D359D4CC6D6E4FACAB5E6ABF9D2726FC6A3C5F56271377BB88362213924694B38DD99FE47C48627A1E7D49F5A8BB5E1A74C0A599ED3B0F21F1E56366B89112D681E218F0915D0D6F17AD41FBA2A369DCF6335D62ABBD39779D5DDD1
310
11D4D8DE3CBB96B2E04FB8202E41051754A1AA8E8F76B4C6DFE810B580B1547F4B84911149794252234D024EF8BBE963A95AE27B3D310A9D5C215C7960FAEE415ED75694C6AFB17BCACA5D99A60A9AA65F217B0BFC53292ACB92BF283FAD0D3621576592CB5BED907C2FA8E9DF794E35E97BEA31BED21FEB401ABB94C44839
310
DCACBF0E1C5DA8DA5B2F4DFFD32AD86F543D9E565E7056502E157C00AD2671CD534549AB752FCA9CDA00677A313F04E51B22FF19E57B300579E3C97EB29F682D92935CEC18CF901B7B54FD8C51F362B56FC72FE0B3C1EAE335EDCCBF5AEC39ADB17DC238973F804BA5E6F6BFE7AF1FB32E523BE9F3BD571418E3631DCA4D48
310
5250CF639223210A9446CA30052EDF057BD35F8329C1ECD84552BF0DC8D18BE7BCE23BFE6BD960AB4A7DE79923A103BEBD80F911CBAA2C60DB19B01CF164A5583B772EE6D3FFA56666CBCDA74DC97724A48F9A58967497E489C4D979006FD7A05E227A1EBDD0F737C623387A9C844D3709995625106D157315F8B8392CD4E0
310
A0B9A720C4BE9829CEF37EA1E13111214D53925356365ADA634861B52519DD27A00AEB808EAF0628E6F435519D446F45CF2C9CF5214F0A15B2F6D06B79DA3EE3CBF7F56780D2F4E7EF73A0F5E5B02A38D07DC852C6B7C1FBB6664213E0C39E3EBA7FF4E1AD23EA2829407C85E586727488B751B2DB9502BC7B228A3FD68B6E
310
A65A22397E690AA8D158D7E404EC8CDA235CC3B7D1898680131CEC2CDF2638C65196279577750F15884AEE19F94199155B92B13297978469D4F8D358DF0AEF7631E28DC8F0D9F437D5D39A83B2231A1D52D543813A824EF8D44BCFF2FA6A31BD1E8DAD87F1CCB526B3879935BF59CDADD5C37479BB1CDD4CA7B3556B516589
310
EF352754B706114D9C885EC9131DE6EFEB43D99AFE2391C2F958179413D7CFEF6B1B6DB1E7600F00DE6E5C67454A339A4BA2E0FBA85ED26F045D454F463DBFCE484C2F90F2E5E3666003662ED8F755951A7D1BECD5B30B550B2785C8E7320B7292A4838DDA71BBC863ED7613CAF659337A3354231D4FF4A182A54904C2898C
310
98B28C4AD0CE056CCF332A80986E571EE9DBC305BB5FEB7E509220A58D25CF042D712A806AC0AD0C657FDEF80D2D9CEAA2EE4D1C76F60BFE74219A06527D6F82DF6412526107381E55E353090704D085B52408A8913C4ED159D79BDA71BB4BC506F4831350EB6F975CD22D69BF7AC49B91A2C0A9DDA3D5CA36AD20FC478E37
310
E61844E2352865EBCB61A275A65283CAAA9DD27703B4102F5AF51EF5F573B75CBB5AD38BC845F7A49F82A0966A49C2E3EA5EA0ECD326CD965F1DB402C6FA8B51A4658C5C5E2EC9E214602E55810345408596591009A82E7E7FFACA19EEA299B14A0081A705CB3296EBC14CDF658DCD336EA6D1136881AAEB87B81AB9EE53D5
310
F5EB8BC8362082DA24122F98680A4E7930C01A0079749CEA14382A0783E5EBA5A10F8C098456A03D6A4AEB6BB881E2513747552A5DB22C7EDAF83BD5528081A365F7FF06504B0304140006080000CC70623B000000000000000000000000350000006662782F41393633353835312D344632462D344230382D423046372D37
310
39314545314133324237412F76657274696365732E62696E504B0304140006080800CC70623BF270F1330600000004000000360000006662782F41393633353835312D344632462D344230382D423046372D3739314545314133324237412F747269616E676C65732E62696E636660600000504B0304140006080000CC7062
310
3B000000000000000000000000370000006662782F41393633353835312D344632462D344230382D423046372D3739314545314133324237412F617474726962757465732E62696E504B0304140006080800CC70623B08DA0BD19000000041010000360000006662782F41393633353835312D344632462D344230382D4230
310
46372D3739314545314133324237412F6469726563746F72792E786D6C858F410AC3201045AF22B36F53E9A60B35CBEEBAE80D244E44489C6234F4F835464A48035D0DF398FF9F8AF63D0E6CC63039F212F8F9020C7D47C6792B21C5FE7403D62A1188E2E60C98D7234A5830286103A55745067B9D86B8A3CF9C7F90C11DE6
310
07FB144396D7B6A82D282E9A152AD114D5EF2CB866EEE831B8EEA07A7BB5A8D7D61A2BAAEB7FD5F70921FF497D00504B0304140006080800CC70623BEDD1DC58FD000000A00100003B0000006662782F41393633353835312D344632462D344230382D423046372D3739314545314133324237412F7265736F75726365732F
310
636F72652E786D6C8D504B6E833010BD0A9A6D65B00922041947112427E8052C33A156828DFCA97AFC9A40A576D7CDCCE87D344F8F9FBFE667F689CE6B6B3A6039850C8DB2A336530731DC4903D95970676DF82583CCC8193B5861107C72362E3BA4AC096842428D1D7107A5F7182053CF7474E0D507CE32973124857FE48B
310
540F3961CEF244279DE03EB81420DB9EAC1384436FA353E879B1B182C7A8C75DA3C7F453DF353A1075D537A7BA6464B8F535A99AE14A9A2BBD90E350DD183B5CFABE3AF262350B1EF4FC9351399401471025A527C218A1E53BAB5A5AB765F5469B96525EACF23FA6B88CFF34456DC2A1DCE36E360F82A5202F42F062ED2BAD
310
579969AFDD8A6F504B010214000A0000080000CC70623B3DEE336E79000000790000001B00000000000000000000000000000000006175746F6465736B2D64657369676E2D7061636B6167652E786D6C504B01021400140006080800CC70623BD486FD9CA0000000F40000001300000000000000000000000000B20000005B
310
436F6E74656E745F54797065735D2E786D6C504B01021400140006080800CC70623B853B8169EB0000007C010000080000000000000000000000000083010000636F72652E786D6C504B01021400140006080800CC70623B55019EA25F0000007C000000070000000000000000000000000094020000636E782E786D6C504B
310
01021400140006080800CC70623BDBABAAF470010000D40300000C00000000000000000000000000180300006662782F636F72652E786D6C504B01021400140006080800CC70623B9C113CC27E0000009D0000000B00000000000000000000000000B20400006662782F636E782E786D6C504B01021400140006080800CC70
310
623B7DF2F77C2A010000120200003100000000000000000000000000590500006662782F41393633353835312D344632462D344230382D423046372D3739314545314133324237412F636F72652E786D6C504B01021400140006080800CC70623BAD7543B64E010000330300003000000000000000000000000000D2060000
310
6662782F41393633353835312D344632462D344230382D423046372D3739314545314133324237412F636E782E786D6C504B01021400140006080800CC70623BE75B7789680500003C10000034000000000000000000000000006E0800006662782F41393633353835312D344632462D344230382D423046372D3739314545
310
314133324237412F6F626A656374732E786D6C504B01021400140006080000CC70623B0000000000000000000000003500000000000000000000000000280E00006662782F41393633353835312D344632462D344230382D423046372D3739314545314133324237412F76657274696365732E62696E504B01021400140006
310
080800CC70623BF270F133060000000400000036000000000000000000000000007B0E00006662782F41393633353835312D344632462D344230382D423046372D3739314545314133324237412F747269616E676C65732E62696E504B01021400140006080000CC70623B0000000000000000000000003700000000000000
310
000000000000D50E00006662782F41393633353835312D344632462D344230382D423046372D3739314545314133324237412F617474726962757465732E62696E504B01021400140006080800CC70623B08DA0BD1900000004101000036000000000000000000000000002A0F00006662782F41393633353835312D344632
310
462D344230382D423046372D3739314545314133324237412F6469726563746F72792E786D6C504B01021400140006080800CC70623BEDD1DC58FD000000A00100003B000000000000000000000000000E1000006662782F41393633353835312D344632462D344230382D423046372D3739314545314133324237412F7265
310
736F75726365732F636F72652E786D6C504B0506000000000E000E0080040000641100000000
  0
XRECORD
  5
1F8
102
{ACAD_REACTORS
330
1F7
102
}
330
1F7
100
AcDbXrecord
280
     1
 70
     1
 90
429727718
  1
30362254-06B7-45E0-A893-8CFA70E3D6BC
310
504B03040A0000080000CC70623B3DEE336E79000000790000001B0000006175746F6465736B2D64657369676E2D7061636B6167652E786D6C3C3F786D6C2076657273696F6E3D22312E302220656E636F64696E673D227574662D3822203F3E3C666F726D6174733E3C666F726D61743E687474703A2F2F736368656D612E
310
6175746F6465736B2E636F6D2F64657369676E2D7061636B6167652F323030393C2F666F726D61743E3C2F666F726D6174733E504B0304140006080800CC70623BD486FD9CA0000000F4000000130000005B436F6E74656E745F54797065735D2E786D6C7D8EC10E82300C865F65E91D8A1E8C310C0EEA1BF002731658846E
310
D98AC1B77784ABF1D8FE5FBFBF75BBCE937A534CCEB38643598122B6FEE978D0B0485F9C41B54DDD7D022595594E1A469170414C76A4D9A4D207E29CF43ECE46F218070CC6BECC4078ACAA135ACF422C856C0E68EA1BF5669944DDD7BCDE7B1F8E415D77AECB980613C2E4AC91FC167A2B244592486606FC29C8FD7F045B9A
310
EF7053A7E60B504B0304140006080800CC70623B1EC5D7A3EB0000007C01000008000000636F72652E786D6C8D90416EC3201045AF82665B6103C6756C6122AB4D4ED00B204C5C94182C03558F5F9C3852BBEB6A467FFE9B197D71FC9E6FE8CBACC17AD7032D0820E3B41FAD9B7A48F1820F808E52ACDEC75F36404ECDA687
310
4D0629A6D5A76597B477D1B89855E747B38B2A041301E95B6E7A08FAD3CCAA50296647B8168BD2573599823EBB0CA76447F43862C7BCCF5EAC59410E4DDD9C7973C2755553CCCFA4C603E3040F1565ED3B1FDE4E432BCA0D9622DAF9795FAF464533826484B498524CD807E51D79ED187F21878E10516EF63F505AC67F42C9
310
BA58B1FDDD071640D2FCC87D2045B96591CB3DA85CB7DCE40F504B0304140006080800CC70623B55019EA25F0000007C00000007000000636E782E786D6C4DCB3B0E80201045D1AD90E915ED2CF8AC45050C11660C8261F98AB1B07AC9C97D42D718D865D3E909258CFD00CCE24AC6E326A164D74DC0B4128928FF32603847
310
2BA13128B1252AC747C6BAB984FC68F0B87FE8960A5C09FE86CFB69FBA01504B0304140006080800CC70623B8C9102E971010000D40300000C0000006662782F636F72652E786D6CC5535B6E833010BC8AE5DF0A6C08340F1947A84D4ED00B38C6A128602363A31CBFCB234A53A551FA553EC09AD9F5CE8C31DB9E9B1AF5CA
310
7695D1198E428A91D2D214952E33ECDD315861B4E5CC1AE3BE9561A445A3323CC098B3D21ADFCE9034DA29ED00D5A6503328BA4E398C640D8B0C77F253352214DE4145770A5B214FA2546114020D759C75CE8200340D19DE981F0F6746269C33EFAB6266AB02A655C74A59CCF365BADC27CB5D902ED22848F6340DF238A141
310
BE88E2F57B92BFEDF23523433367AE6A2EEAA455C2A902F398D2751045018D3FA264435F3771F242571B4A1919CA6F9A7C5B3CD9E42BED16F12C776AEB308F40C848FC700B1139D4891EF410CEC810227CC6846F8386402064270EF5C5C709A05E49676C024C61FC95EA45ED154CA5211D1FF4FB8291A913A68E9B83EBBB33
310
E2A7673CDE118E5AE8124C0807CB8377834E366998436B950D7A7746DAD846D4CFD978E0F04FD455FC5D49D2D4C6FE9722321F10997F0F32DC47FE05504B0304140006080800CC70623BFFEA85907E0000009D0000000B0000006662782F636E782E786D6C4DCCD10A83201886E15B91FFDC95D95A811AB6F23E625948A6C3
310
E9D8E5AF46073BFAE0E1E365ED67B3E8ADC3CB78C7815C7240DA3DFC64DCC221C519D7805AC182F7F1EF06C88D9BE6703008B6049F9E274D7A1E938DBB5AE3D6131B2589BA0D3D965551E0B2EA732C9B9A624AAEB41E3A557677029960D9AFB4EF11165F504B0304140006080800CC70623B4FEEA4082C0100001202000031
310
0000006662782F39464131463745442D413632322D343644302D413938332D3331353338454246344243312F636F72652E786D6C8D515B6EC32010BC0AE2AB55850DD871ED0813254D72825EC00192A2C460F1A872FC42ED48ED5F7E00CDCECCCEB26C731F6FE05B39AFADE921293004CA082BB5B9F43086336A21D870E6AC
310
0D7F68109861543DCC30E4ECE26C9C164858139409093556AA051CBC570102714B8F1E7AF1A5C6A11862480C7F2DA6415C878B2A4891CA89C7990F2E050073937C42DE1DB7E4F87ED8A36D4329AA9B3D46DBAEAD504556557BD81DEBDD0761E52CE42C462D17B996298E3E6BE59E35C962CE821E1FF18553435012728A7187
310
0841987E927A8D9B35ADDF70BBC6989599FE4F1427F9A4286A132ABAC49D651EF234CD5CE04CDA78BA3DC2A8FB645D00B9DF8B57E215725C60BCA2A463E54C4CE327C7A65E1C7DB02E7DEFCBF594B864C5CA6CDBD49C957943E9FA5D5FBAF336F90F504B0304140006080800CC70623BAD7543B64E01000033030000300000
310
006662782F39464131463745442D413632322D343644302D413938332D3331353338454246344243312F636E782E786D6CD593CD6EC32010845F0571AD6CE3D48AD20813A9873E410FBD12D82434182C7EAAE6EDBB2424CD25871E7B41D6EC30B3FA84F9E67BB2E40B4234DE8DB46F1925E094D7C6ED479AD3AE5951B2113C
310
789FEE6C943839C1488B4C05DF079FE72A69D8C96C13AAD6B8631503449F83828872B949AC57D26200B826A308D316B4064D6E46FCDA41C05550DC9E483A00797BFD207EFB092A45DE9514C1BBD22178396BD39D891265658C238DEA00936C654E5E433CB65A26D9F6EDB5EBC14EBF49A45CB856E66048291F6939A9A81BB5
310
C8917738143CA680F4AA299D66A042CEB3354A2684DC9D8D178FE0D9B8B41CAAD720F880EE7EF93C0C18769E099ECC04D5A102C8049A8A05632F4DDF376CF1DE0F6BB65C2F8627B65A33C6BB62177CEBBDAD973006829F89F22E814B54F4BC2BE347F8AA8F681390B50FA73F804400B5F542E796F19FF974E7F78DB802FE05
310
E207504B0304140006080800CC70623B16AB87BA640500003C100000340000006662782F39464131463745442D413632322D343644302D413938332D3331353338454246344243312F6F626A656374732E786D6CAD575B6FA33818FD2B887DE6924B3BED8A326A92B68A663B534DD4D13E548A0C38942D60649B369D5FBFC7
310
600890A493BDE42160637FD7F31D7FF63E6FB3D478A55C242CBF3247B66B1A340F5994E4F19559CA8D75611A9F7D8F33263BCB4C232719BD32D5B4E97B316765A1A722BA21652A07B3B7B33F0D11D29C9A46981221AE4C113ED38CD8A4942CA2E2C58E882476BCD9DA23BB5ED8171B73523C0F841684D35CC252CCE79062D4
310
468DFA43D7747CCF51DF7D4FFDEB5593E3AB9CCA9FBEFE241792E4E19EB28198C968BAB8199F5D5A67D3E9C49A9E8F47D6EC76B6B0469F26EEFC7C3EBFBCBEB98462213924694B38DD98FE1D62C393D073EA4FADC5DAF04326852CCF6958F90F0F2B9BB5C48816348F90C7840A68EB78EDF68723159BCEE7891A6B95DDE9D3
310
BCEAEEE8086A6C6F9E5D4B59F0175C10A7A0820BAA5055C7473B5AE3CFDD452D602CD5DF12616444529E90D448938013FE6EFA58AA96F85E4F8C42275708571E98FE6827AF6B2B4AE3D7D83D64E5A64C53054DD3AF90BD06FEA9149565C94FCA0F6B834DC85599E4F2423B24DF0B6AFA979E534DFA9E7A4CC6FA631D486393
310
921829879BF5D781A373557BCB85E97FB90DB62B558F8795179C15944B051F40AB495CF35451D26A4727654E6D8033BD98EF82F21D91FF8AF2DD9982BCF1643BDD4EB516C9492E368C67C88DED563FC36D5EACF66DFF057C3658BDBFA69DF9578B3DA735B64F18C7F20770A9D45CFCF7FCF563D6456A277DBEF78A02637CA2
310
43B90A490AEAB94F72244481D24819A6C0E59B606BFA4B3025981DBB48EAB701D97BF19C577CC77F2D1B6C55A9EF3C732474C0B727303F625995056C3B02963D9EAC146BE78EC5FCEC7FA999EBC5EACBAAE41B12D27B4D2C0BBA49F244E2ECDC81B76B502F113D8F5EE8FB1BE3111CDD4FC2AA9B844CAB1288B68AB90A7CDC
310
1C166AB0D3DC5310625FCC14E779BFD0709F8890A629C9292B1B2DED31A4B0DA928CEE135085754027E3018A397D4D5427D15BD1330B677DC8934285AC3DF45A9EB68FF8F2B8FC0A509AFEECFD0FF2DE25CC6047F7214B195F07EFEB9A094D800F7BFAE8FED187B78EA8A3A400F115961BCAD1215E47C966530AF0EE8128FE
310
58CEBB996A8964FFA529A046635D9353B0336A8F700DDF46271A024E70B0B37C9DE01847591E54DED53D54202AB947E4076556AC49C6CA5C9E1226B7F1A7B1BE15DEED62C41B91E1B3E9AFAAA735036547343A925075041DF0A9979E893B391F8FCFA6967B3EFB644DCF6E5CEBFAE272625DCC6FAF3FB93793C5F90CE1EF57
310
407342756B10D1C489E8953CD1617E5CEECAD6F4EF8914CE5D5D504E5C3F1F9736DA62CFC11E00BCDDB8CC8A9466349744C1F75EBDA4DF09BA8A9E8C7A7E9991989E20E5DBDD6A6003664ED8F7A04A8DBE0DF6EAD9B9AA858342E47399053949D2C146EDB85DE4B176BB0965FBAC19BD19AA918E27FA50C1D22402E144464C
310
59462568E704B6E71915404CB72B8FF4EDE184DDAF753F284990D2C6926782963815403548A70C657FDEF80D2D9CEAA2AE4C1C76F60BFE74219A06527D6582DF6412526107381E55E353090704D085B52408D0933C4ED159D79BDA71BB4BC506F4831350EB6F979CD22D69BF7AC49B91A2C0A9DDA3D5CA36AD20FC478E37E6
310
1844E2352865EBCB6EA275A652E3836BE04EFB400BF1A2556F515F1FBB35B2AB35BD889C744FFA1004B5544B121E57F70215746DD2F5E2C1412B602CBF19455AC6C8E5E9922C4E01E65215385004546899059180EAFCF7A707CE7017CD8CDB0410789AB32C63B91E5CEBBBACB17AC6CD347A022D5075FD106377347AAABA7E
310
7D11590744509B44E205134DC1290F06580320F78E537D3D73540E06CB970B431F185308AD40BBD794D6D77003C5A36E8EAA54BA64597CD8F83BD552A080A365F7FF06504B0304140006080000CC70623B000000000000000000000000350000006662782F39464131463745442D413632322D343644302D413938332D3331
310
353338454246344243312F76657274696365732E62696E504B0304140006080800CC70623BF270F1330600000004000000360000006662782F39464131463745442D413632322D343644302D413938332D3331353338454246344243312F747269616E676C65732E62696E636660600000504B0304140006080000CC70623B
310
000000000000000000000000370000006662782F39464131463745442D413632322D343644302D413938332D3331353338454246344243312F617474726962757465732E62696E504B0304140006080800CC70623B08DA0BD19000000041010000360000006662782F39464131463745442D413632322D343644302D413938
310
332D3331353338454246344243312F6469726563746F72792E786D6C858F410AC3201045AF22B36F53E9A60B35CBEEBAE80D244E44489C6234F4F835464A48035D0DF398FF9F8AF63D0E6CC63039F212F8F9020C7D47C6792B21C5FE7403D62A1188E2E60C98D7234A5830286103A55745067B9D86B8A3CF9C7F90C11DE607
310
FB144396D7B6A82D282E9A152AD114D5EF2CB866EEE831B8EEA07A7BB5A8D7D61A2BAAEB7FD5F70921FF497D00504B0304140006080800CC70623B0D6EF93BFE000000A00100003B0000006662782F39464131463745442D413632322D343644302D413938332D3331353338454246344243312F7265736F75726365732F63
310
6F72652E786D6C8D50596E833010BD0A9ADFCA60B334011947A8694ED00B586642AC041B79A97AFC9A40A5F6AF3F33A3B7689E1E3F7DCD8FEC139DD7D6F4C0720A191A65476DA61E62B892236427C19DB5E1970C322367EC618541F0C9D9B8EC90B226A009093576C41D94DE63804C3DD2D18357379C652E63480A7FCF17A9
310
EE72C29CE5894E3AC17D702940B63D59270887DE46A7D0F36263058F518FBB468FE9A7BE6A7420864373B8D4873369AA8691FA421B3294352543C5CAF65C0F6FEF43CB8BD52C78D0F34F46E550061C419494B6843142CB0F5677F4B52BEB177AEC28E5C52AFF638ACBF84F53D42654E51E77B379102C05791282176B5F693D
310
CB4C7BED567C03504B010214000A0000080000CC70623B3DEE336E79000000790000001B00000000000000000000000000000000006175746F6465736B2D64657369676E2D7061636B6167652E786D6C504B01021400140006080800CC70623BD486FD9CA0000000F40000001300000000000000000000000000B20000005B
310
436F6E74656E745F54797065735D2E786D6C504B01021400140006080800CC70623B1EC5D7A3EB0000007C010000080000000000000000000000000083010000636F72652E786D6C504B01021400140006080800CC70623B55019EA25F0000007C000000070000000000000000000000000094020000636E782E786D6C504B
310
01021400140006080800CC70623B8C9102E971010000D40300000C00000000000000000000000000180300006662782F636F72652E786D6C504B01021400140006080800CC70623BFFEA85907E0000009D0000000B00000000000000000000000000B30400006662782F636E782E786D6C504B01021400140006080800CC70
310
623B4FEEA4082C0100001202000031000000000000000000000000005A0500006662782F39464131463745442D413632322D343644302D413938332D3331353338454246344243312F636F72652E786D6C504B01021400140006080800CC70623BAD7543B64E010000330300003000000000000000000000000000D5060000
310
6662782F39464131463745442D413632322D343644302D413938332D3331353338454246344243312F636E782E786D6C504B01021400140006080800CC70623B16AB87BA640500003C1000003400000000000000000000000000710800006662782F39464131463745442D413632322D343644302D413938332D3331353338
310
454246344243312F6F626A656374732E786D6C504B01021400140006080000CC70623B0000000000000000000000003500000000000000000000000000270E00006662782F39464131463745442D413632322D343644302D413938332D3331353338454246344243312F76657274696365732E62696E504B01021400140006
310
080800CC70623BF270F133060000000400000036000000000000000000000000007A0E00006662782F39464131463745442D413632322D343644302D413938332D3331353338454246344243312F747269616E676C65732E62696E504B01021400140006080000CC70623B0000000000000000000000003700000000000000
310
000000000000D40E00006662782F39464131463745442D413632322D343644302D413938332D3331353338454246344243312F617474726962757465732E62696E504B01021400140006080800CC70623B08DA0BD190000000410100003600000000000000000000000000290F00006662782F39464131463745442D413632
310
322D343644302D413938332D3331353338454246344243312F6469726563746F72792E786D6C504B01021400140006080800CC70623B0D6EF93BFE000000A00100003B000000000000000000000000000D1000006662782F39464131463745442D413632322D343644302D413938332D3331353338454246344243312F7265
310
736F75726365732F636F72652E786D6C504B0506000000000E000E0080040000641100000000
  0
XRECORD
  5
175
102
{ACAD_REACTORS
330
173
102
}
330
173
100
AcDbXrecord
280
     1
270
     1
271
     1
  0
XRECORD
  5
174
102
{ACAD_REACTORS
330
173
102
}
330
173
100
AcDbXrecord
280
     1
270
     1
271
     1
  0
XRECORD
  5
1FB
102
{ACAD_REACTORS
330
173
102
}
330
173
100
AcDbXrecord
280
     1
 70
     0
 90
1673772943
  1
ECE7A1D2-D628-4531-984C-D00F80459256
310
504B03040A0000080000CC70623B3DEE336E79000000790000001B0000006175746F6465736B2D64657369676E2D7061636B6167652E786D6C3C3F786D6C2076657273696F6E3D22312E302220656E636F64696E673D227574662D3822203F3E3C666F726D6174733E3C666F726D61743E687474703A2F2F736368656D612E
310
6175746F6465736B2E636F6D2F64657369676E2D7061636B6167652F323030393C2F666F726D61743E3C2F666F726D6174733E504B0304140006080800CC70623BD486FD9CA0000000F4000000130000005B436F6E74656E745F54797065735D2E786D6C7D8EC10E82300C865F65E91D8A1E8C310C0EEA1BF002731658846E
310
D98AC1B77784ABF1D8FE5FBFBF75BBCE937A534CCEB38643598122B6FEE978D0B0485F9C41B54DDD7D022595594E1A469170414C76A4D9A4D207E29CF43ECE46F218070CC6BECC4078ACAA135ACF422C856C0E68EA1BF5669944DDD7BCDE7B1F8E415D77AECB980613C2E4AC91FC167A2B244592486606FC29C8FD7F045B9A
310
EF7053A7E60B504B0304140006080800CC70623BD9DDAED0EC0000007C01000008000000636F72652E786D6C8D90416EC3201045AF82665B61836D9CD8C2444DD39CA01740405C94182C03558F5F9C3852BBEB6A467FFE9B197D7EF89E6EE8CB2CC17A37002D0820E394D7D68D03A478C17B4007C117EFE32F1B20272733C0
310
2A83E0E3E2D3BC49CABB685CCCAAF3DA6CA20CC14440EA969B0182FA34932C648AD911AEC52CD5558EA6A0CF2EC329598D1E47ACCEFBECC59A050463A7EA5833865FEBDD0E37353BE3EE8DBDE3F6786A48D375FBF6CC78B9C282473B3DEFABC5C86834888A900E538A49F5419B9EB47DD5BC907D4F082F57FB1F28CDFA9F50
310
B22ED6D5F6EE030B20687EE43E10BC5CB3C8E51E54AE6B6EE207504B0304140006080800CC70623B55019EA25F0000007C00000007000000636E782E786D6C4DCB3B0E80201045D1AD90E915ED2CF8AC45050C11660C8261F98AB1B07AC9C97D42D718D865D3E909258CFD00CCE24AC6E326A164D74DC0B4128928FF326038
310
472BA13128B1252AC747C6BAB984FC68F0B87FE8960A5C09FE86CFB69FBA01504B0304140006080800CC70623BA24EB22D72010000D40300000C0000006662782F636F72652E786D6CC5535B6E833010BC8AE5DF0A6C5E49888CA3A6694ED00B38E05014B091B1518EDFE511A5A9D228FD2A1F60CDEC7A67C6986DCE4D8D7A
310
69BA4AAB0C073EC548AA5C17952A33ECECD15B61B4E1CC686DBF9561A44423333CC098B3D268D7CE50AE9595CA02AA74216750749DB418E5352C32DCE59FB211BE70162ABA93DF8AFC244AE9073ED050C759670D0840D390E18DF9F1706664C23973AE2A66B62A605A75ACA4C13C4976E1364A12EF355A2EBD384AF65EFA96
310
BC7B8BED2EA6719AAE16FB8491A199335B351775B991C2CA02F390D2D40B028F861F41BCA68B7518BFD0D59A524686F29B26D7164F36B94AD9289CE54E6D1DE6010819891F6E21228B3AD1831EC219194284CF98F06DD01008846CC5A1BEF83801D4CBDC6A1303536877A57A513B0953A94FC707FDBE6064EA84A9E3E6E0FA
310
EE8CF0E9198F7784A316AA0413C2C2F2E0ECA0934D1AE6D05A69BCDE9E91D2A611F573361E38FC1375157F5752AE6B6DFE4B11990F88CCBF0719EE23FF02504B0304140006080800CC70623B408A7D3B7C0000009D0000000B0000006662782F636E782E786D6C4DCCD10A83201886E15B91FFDC552A92A0064DBC8F581632
310
D3703A76F9ABD1C18E3E78F878E5F0D9027ABBFCF2292AE86E2D20171F69F6715550CB827B40839639A5F2770314A7CD293819B45C73AAFB45B35BA61ACAA1C1C7E7855C58C15BC331339661262CC762340413D68D77DA5B42298546CBE6573AF60CEB2F504B0304140006080800CC70623B449FB9BD290100001202000031
310
0000006662782F36394639363044362D344446342D343946362D394244322D3234314243333846323333332F636F72652E786D6C8D515B6EC32010BC0AE22B55850D98B871848994463E412FE002495162B07854397EA176A4F62F3F2C9A9D991D587EB84F37F0AD7D30CEF6905418026DA553C65E7A98E219ED203808EE9D
310
8B7F6810D871D23D2C3014FCE25D9A57483A1BB58D19B54EE9151C43D0110279CB971E06F9A5A7B11A53CC8C70ADE6515EC78BAE4895DB992778883E0700CB907242D17643D7E2538BD869608875438BBAE38922CAC8F1BDD90DB4691A5E2F42C153326A951B95E398B3D1FE599322163C9AE9115F7A3D46ADA0A018778810
310
84E907617BDCEE297BC5BB3DC6BC2EF47FA234AB2745C9D8D8D035EE220B50105E2F0DC1954B9FB747187D9F9D8FA0CCDB042D5FA0C015C65B42DF78BD10F3F3B363CB56C7109DCFDFBBB97E662ED92EB62D13BC2E1BCAE5777DB9966D8A1F504B0304140006080800CC70623BAD7543B64E01000033030000300000006662
310
782F36394639363044362D344446342D343946362D394244322D3234314243333846323333332F636E782E786D6CD593CD6EC32010845F0571AD6CE3D48AD20813A9873E410FBD12D82434182C7EAAE6EDBB2424CD25871E7B41D6EC30B3FA84F9E67BB2E40B4234DE8DB46F1925E094D7C6ED479AD3AE5951B2113C789FEE
310
6C943839C1488B4C05DF079FE72A69D8C96C13AAD6B8631503449F83828872B949AC57D26200B826A308D316B4064D6E46FCDA41C05550DC9E483A00797BFD207EFB092A45DE9514C1BBD22178396BD39D891265658C238DEA00936C654E5E433CB65A26D9F6EDB5EBC14EBF49A45CB856E66048291F6939A9A81BB5C89177
310
38143CA680F4AA299D66A042CEB3354A2684DC9D8D178FE0D9B8B41CAAD720F880EE7EF93C0C18769E099ECC04D5A102C8049A8A05632F4DDF376CF1DE0F6BB65C2F8627B65A33C6BB62177CEBBDAD973006829F89F22E814B54F4BC2BE347F8AA8F681390B50FA73F804400B5F542E796F19FF974E7F78DB802FE05E20750
310
4B0304140006080800CC70623B8D05915C650500003B100000340000006662782F36394639363044362D344446342D343946362D394244322D3234314243333846323333332F6F626A656374732E786D6CAD575B6FA33814FE2B887D06429276DA1565D4266D158D3A339A6846FB502932E050B66023DB74D2FDF5FB190C01
310
9276B2973C046C8ECFF53B17071F77456EBD502133CEAE6CDF9DD81665314F32965ED995DA3A17B6F5310C04E7AA47665B8C14F4CAD6DB7618A48257A5D94AE89654B91AEDDEDDFC61C998326A5B714EA4BCB265FC440BE2924AF184CA6737218AB8E976E7FA6E4338649B0A523E8D98964450A6A029F619B8588D52FE7039
310
B1BD30F0F4F730D0FF866AF6369557DB33949F31A9088B0F848DD8CCFCF9F2767A76E99CCDE733677E3EF59D9BBB9BA5E37F984D16E78BC5E5F5ED25044B25C0C96822E8D60EEFE11B91C581D77CEA34368A1F5329E68CD1B8B61F16D63A1B8E092D294B10C78C4A48EB593D192E7DED9BDEE7995E1B91FDEDD3ACEA9FE831
310
6A756F9F7D4D79F4274C90A7A04248AA51D5F8C718DAE06FB2F75AC4796EBE65D22A88A22223B995679120E2D50E41AA49C260C046A35368846B0BECD0DFF3EBEB8AD4F835768F69B9ADF25C43D30E6B646F807FAA64AD59F61715C7A54127C4AACA98BA3006A9D792DAE165E0D59B61A01FB3A9F9D838D2DAE62445C86166
310
F37564E842E7DE6A69879FEEA2DD5AE7E371E1A5E025154AC307D06A03D73EB5978C58FFA4C8E9033066E0F3BD53BEC1F39F91BE7B55103791EDE6BBB991A2046172CB4581D8B893FA674DDA17A77B3B7C413D1B511FD2743BFF8A38F03A658705E3ADF8015C3A3417FF3D7E439FF591DA0B5F18BC20C1B8981957AE6392A3
310
F43C640C01D1A0B4728E2DD4F26DB4B3C3152A252A3B4E913CEC1C72F012782FF88EFF8637AA552DBEF76408E8A8DE9E50F9E1CB3A2DA0DB1B6039A893B56063DC5B3E3FFB5F72E67AB9FEB4AEC496C4F4C1149625DD662C53E89D7BF0F6151A046260D1337DFDC94502430F83B0EE07A130A224BCAD7DAE1D9FB6CD422FF6
310
920702629C4BB9AE79C12F243C6432A6794E18E5552BA56B431AAB5D91317302B2B071E86C3A42B1A02F999E24061403B5D0EB639195DA655DD3EBEAB4FB862DDF579F014AD0E73C22F99E28DA57FB98E75C6CA2D74D53086D600F4786E0FE3144B771A8A7B900F03594DB8A633CBC49B2EDB69228BB479CF863B5E807AAAB
310
23872F6DFEB4129B949CA33823F58830E86D65621E10047D9DB34D862E8EAC3C2ABC2F7B2C40D67CDFE01F5545B92105AF983AC54D93D69E56FB8E797F88913F898A9FEC705D3F9D1B54EC8426FB500D40A03BD0119B06E1B95DDC7EB8F6975367793EBD70E66733DFB9BC982F9CE564727731999F5D4ECFCE3B8D6A4DC2A0
310
6D50FD148437D110834A64C6CDDF57FBACB5C307A2A477DFE4939736CFEF2B175371E0E10CF0DD1D5C15654E0BCA14D1E87DD02FF93782A162C0A3D95F1524A52770F972BF1EE9809D13CE7DD599467F8ECE9ADD85CE85A34CD45355448C64F9E8A031DC2D596ACC6E5DD93D9B82DE2EF5CAF81363A8E47996A0DE24564A79
310
4115AACE09C55E14540231FDA13C319787134EBF34E3A022514E5B4D9E0826E25C02D5805B15ABE1BEF51B26383D445DD9E875EE33FE4C22DA16427D65A3BCA92CA6D28DD01DF5DC53330704308475351050232CCD31583787BA75774AFB06E5070DD0C8EF484E19968C5D83BA5B90B244D31E54D55A372320FE4786B7EA58
310
44E135AA5467CB7EA333A61683CC6A8C3257034C10CF46F40EF9F5BE59BE5BD30C3C72D235E95D10345C1D45445A5F0BB47E46A5EBE5570F9380B5FA629579952296A773720405982B9DE04011506178964401AA8BDF1FBF0A8EAB6861DD6580C0E38217056766716DAEB2D6FA0917D3E4116581EADB879C4E7CFFB11EFACD
310
3D641311495D92C8676CB409A72D18610D803CE8A626049E8EC1887CB5B44CC39883690DDA8399B4B9855B481E7D71D4A9D22F96E5BB73BF5793020C02137BF837504B0304140006080000CC70623B000000000000000000000000350000006662782F36394639363044362D344446342D343946362D394244322D32343142
310
43333846323333332F76657274696365732E62696E504B0304140006080800CC70623BF270F1330600000004000000360000006662782F36394639363044362D344446342D343946362D394244322D3234314243333846323333332F747269616E676C65732E62696E636660600000504B0304140006080000CC70623B0000
310
00000000000000000000370000006662782F36394639363044362D344446342D343946362D394244322D3234314243333846323333332F617474726962757465732E62696E504B0304140006080800CC70623B08DA0BD19000000041010000360000006662782F36394639363044362D344446342D343946362D394244322D
310
3234314243333846323333332F6469726563746F72792E786D6C858F410AC3201045AF22B36F53E9A60B35CBEEBAE80D244E44489C6234F4F835464A48035D0DF398FF9F8AF63D0E6CC63039F212F8F9020C7D47C6792B21C5FE7403D62A1188E2E60C98D7234A5830286103A55745067B9D86B8A3CF9C7F90C11DE607FB14
310
4396D7B6A82D282E9A152AD114D5EF2CB866EEE831B8EEA07A7BB5A8D7D61A2BAAEB7FD5F70921FF497D00504B0304140006080800CC70623BCA768048FE000000A00100003B0000006662782F36394639363044362D344446342D343946362D394244322D3234314243333846323333332F7265736F75726365732F636F72
310
652E786D6C8D50596E833010BD0A9ADFCA60D600328E9AA639412F609909B1126CE4A5EAF16B0295DABFFECC8CDEA2797AECF8353F924FB44E193D409E5248504B332A3D0D10FC95B4901C39B3C6F85F3248B49871801506CE266BC2B243D2688FDA47549B11775038871E12F988C7004EDE7016A9083E2ADC3D5D84BC8B09
310
D33C8D74D471E6BC8D0192EDC93A815B742658898E651BCB59086ADC356A8C3FD555A1055ED7E7E254D615792D0F075295F585746FF53B694EE78A565DD736979A65AB9933AFE69F8CD2A2F038022F28ED489E135A7CE4554F9BBEA85E68DB53CAB255FEC71496F19FA6A0B42F8B3DEE6673C0F318E4497096AD7DC5F52C33
310
EEB55BFE0D504B010214000A0000080000CC70623B3DEE336E79000000790000001B00000000000000000000000000000000006175746F6465736B2D64657369676E2D7061636B6167652E786D6C504B01021400140006080800CC70623BD486FD9CA0000000F40000001300000000000000000000000000B20000005B436F
310
6E74656E745F54797065735D2E786D6C504B01021400140006080800CC70623BD9DDAED0EC0000007C010000080000000000000000000000000083010000636F72652E786D6C504B01021400140006080800CC70623B55019EA25F0000007C000000070000000000000000000000000095020000636E782E786D6C504B0102
310
1400140006080800CC70623BA24EB22D72010000D40300000C00000000000000000000000000190300006662782F636F72652E786D6C504B01021400140006080800CC70623B408A7D3B7C0000009D0000000B00000000000000000000000000B50400006662782F636E782E786D6C504B01021400140006080800CC70623B
310
449FB9BD290100001202000031000000000000000000000000005A0500006662782F36394639363044362D344446342D343946362D394244322D3234314243333846323333332F636F72652E786D6C504B01021400140006080800CC70623BAD7543B64E010000330300003000000000000000000000000000D20600006662
310
782F36394639363044362D344446342D343946362D394244322D3234314243333846323333332F636E782E786D6C504B01021400140006080800CC70623B8D05915C650500003B10000034000000000000000000000000006E0800006662782F36394639363044362D344446342D343946362D394244322D32343142433338
310
46323333332F6F626A656374732E786D6C504B01021400140006080000CC70623B0000000000000000000000003500000000000000000000000000250E00006662782F36394639363044362D344446342D343946362D394244322D3234314243333846323333332F76657274696365732E62696E504B010214001400060808
310
00CC70623BF270F13306000000040000003600000000000000000000000000780E00006662782F36394639363044362D344446342D343946362D394244322D3234314243333846323333332F747269616E676C65732E62696E504B01021400140006080000CC70623B00000000000000000000000037000000000000000000
310
00000000D20E00006662782F36394639363044362D344446342D343946362D394244322D3234314243333846323333332F617474726962757465732E62696E504B01021400140006080800CC70623B08DA0BD190000000410100003600000000000000000000000000270F00006662782F36394639363044362D344446342D
310
343946362D394244322D3234314243333846323333332F6469726563746F72792E786D6C504B01021400140006080800CC70623BCA768048FE000000A00100003B000000000000000000000000000B1000006662782F36394639363044362D344446342D343946362D394244322D3234314243333846323333332F7265736F
310
75726365732F636F72652E786D6C504B0506000000000E000E0080040000621100000000
  0
XRECORD
  5
176
102
{ACAD_REACTORS
330
173
102
}
330
173
100
AcDbXrecord
280
     1
270
     1
271
     1
  0
XRECORD
  5
177
102
{ACAD_REACTORS
330
173
102
}
330
173
100
AcDbXrecord
280
     1
270
     1
271
     1
  0
XRECORD
  5
2B6
102
{ACAD_REACTORS
330
234
102
}
330
234
100
AcDbXrecord
280
     1
102
DISPLAYNAME
  1
Metric50
102
FLAGS
 90
        0
  0
CELLSTYLEMAP
  5
27C
102
{ACAD_REACTORS
330
162
102
}
330
162
100
AcDbCellStyleMap
 90
        3
300
CELLSTYLE
  1
TABLEFORMAT_BEGIN
 90
        5
170
     1
 91
        0
 92
    32768
 62
   257
 93
        1
300
CONTENTFORMAT
  1
CONTENTFORMAT_BEGIN
 90
        0
 91
        0
 92
      512
 93
        0
300

 40
0.0
140
1.0
 94
        5
 62
     0
340
11
144
6.0
309
CONTENTFORMAT_END
171
     1
301
MARGIN
  1
CELLMARGIN_BEGIN
 40
1.5
 40
1.5
 40
1.5
 40
1.5
 40
4.5
 40
4.5
309
CELLMARGIN_END
 94
        6
 95
        1
302
GRIDFORMAT
  1
GRIDFORMAT_BEGIN
 90
        0
 91
        1
 62
     0
 92
       -2
340
14
 93
        0
 40
1.125
309
GRIDFORMAT_END
 95
        2
302
GRIDFORMAT
  1
GRIDFORMAT_BEGIN
 90
        0
 91
        1
 62
     0
 92
       -2
340
14
 93
        0
 40
1.125
309
GRIDFORMAT_END
 95
        4
302
GRIDFORMAT
  1
GRIDFORMAT_BEGIN
 90
        0
 91
        1
 62
     0
 92
       -2
340
14
 93
        0
 40
1.125
309
GRIDFORMAT_END
 95
        8
302
GRIDFORMAT
  1
GRIDFORMAT_BEGIN
 90
        0
 91
        1
 62
     0
 92
       -2
340
14
 93
        0
 40
1.125
309
GRIDFORMAT_END
 95
       16
302
GRIDFORMAT
  1
GRIDFORMAT_BEGIN
 90
        0
 91
        1
 62
     0
 92
       -2
340
14
 93
        0
 40
1.125
309
GRIDFORMAT_END
 95
       32
302
GRIDFORMAT
  1
GRIDFORMAT_BEGIN
 90
        0
 91
        1
 62
     0
 92
       -2
340
14
 93
        0
 40
1.125
309
GRIDFORMAT_END
309
TABLEFORMAT_END
  1
CELLSTYLE_BEGIN
 90
        1
 91
        1
300
_TITLE
309
CELLSTYLE_END
300
CELLSTYLE
  1
TABLEFORMAT_BEGIN
 90
        5
170
     1
 91
        0
 92
        0
 62
   257
 93
        1
300
CONTENTFORMAT
  1
CONTENTFORMAT_BEGIN
 90
        0
 91
        0
 92
      512
 93
        0
300

 40
0.0
140
1.0
 94
        5
 62
     0
340
11
144
4.5
309
CONTENTFORMAT_END
171
     1
301
MARGIN
  1
CELLMARGIN_BEGIN
 40
1.5
 40
1.5
 40
1.5
 40
1.5
 40
4.5
 40
4.5
309
CELLMARGIN_END
 94
        6
 95
        1
302
GRIDFORMAT
  1
GRIDFORMAT_BEGIN
 90
        0
 91
        1
 62
     0
 92
       -2
340
14
 93
        0
 40
1.125
309
GRIDFORMAT_END
 95
        2
302
GRIDFORMAT
  1
GRIDFORMAT_BEGIN
 90
        0
 91
        1
 62
     0
 92
       -2
340
14
 93
        0
 40
1.125
309
GRIDFORMAT_END
 95
        4
302
GRIDFORMAT
  1
GRIDFORMAT_BEGIN
 90
        0
 91
        1
 62
     0
 92
       -2
340
14
 93
        0
 40
1.125
309
GRIDFORMAT_END
 95
        8
302
GRIDFORMAT
  1
GRIDFORMAT_BEGIN
 90
        0
 91
        1
 62
     0
 92
       -2
340
14
 93
        0
 40
1.125
309
GRIDFORMAT_END
 95
       16
302
GRIDFORMAT
  1
GRIDFORMAT_BEGIN
 90
        0
 91
        1
 62
     0
 92
       -2
340
14
 93
        0
 40
1.125
309
GRIDFORMAT_END
 95
       32
302
GRIDFORMAT
  1
GRIDFORMAT_BEGIN
 90
        0
 91
        1
 62
     0
 92
       -2
340
14
 93
        0
 40
1.125
309
GRIDFORMAT_END
309
TABLEFORMAT_END
  1
CELLSTYLE_BEGIN
 90
        2
 91
        1
300
_HEADER
309
CELLSTYLE_END
300
CELLSTYLE
  1
TABLEFORMAT_BEGIN
 90
        5
170
     1
 91
        0
 92
        0
 62
   257
 93
        1
300
CONTENTFORMAT
  1
CONTENTFORMAT_BEGIN
 90
        0
 91
        0
 92
      512
 93
        0
300

 40
0.0
140
1.0
 94
        2
 62
     0
340
11
144
4.5
309
CONTENTFORMAT_END
171
     1
301
MARGIN
  1
CELLMARGIN_BEGIN
 40
1.5
 40
1.5
 40
1.5
 40
1.5
 40
4.5
 40
4.5
309
CELLMARGIN_END
 94
        6
 95
        1
302
GRIDFORMAT
  1
GRIDFORMAT_BEGIN
 90
        0
 91
        1
 62
     0
 92
       -2
340
14
 93
        0
 40
1.125
309
GRIDFORMAT_END
 95
        2
302
GRIDFORMAT
  1
GRIDFORMAT_BEGIN
 90
        0
 91
        1
 62
     0
 92
       -2
340
14
 93
        0
 40
1.125
309
GRIDFORMAT_END
 95
        4
302
GRIDFORMAT
  1
GRIDFORMAT_BEGIN
 90
        0
 91
        1
 62
     0
 92
       -2
340
14
 93
        0
 40
1.125
309
GRIDFORMAT_END
 95
        8
302
GRIDFORMAT
  1
GRIDFORMAT_BEGIN
 90
        0
 91
        1
 62
     0
 92
       -2
340
14
 93
        0
 40
1.125
309
GRIDFORMAT_END
 95
       16
302
GRIDFORMAT
  1
GRIDFORMAT_BEGIN
 90
        0
 91
        1
 62
     0
 92
       -2
340
14
 93
        0
 40
1.125
309
GRIDFORMAT_END
 95
       32
302
GRIDFORMAT
  1
GRIDFORMAT_BEGIN
 90
        0
 91
        1
 62
     0
 92
       -2
340
14
 93
        0
 40
1.125
309
GRIDFORMAT_END
309
TABLEFORMAT_END
  1
CELLSTYLE_BEGIN
 90
        3
 91
        2
300
_DATA
309
CELLSTYLE_END
  0
XRECORD
  5
291
102
{ACAD_REACTORS
330
290
102
}
330
290
100
AcDbXrecord
280
     1
102
RTVSPost2010Prop28
280
     1
102
RTVSPost2010PropOp28
 70
     1
102
RTVSPost2010Prop29
280
     1
102
RTVSPost2010PropOp29
 70
     1
102
RTVSPost2010Prop30
280
     0
102
RTVSPost2010PropOp30
 70
     1
102
RTVSPost2010Prop31
280
     0
102
RTVSPost2010PropOp31
 70
     1
102
RTVSPost2010Prop32
280
     0
102
RTVSPost2010PropOp32
 70
     1
102
RTVSPost2010Prop33
280
     0
102
RTVSPost2010PropOp33
 70
     1
102
RTVSPost2010Prop34
280
     0
102
RTVSPost2010PropOp34
 70
     1
102
RTVSPost2010Prop35
280
     0
102
RTVSPost2010PropOp35
 70
     1
102
RTVSPost2010Prop36
280
     0
102
RTVSPost2010PropOp36
 70
     1
102
RTVSPost2010Prop37
 90
       50
102
RTVSPost2010PropOp37
 70
     1
102
RTVSPost2010Prop38
140
0.0
102
RTVSPost2010PropOp38
 70
     1
102
RTVSPost2010Prop39
140
1.0
102
RTVSPost2010PropOp39
 70
     1
102
RTVSPost2010Prop40
 90
        0
102
RTVSPost2010PropOp40
 70
     1
102
RTVSPost2010Prop41ColorIndex
 90
       18
102
RTVSPost2010Prop41ColorRGB
 90
        0
102
RTVSPost2010PropOp41
 70
     1
102
RTVSPost2010Prop42
 90
       50
102
RTVSPost2010PropOp42
 70
     1
102
RTVSPost2010Prop43
 90
        3
102
RTVSPost2010PropOp43
 70
     1
102
RTVSPost2010Prop44ColorIndex
 90
        5
102
RTVSPost2010Prop44ColorRGB
 90
      255
102
RTVSPost2010PropOp44
 70
     1
102
RTVSPost2010Prop45
280
     0
102
RTVSPost2010PropOp45
 70
     1
102
RTVSPost2010Prop46
 90
       50
102
RTVSPost2010PropOp46
 70
     1
102
RTVSPost2010Prop47
 90
       50
102
RTVSPost2010PropOp47
 70
     1
102
RTVSPost2010Prop48
 90
       50
102
RTVSPost2010PropOp48
 70
     1
102
RTVSPost2010Prop49
280
     0
102
RTVSPost2010PropOp49
 70
     1
102
RTVSPost2010Prop50
 90
       50
102
RTVSPost2010PropOp50
 70
     1
102
RTVSPost2010Prop51ColorIndex
 90
      256
102
RTVSPost2010Prop51ColorRGB
 90
-16777216
102
RTVSPost2010PropOp51
 70
     0
102
RTVSPost2010Prop52
140
1.0
102
RTVSPost2010PropOp52
 70
     0
102
RTVSPost2010Prop53
 90
        2
102
RTVSPost2010PropOp53
 70
     1
102
RTVSPost2010Prop54
  1
strokes_ogs.tif
102
RTVSPost2010PropOp54
 70
     1
102
RTVSPost2010Prop55
280
     0
102
RTVSPost2010PropOp55
 70
     1
102
RTVSPost2010Prop56
140
1.0
102
RTVSPost2010PropOp56
 70
     1
102
RTVSPost2010Prop57
140
1.0
102
RTVSPost2010PropOp57
 70
     1
102
RTVSPropertyOp0
 70
     1
102
RTVSPropertyOp1
 70
     1
102
RTVSPropertyOp2
 70
     1
102
RTVSPropertyOp3
 70
     1
102
RTVSPropertyOp4
 70
     1
102
RTVSPropertyOp5
 70
     1
102
RTVSPropertyOp6
 70
     1
102
RTVSPropertyOp7
 70
     1
102
RTVSPropertyOp8
 70
     1
102
RTVSPropertyOp9
 70
     1
102
RTVSPropertyOp10
 70
     1
102
RTVSPropertyOp11
 70
     1
102
RTVSPropertyOp12
 70
     1
102
RTVSPropertyOp13
 70
     1
102
RTVSPropertyOp14
 70
     1
102
RTVSPropertyOp15
 70
     1
102
RTVSPropertyOp16
 70
     1
102
RTVSPropertyOp17
 70
     1
102
RTVSPropertyOp18
 70
     1
102
RTVSPropertyOp19
 70
     1
102
RTVSPropertyOp20
 70
     1
102
RTVSPropertyOp21
 70
     1
102
RTVSPropertyOp22
 70
     1
102
RTVSPropertyOp23
 70
     1
102
RTVSPropertyOp24
 70
     1
102
RTVSPropertyOp25
 70
     1
102
RTVSPropertyOp26
 70
     1
102
RTVSPropertyOp27
 70
     1
102
RTVSPropertyOp28
 70
     1
102
RTVSPropertyOp29
 70
     1
102
RTVSPropertyOp30
 70
     1
102
RTVSPropertyOp31
 70
     1
102
RTVSPropertyOp32
 70
     1
102
RTVSPropertyOp33
 70
     1
102
RTVSPropertyOp34
 70
     1
102
RTVSPropertyOp35
 70
     1
102
RTVSPropertyOp36
 70
     1
102
RTVSPropertyOp37
 70
     1
102
RTVSPropertyOp38
 70
     1
102
RTVSPropertyOp39
 70
     1
102
RTVSPropertyOp40
 70
     1
102
RTVSPropertyOp41
 70
     1
102
RTVSPropertyOp42
 70
     1
102
RTVSPropertyOp43
 70
     1
102
RTVSPropertyOp44
 70
     1
102
RTVSPropertyOp45
 70
     1
102
RTVSPropertyOp46
 70
     1
102
RTVSPropertyOp47
 70
     1
102
RTVSPropertyOp48
 70
     1
102
RTVSPropertyOp49
 70
     1
102
RTVSPropertyOp50
 70
     1
102
RTVSPropertyOp51
 70
     0
102
RTVSPropertyOp52
 70
     0
102
RTVSPropertyOp53
 70
     1
102
RTVSPropertyOp54
 70
     1
102
RTVSPropertyOp55
 70
     1
102
RTVSPropertyOp56
 70
     1
102
RTVSPropertyOp57
 70
     1
102
RTVSPropertyOp58
 70
     1
102
RTVSPropertyOp59
 70
     1
102
RTVSPropertyOp60
 70
     1
102
RTVSPropertyOp61
 70
     1
102
RTVSPropertyOp62
 70
     1
  0
XRECORD
  5
28F
102
{ACAD_REACTORS
330
28E
102
}
330
28E
100
AcDbXrecord
280
     1
102
RTVSPost2010Prop28
280
     0
102
RTVSPost2010PropOp28
 70
     1
102
RTVSPost2010Prop29
280
     1
102
RTVSPost2010PropOp29
 70
     1
102
RTVSPost2010Prop30
280
     1
102
RTVSPost2010PropOp30
 70
     1
102
RTVSPost2010Prop31
280
     0
102
RTVSPost2010PropOp31
 70
     1
102
RTVSPost2010Prop32
280
     0
102
RTVSPost2010PropOp32
 70
     1
102
RTVSPost2010Prop33
280
     0
102
RTVSPost2010PropOp33
 70
     1
102
RTVSPost2010Prop34
280
     0
102
RTVSPost2010PropOp34
 70
     1
102
RTVSPost2010Prop35
280
     0
102
RTVSPost2010PropOp35
 70
     1
102
RTVSPost2010Prop36
280
     0
102
RTVSPost2010PropOp36
 70
     1
102
RTVSPost2010Prop37
 90
       50
102
RTVSPost2010PropOp37
 70
     1
102
RTVSPost2010Prop38
140
0.0
102
RTVSPost2010PropOp38
 70
     1
102
RTVSPost2010Prop39
140
1.0
102
RTVSPost2010PropOp39
 70
     1
102
RTVSPost2010Prop40
 90
        0
102
RTVSPost2010PropOp40
 70
     1
102
RTVSPost2010Prop41ColorIndex
 90
       18
102
RTVSPost2010Prop41ColorRGB
 90
        0
102
RTVSPost2010PropOp41
 70
     1
102
RTVSPost2010Prop42
 90
       50
102
RTVSPost2010PropOp42
 70
     1
102
RTVSPost2010Prop43
 90
        3
102
RTVSPost2010PropOp43
 70
     1
102
RTVSPost2010Prop44ColorIndex
 90
        5
102
RTVSPost2010Prop44ColorRGB
 90
      255
102
RTVSPost2010PropOp44
 70
     1
102
RTVSPost2010Prop45
280
     0
102
RTVSPost2010PropOp45
 70
     1
102
RTVSPost2010Prop46
 90
       50
102
RTVSPost2010PropOp46
 70
     1
102
RTVSPost2010Prop47
 90
       50
102
RTVSPost2010PropOp47
 70
     1
102
RTVSPost2010Prop48
 90
       50
102
RTVSPost2010PropOp48
 70
     1
102
RTVSPost2010Prop49
280
     0
102
RTVSPost2010PropOp49
 70
     1
102
RTVSPost2010Prop50
 90
       50
102
RTVSPost2010PropOp50
 70
     1
102
RTVSPost2010Prop51ColorIndex
 90
      256
102
RTVSPost2010Prop51ColorRGB
 90
-16777216
102
RTVSPost2010PropOp51
 70
     0
102
RTVSPost2010Prop52
140
1.0
102
RTVSPost2010PropOp52
 70
     0
102
RTVSPost2010Prop53
 90
        2
102
RTVSPost2010PropOp53
 70
     1
102
RTVSPost2010Prop54
  1
strokes_ogs.tif
102
RTVSPost2010PropOp54
 70
     1
102
RTVSPost2010Prop55
280
     0
102
RTVSPost2010PropOp55
 70
     1
102
RTVSPost2010Prop56
140
1.0
102
RTVSPost2010PropOp56
 70
     1
102
RTVSPost2010Prop57
140
1.0
102
RTVSPost2010PropOp57
 70
     1
102
RTVSPropertyOp0
 70
     1
102
RTVSPropertyOp1
 70
     1
102
RTVSPropertyOp2
 70
     1
102
RTVSPropertyOp3
 70
     1
102
RTVSPropertyOp4
 70
     1
102
RTVSPropertyOp5
 70
     1
102
RTVSPropertyOp6
 70
     1
102
RTVSPropertyOp7
 70
     1
102
RTVSPropertyOp8
 70
     1
102
RTVSPropertyOp9
 70
     1
102
RTVSPropertyOp10
 70
     1
102
RTVSPropertyOp11
 70
     1
102
RTVSPropertyOp12
 70
     1
102
RTVSPropertyOp13
 70
     1
102
RTVSPropertyOp14
 70
     1
102
RTVSPropertyOp15
 70
     1
102
RTVSPropertyOp16
 70
     1
102
RTVSPropertyOp17
 70
     1
102
RTVSPropertyOp18
 70
     1
102
RTVSPropertyOp19
 70
     1
102
RTVSPropertyOp20
 70
     1
102
RTVSPropertyOp21
 70
     1
102
RTVSPropertyOp22
 70
     1
102
RTVSPropertyOp23
 70
     1
102
RTVSPropertyOp24
 70
     1
102
RTVSPropertyOp25
 70
     1
102
RTVSPropertyOp26
 70
     1
102
RTVSPropertyOp27
 70
     1
102
RTVSPropertyOp28
 70
     1
102
RTVSPropertyOp29
 70
     1
102
RTVSPropertyOp30
 70
     1
102
RTVSPropertyOp31
 70
     1
102
RTVSPropertyOp32
 70
     1
102
RTVSPropertyOp33
 70
     1
102
RTVSPropertyOp34
 70
     1
102
RTVSPropertyOp35
 70
     1
102
RTVSPropertyOp36
 70
     1
102
RTVSPropertyOp37
 70
     1
102
RTVSPropertyOp38
 70
     1
102
RTVSPropertyOp39
 70
     1
102
RTVSPropertyOp40
 70
     1
102
RTVSPropertyOp41
 70
     1
102
RTVSPropertyOp42
 70
     1
102
RTVSPropertyOp43
 70
     1
102
RTVSPropertyOp44
 70
     1
102
RTVSPropertyOp45
 70
     1
102
RTVSPropertyOp46
 70
     1
102
RTVSPropertyOp47
 70
     1
102
RTVSPropertyOp48
 70
     1
102
RTVSPropertyOp49
 70
     1
102
RTVSPropertyOp50
 70
     1
102
RTVSPropertyOp51
 70
     0
102
RTVSPropertyOp52
 70
     0
102
RTVSPropertyOp53
 70
     1
102
RTVSPropertyOp54
 70
     1
102
RTVSPropertyOp55
 70
     1
102
RTVSPropertyOp56
 70
     1
102
RTVSPropertyOp57
 70
     1
102
RTVSPropertyOp58
 70
     1
102
RTVSPropertyOp59
 70
     1
102
RTVSPropertyOp60
 70
     1
102
RTVSPropertyOp61
 70
     1
102
RTVSPropertyOp62
 70
     1
  0
XRECORD
  5
29D
102
{ACAD_REACTORS
330
29C
102
}
330
29C
100
AcDbXrecord
280
     1
102
RTVSPost2010Prop28
280
     0
102
RTVSPost2010PropOp28
 70
     1
102
RTVSPost2010Prop29
280
     1
102
RTVSPost2010PropOp29
 70
     1
102
RTVSPost2010Prop30
280
     1
102
RTVSPost2010PropOp30
 70
     1
102
RTVSPost2010Prop31
280
     0
102
RTVSPost2010PropOp31
 70
     1
102
RTVSPost2010Prop32
280
     0
102
RTVSPost2010PropOp32
 70
     1
102
RTVSPost2010Prop33
280
     0
102
RTVSPost2010PropOp33
 70
     1
102
RTVSPost2010Prop34
280
     0
102
RTVSPost2010PropOp34
 70
     1
102
RTVSPost2010Prop35
280
     0
102
RTVSPost2010PropOp35
 70
     1
102
RTVSPost2010Prop36
280
     0
102
RTVSPost2010PropOp36
 70
     1
102
RTVSPost2010Prop37
 90
       50
102
RTVSPost2010PropOp37
 70
     1
102
RTVSPost2010Prop38
140
0.0
102
RTVSPost2010PropOp38
 70
     1
102
RTVSPost2010Prop39
140
1.0
102
RTVSPost2010PropOp39
 70
     1
102
RTVSPost2010Prop40
 90
        0
102
RTVSPost2010PropOp40
 70
     1
102
RTVSPost2010Prop41ColorIndex
 90
       18
102
RTVSPost2010Prop41ColorRGB
 90
        0
102
RTVSPost2010PropOp41
 70
     1
102
RTVSPost2010Prop42
 90
       50
102
RTVSPost2010PropOp42
 70
     1
102
RTVSPost2010Prop43
 90
        3
102
RTVSPost2010PropOp43
 70
     1
102
RTVSPost2010Prop44ColorIndex
 90
        5
102
RTVSPost2010Prop44ColorRGB
 90
      255
102
RTVSPost2010PropOp44
 70
     1
102
RTVSPost2010Prop45
280
     0
102
RTVSPost2010PropOp45
 70
     1
102
RTVSPost2010Prop46
 90
       50
102
RTVSPost2010PropOp46
 70
     1
102
RTVSPost2010Prop47
 90
       50
102
RTVSPost2010PropOp47
 70
     1
102
RTVSPost2010Prop48
 90
       50
102
RTVSPost2010PropOp48
 70
     1
102
RTVSPost2010Prop49
280
     0
102
RTVSPost2010PropOp49
 70
     1
102
RTVSPost2010Prop50
 90
       50
102
RTVSPost2010PropOp50
 70
     1
102
RTVSPost2010Prop51ColorIndex
 90
      256
102
RTVSPost2010Prop51ColorRGB
 90
-16777216
102
RTVSPost2010PropOp51
 70
     0
102
RTVSPost2010Prop52
140
1.0
102
RTVSPost2010PropOp52
 70
     0
102
RTVSPost2010Prop53
 90
        2
102
RTVSPost2010PropOp53
 70
     1
102
RTVSPost2010Prop54
  1
strokes_ogs.tif
102
RTVSPost2010PropOp54
 70
     1
102
RTVSPost2010Prop55
280
     0
102
RTVSPost2010PropOp55
 70
     1
102
RTVSPost2010Prop56
140
1.0
102
RTVSPost2010PropOp56
 70
     1
102
RTVSPost2010Prop57
140
1.0
102
RTVSPost2010PropOp57
 70
     1
102
RTVSPropertyOp0
 70
     1
102
RTVSPropertyOp1
 70
     1
102
RTVSPropertyOp2
 70
     1
102
RTVSPropertyOp3
 70
     1
102
RTVSPropertyOp4
 70
     1
102
RTVSPropertyOp5
 70
     1
102
RTVSPropertyOp6
 70
     1
102
RTVSPropertyOp7
 70
     1
102
RTVSPropertyOp8
 70
     1
102
RTVSPropertyOp9
 70
     1
102
RTVSPropertyOp10
 70
     1
102
RTVSPropertyOp11
 70
     1
102
RTVSPropertyOp12
 70
     1
102
RTVSPropertyOp13
 70
     1
102
RTVSPropertyOp14
 70
     1
102
RTVSPropertyOp15
 70
     1
102
RTVSPropertyOp16
 70
     1
102
RTVSPropertyOp17
 70
     1
102
RTVSPropertyOp18
 70
     1
102
RTVSPropertyOp19
 70
     1
102
RTVSPropertyOp20
 70
     1
102
RTVSPropertyOp21
 70
     1
102
RTVSPropertyOp22
 70
     1
102
RTVSPropertyOp23
 70
     1
102
RTVSPropertyOp24
 70
     1
102
RTVSPropertyOp25
 70
     1
102
RTVSPropertyOp26
 70
     1
102
RTVSPropertyOp27
 70
     1
102
RTVSPropertyOp28
 70
     1
102
RTVSPropertyOp29
 70
     1
102
RTVSPropertyOp30
 70
     1
102
RTVSPropertyOp31
 70
     1
102
RTVSPropertyOp32
 70
     1
102
RTVSPropertyOp33
 70
     1
102
RTVSPropertyOp34
 70
     1
102
RTVSPropertyOp35
 70
     1
102
RTVSPropertyOp36
 70
     1
102
RTVSPropertyOp37
 70
     1
102
RTVSPropertyOp38
 70
     1
102
RTVSPropertyOp39
 70
     1
102
RTVSPropertyOp40
 70
     1
102
RTVSPropertyOp41
 70
     1
102
RTVSPropertyOp42
 70
     1
102
RTVSPropertyOp43
 70
     1
102
RTVSPropertyOp44
 70
     1
102
RTVSPropertyOp45
 70
     1
102
RTVSPropertyOp46
 70
     1
102
RTVSPropertyOp47
 70
     1
102
RTVSPropertyOp48
 70
     1
102
RTVSPropertyOp49
 70
     1
102
RTVSPropertyOp50
 70
     1
102
RTVSPropertyOp51
 70
     0
102
RTVSPropertyOp52
 70
     0
102
RTVSPropertyOp53
 70
     1
102
RTVSPropertyOp54
 70
     1
102
RTVSPropertyOp55
 70
     1
102
RTVSPropertyOp56
 70
     1
102
RTVSPropertyOp57
 70
     1
102
RTVSPropertyOp58
 70
     1
102
RTVSPropertyOp59
 70
     1
102
RTVSPropertyOp60
 70
     1
102
RTVSPropertyOp61
 70
     1
102
RTVSPropertyOp62
 70
     1
  0
XRECORD
  5
2A5
102
{ACAD_REACTORS
330
2A4
102
}
330
2A4
100
AcDbXrecord
280
     1
102
RTVSPost2010Prop28
280
     0
102
RTVSPost2010PropOp28
 70
     1
102
RTVSPost2010Prop29
280
     1
102
RTVSPost2010PropOp29
 70
     1
102
RTVSPost2010Prop30
280
     1
102
RTVSPost2010PropOp30
 70
     1
102
RTVSPost2010Prop31
280
     0
102
RTVSPost2010PropOp31
 70
     1
102
RTVSPost2010Prop32
280
     0
102
RTVSPost2010PropOp32
 70
     1
102
RTVSPost2010Prop33
280
     0
102
RTVSPost2010PropOp33
 70
     1
102
RTVSPost2010Prop34
280
     0
102
RTVSPost2010PropOp34
 70
     1
102
RTVSPost2010Prop35
280
     0
102
RTVSPost2010PropOp35
 70
     1
102
RTVSPost2010Prop36
280
     0
102
RTVSPost2010PropOp36
 70
     1
102
RTVSPost2010Prop37
 90
       50
102
RTVSPost2010PropOp37
 70
     1
102
RTVSPost2010Prop38
140
0.0
102
RTVSPost2010PropOp38
 70
     1
102
RTVSPost2010Prop39
140
1.0
102
RTVSPost2010PropOp39
 70
     1
102
RTVSPost2010Prop40
 90
        0
102
RTVSPost2010PropOp40
 70
     1
102
RTVSPost2010Prop41ColorIndex
 90
       18
102
RTVSPost2010Prop41ColorRGB
 90
        0
102
RTVSPost2010PropOp41
 70
     1
102
RTVSPost2010Prop42
 90
       50
102
RTVSPost2010PropOp42
 70
     1
102
RTVSPost2010Prop43
 90
        3
102
RTVSPost2010PropOp43
 70
     1
102
RTVSPost2010Prop44ColorIndex
 90
        5
102
RTVSPost2010Prop44ColorRGB
 90
      255
102
RTVSPost2010PropOp44
 70
     1
102
RTVSPost2010Prop45
280
     0
102
RTVSPost2010PropOp45
 70
     1
102
RTVSPost2010Prop46
 90
       50
102
RTVSPost2010PropOp46
 70
     1
102
RTVSPost2010Prop47
 90
       50
102
RTVSPost2010PropOp47
 70
     1
102
RTVSPost2010Prop48
 90
       50
102
RTVSPost2010PropOp48
 70
     1
102
RTVSPost2010Prop49
280
     0
102
RTVSPost2010PropOp49
 70
     1
102
RTVSPost2010Prop50
 90
       50
102
RTVSPost2010PropOp50
 70
     1
102
RTVSPost2010Prop51ColorIndex
 90
      256
102
RTVSPost2010Prop51ColorRGB
 90
-16777216
102
RTVSPost2010PropOp51
 70
     0
102
RTVSPost2010Prop52
140
1.0
102
RTVSPost2010PropOp52
 70
     0
102
RTVSPost2010Prop53
 90
        2
102
RTVSPost2010PropOp53
 70
     1
102
RTVSPost2010Prop54
  1
strokes_ogs.tif
102
RTVSPost2010PropOp54
 70
     1
102
RTVSPost2010Prop55
280
     0
102
RTVSPost2010PropOp55
 70
     1
102
RTVSPost2010Prop56
140
1.0
102
RTVSPost2010PropOp56
 70
     1
102
RTVSPost2010Prop57
140
1.0
102
RTVSPost2010PropOp57
 70
     1
102
RTVSPropertyOp0
 70
     1
102
RTVSPropertyOp1
 70
     1
102
RTVSPropertyOp2
 70
     1
102
RTVSPropertyOp3
 70
     1
102
RTVSPropertyOp4
 70
     1
102
RTVSPropertyOp5
 70
     1
102
RTVSPropertyOp6
 70
     1
102
RTVSPropertyOp7
 70
     1
102
RTVSPropertyOp8
 70
     1
102
RTVSPropertyOp9
 70
     1
102
RTVSPropertyOp10
 70
     1
102
RTVSPropertyOp11
 70
     1
102
RTVSPropertyOp12
 70
     1
102
RTVSPropertyOp13
 70
     1
102
RTVSPropertyOp14
 70
     1
102
RTVSPropertyOp15
 70
     1
102
RTVSPropertyOp16
 70
     1
102
RTVSPropertyOp17
 70
     1
102
RTVSPropertyOp18
 70
     1
102
RTVSPropertyOp19
 70
     1
102
RTVSPropertyOp20
 70
     1
102
RTVSPropertyOp21
 70
     1
102
RTVSPropertyOp22
 70
     1
102
RTVSPropertyOp23
 70
     1
102
RTVSPropertyOp24
 70
     1
102
RTVSPropertyOp25
 70
     1
102
RTVSPropertyOp26
 70
     1
102
RTVSPropertyOp27
 70
     1
102
RTVSPropertyOp28
 70
     1
102
RTVSPropertyOp29
 70
     1
102
RTVSPropertyOp30
 70
     1
102
RTVSPropertyOp31
 70
     1
102
RTVSPropertyOp32
 70
     1
102
RTVSPropertyOp33
 70
     1
102
RTVSPropertyOp34
 70
     1
102
RTVSPropertyOp35
 70
     1
102
RTVSPropertyOp36
 70
     1
102
RTVSPropertyOp37
 70
     1
102
RTVSPropertyOp38
 70
     1
102
RTVSPropertyOp39
 70
     1
102
RTVSPropertyOp40
 70
     1
102
RTVSPropertyOp41
 70
     1
102
RTVSPropertyOp42
 70
     1
102
RTVSPropertyOp43
 70
     1
102
RTVSPropertyOp44
 70
     1
102
RTVSPropertyOp45
 70
     1
102
RTVSPropertyOp46
 70
     1
102
RTVSPropertyOp47
 70
     1
102
RTVSPropertyOp48
 70
     1
102
RTVSPropertyOp49
 70
     1
102
RTVSPropertyOp50
 70
     1
102
RTVSPropertyOp51
 70
     0
102
RTVSPropertyOp52
 70
     0
102
RTVSPropertyOp53
 70
     1
102
RTVSPropertyOp54
 70
     1
102
RTVSPropertyOp55
 70
     1
102
RTVSPropertyOp56
 70
     1
102
RTVSPropertyOp57
 70
     1
102
RTVSPropertyOp58
 70
     1
102
RTVSPropertyOp59
 70
     1
102
RTVSPropertyOp60
 70
     1
102
RTVSPropertyOp61
 70
     1
102
RTVSPropertyOp62
 70
     1
  0
XRECORD
  5
297
102
{ACAD_REACTORS
330
296
102
}
330
296
100
AcDbXrecord
280
     1
102
RTVSPost2010Prop28
280
     0
102
RTVSPost2010PropOp28
 70
     1
102
RTVSPost2010Prop29
280
     1
102
RTVSPost2010PropOp29
 70
     1
102
RTVSPost2010Prop30
280
     1
102
RTVSPost2010PropOp30
 70
     1
102
RTVSPost2010Prop31
280
     0
102
RTVSPost2010PropOp31
 70
     1
102
RTVSPost2010Prop32
280
     0
102
RTVSPost2010PropOp32
 70
     1
102
RTVSPost2010Prop33
280
     0
102
RTVSPost2010PropOp33
 70
     1
102
RTVSPost2010Prop34
280
     0
102
RTVSPost2010PropOp34
 70
     1
102
RTVSPost2010Prop35
280
     0
102
RTVSPost2010PropOp35
 70
     1
102
RTVSPost2010Prop36
280
     0
102
RTVSPost2010PropOp36
 70
     1
102
RTVSPost2010Prop37
 90
       50
102
RTVSPost2010PropOp37
 70
     1
102
RTVSPost2010Prop38
140
0.0
102
RTVSPost2010PropOp38
 70
     1
102
RTVSPost2010Prop39
140
1.0
102
RTVSPost2010PropOp39
 70
     1
102
RTVSPost2010Prop40
 90
        0
102
RTVSPost2010PropOp40
 70
     1
102
RTVSPost2010Prop41ColorIndex
 90
       18
102
RTVSPost2010Prop41ColorRGB
 90
        0
102
RTVSPost2010PropOp41
 70
     1
102
RTVSPost2010Prop42
 90
       50
102
RTVSPost2010PropOp42
 70
     1
102
RTVSPost2010Prop43
 90
        3
102
RTVSPost2010PropOp43
 70
     1
102
RTVSPost2010Prop44ColorIndex
 90
        5
102
RTVSPost2010Prop44ColorRGB
 90
      255
102
RTVSPost2010PropOp44
 70
     1
102
RTVSPost2010Prop45
280
     0
102
RTVSPost2010PropOp45
 70
     1
102
RTVSPost2010Prop46
 90
       50
102
RTVSPost2010PropOp46
 70
     1
102
RTVSPost2010Prop47
 90
       50
102
RTVSPost2010PropOp47
 70
     1
102
RTVSPost2010Prop48
 90
       50
102
RTVSPost2010PropOp48
 70
     1
102
RTVSPost2010Prop49
280
     0
102
RTVSPost2010PropOp49
 70
     1
102
RTVSPost2010Prop50
 90
       50
102
RTVSPost2010PropOp50
 70
     1
102
RTVSPost2010Prop51ColorIndex
 90
      256
102
RTVSPost2010Prop51ColorRGB
 90
-16777216
102
RTVSPost2010PropOp51
 70
     0
102
RTVSPost2010Prop52
140
1.0
102
RTVSPost2010PropOp52
 70
     0
102
RTVSPost2010Prop53
 90
        2
102
RTVSPost2010PropOp53
 70
     1
102
RTVSPost2010Prop54
  1
strokes_ogs.tif
102
RTVSPost2010PropOp54
 70
     1
102
RTVSPost2010Prop55
280
     0
102
RTVSPost2010PropOp55
 70
     1
102
RTVSPost2010Prop56
140
1.0
102
RTVSPost2010PropOp56
 70
     1
102
RTVSPost2010Prop57
140
1.0
102
RTVSPost2010PropOp57
 70
     1
102
RTVSPropertyOp0
 70
     1
102
RTVSPropertyOp1
 70
     1
102
RTVSPropertyOp2
 70
     1
102
RTVSPropertyOp3
 70
     1
102
RTVSPropertyOp4
 70
     1
102
RTVSPropertyOp5
 70
     1
102
RTVSPropertyOp6
 70
     1
102
RTVSPropertyOp7
 70
     1
102
RTVSPropertyOp8
 70
     1
102
RTVSPropertyOp9
 70
     1
102
RTVSPropertyOp10
 70
     1
102
RTVSPropertyOp11
 70
     1
102
RTVSPropertyOp12
 70
     1
102
RTVSPropertyOp13
 70
     1
102
RTVSPropertyOp14
 70
     1
102
RTVSPropertyOp15
 70
     1
102
RTVSPropertyOp16
 70
     1
102
RTVSPropertyOp17
 70
     1
102
RTVSPropertyOp18
 70
     1
102
RTVSPropertyOp19
 70
     1
102
RTVSPropertyOp20
 70
     1
102
RTVSPropertyOp21
 70
     1
102
RTVSPropertyOp22
 70
     1
102
RTVSPropertyOp23
 70
     1
102
RTVSPropertyOp24
 70
     1
102
RTVSPropertyOp25
 70
     1
102
RTVSPropertyOp26
 70
     1
102
RTVSPropertyOp27
 70
     1
102
RTVSPropertyOp28
 70
     1
102
RTVSPropertyOp29
 70
     1
102
RTVSPropertyOp30
 70
     1
102
RTVSPropertyOp31
 70
     1
102
RTVSPropertyOp32
 70
     1
102
RTVSPropertyOp33
 70
     1
102
RTVSPropertyOp34
 70
     1
102
RTVSPropertyOp35
 70
     1
102
RTVSPropertyOp36
 70
     1
102
RTVSPropertyOp37
 70
     1
102
RTVSPropertyOp38
 70
     1
102
RTVSPropertyOp39
 70
     1
102
RTVSPropertyOp40
 70
     1
102
RTVSPropertyOp41
 70
     1
102
RTVSPropertyOp42
 70
     1
102
RTVSPropertyOp43
 70
     1
102
RTVSPropertyOp44
 70
     1
102
RTVSPropertyOp45
 70
     1
102
RTVSPropertyOp46
 70
     1
102
RTVSPropertyOp47
 70
     1
102
RTVSPropertyOp48
 70
     1
102
RTVSPropertyOp49
 70
     1
102
RTVSPropertyOp50
 70
     1
102
RTVSPropertyOp51
 70
     0
102
RTVSPropertyOp52
 70
     0
102
RTVSPropertyOp53
 70
     1
102
RTVSPropertyOp54
 70
     1
102
RTVSPropertyOp55
 70
     1
102
RTVSPropertyOp56
 70
     1
102
RTVSPropertyOp57
 70
     1
102
RTVSPropertyOp58
 70
     1
102
RTVSPropertyOp59
 70
     1
102
RTVSPropertyOp60
 70
     1
102
RTVSPropertyOp61
 70
     1
102
RTVSPropertyOp62
 70
     1
  0
XRECORD
  5
29B
102
{ACAD_REACTORS
330
29A
102
}
330
29A
100
AcDbXrecord
280
     1
102
RTVSPost2010Prop28
280
     0
102
RTVSPost2010PropOp28
 70
     1
102
RTVSPost2010Prop29
280
     1
102
RTVSPost2010PropOp29
 70
     1
102
RTVSPost2010Prop30
280
     1
102
RTVSPost2010PropOp30
 70
     1
102
RTVSPost2010Prop31
280
     0
102
RTVSPost2010PropOp31
 70
     1
102
RTVSPost2010Prop32
280
     0
102
RTVSPost2010PropOp32
 70
     1
102
RTVSPost2010Prop33
280
     0
102
RTVSPost2010PropOp33
 70
     1
102
RTVSPost2010Prop34
280
     0
102
RTVSPost2010PropOp34
 70
     1
102
RTVSPost2010Prop35
280
     0
102
RTVSPost2010PropOp35
 70
     1
102
RTVSPost2010Prop36
280
     0
102
RTVSPost2010PropOp36
 70
     1
102
RTVSPost2010Prop37
 90
       50
102
RTVSPost2010PropOp37
 70
     1
102
RTVSPost2010Prop38
140
0.0
102
RTVSPost2010PropOp38
 70
     1
102
RTVSPost2010Prop39
140
1.0
102
RTVSPost2010PropOp39
 70
     1
102
RTVSPost2010Prop40
 90
        0
102
RTVSPost2010PropOp40
 70
     1
102
RTVSPost2010Prop41ColorIndex
 90
       18
102
RTVSPost2010Prop41ColorRGB
 90
        0
102
RTVSPost2010PropOp41
 70
     1
102
RTVSPost2010Prop42
 90
       50
102
RTVSPost2010PropOp42
 70
     1
102
RTVSPost2010Prop43
 90
        3
102
RTVSPost2010PropOp43
 70
     1
102
RTVSPost2010Prop44ColorIndex
 90
        5
102
RTVSPost2010Prop44ColorRGB
 90
      255
102
RTVSPost2010PropOp44
 70
     1
102
RTVSPost2010Prop45
280
     0
102
RTVSPost2010PropOp45
 70
     1
102
RTVSPost2010Prop46
 90
       50
102
RTVSPost2010PropOp46
 70
     1
102
RTVSPost2010Prop47
 90
       50
102
RTVSPost2010PropOp47
 70
     1
102
RTVSPost2010Prop48
 90
       50
102
RTVSPost2010PropOp48
 70
     1
102
RTVSPost2010Prop49
280
     0
102
RTVSPost2010PropOp49
 70
     1
102
RTVSPost2010Prop50
 90
       50
102
RTVSPost2010PropOp50
 70
     1
102
RTVSPost2010Prop51ColorIndex
 90
      256
102
RTVSPost2010Prop51ColorRGB
 90
-16777216
102
RTVSPost2010PropOp51
 70
     0
102
RTVSPost2010Prop52
140
1.0
102
RTVSPost2010PropOp52
 70
     0
102
RTVSPost2010Prop53
 90
        2
102
RTVSPost2010PropOp53
 70
     1
102
RTVSPost2010Prop54
  1
strokes_ogs.tif
102
RTVSPost2010PropOp54
 70
     1
102
RTVSPost2010Prop55
280
     0
102
RTVSPost2010PropOp55
 70
     1
102
RTVSPost2010Prop56
140
1.0
102
RTVSPost2010PropOp56
 70
     1
102
RTVSPost2010Prop57
140
1.0
102
RTVSPost2010PropOp57
 70
     1
102
RTVSPropertyOp0
 70
     1
102
RTVSPropertyOp1
 70
     1
102
RTVSPropertyOp2
 70
     1
102
RTVSPropertyOp3
 70
     1
102
RTVSPropertyOp4
 70
     1
102
RTVSPropertyOp5
 70
     1
102
RTVSPropertyOp6
 70
     1
102
RTVSPropertyOp7
 70
     1
102
RTVSPropertyOp8
 70
     1
102
RTVSPropertyOp9
 70
     1
102
RTVSPropertyOp10
 70
     1
102
RTVSPropertyOp11
 70
     1
102
RTVSPropertyOp12
 70
     1
102
RTVSPropertyOp13
 70
     1
102
RTVSPropertyOp14
 70
     1
102
RTVSPropertyOp15
 70
     1
102
RTVSPropertyOp16
 70
     1
102
RTVSPropertyOp17
 70
     1
102
RTVSPropertyOp18
 70
     1
102
RTVSPropertyOp19
 70
     1
102
RTVSPropertyOp20
 70
     1
102
RTVSPropertyOp21
 70
     1
102
RTVSPropertyOp22
 70
     1
102
RTVSPropertyOp23
 70
     1
102
RTVSPropertyOp24
 70
     1
102
RTVSPropertyOp25
 70
     1
102
RTVSPropertyOp26
 70
     1
102
RTVSPropertyOp27
 70
     1
102
RTVSPropertyOp28
 70
     1
102
RTVSPropertyOp29
 70
     1
102
RTVSPropertyOp30
 70
     1
102
RTVSPropertyOp31
 70
     1
102
RTVSPropertyOp32
 70
     1
102
RTVSPropertyOp33
 70
     1
102
RTVSPropertyOp34
 70
     1
102
RTVSPropertyOp35
 70
     1
102
RTVSPropertyOp36
 70
     1
102
RTVSPropertyOp37
 70
     1
102
RTVSPropertyOp38
 70
     1
102
RTVSPropertyOp39
 70
     1
102
RTVSPropertyOp40
 70
     1
102
RTVSPropertyOp41
 70
     1
102
RTVSPropertyOp42
 70
     1
102
RTVSPropertyOp43
 70
     1
102
RTVSPropertyOp44
 70
     1
102
RTVSPropertyOp45
 70
     1
102
RTVSPropertyOp46
 70
     1
102
RTVSPropertyOp47
 70
     1
102
RTVSPropertyOp48
 70
     1
102
RTVSPropertyOp49
 70
     1
102
RTVSPropertyOp50
 70
     1
102
RTVSPropertyOp51
 70
     0
102
RTVSPropertyOp52
 70
     0
102
RTVSPropertyOp53
 70
     1
102
RTVSPropertyOp54
 70
     1
102
RTVSPropertyOp55
 70
     1
102
RTVSPropertyOp56
 70
     1
102
RTVSPropertyOp57
 70
     1
102
RTVSPropertyOp58
 70
     1
102
RTVSPropertyOp59
 70
     1
102
RTVSPropertyOp60
 70
     1
102
RTVSPropertyOp61
 70
     1
102
RTVSPropertyOp62
 70
     1
  0
XRECORD
  5
2AB
102
{ACAD_REACTORS
330
2AA
102
}
330
2AA
100
AcDbXrecord
280
     1
102
RTVSPost2010Prop28
280
     0
102
RTVSPost2010PropOp28
 70
     1
102
RTVSPost2010Prop29
280
     1
102
RTVSPost2010PropOp29
 70
     1
102
RTVSPost2010Prop30
280
     1
102
RTVSPost2010PropOp30
 70
     1
102
RTVSPost2010Prop31
280
     0
102
RTVSPost2010PropOp31
 70
     1
102
RTVSPost2010Prop32
280
     0
102
RTVSPost2010PropOp32
 70
     1
102
RTVSPost2010Prop33
280
     0
102
RTVSPost2010PropOp33
 70
     1
102
RTVSPost2010Prop34
280
     0
102
RTVSPost2010PropOp34
 70
     1
102
RTVSPost2010Prop35
280
     0
102
RTVSPost2010PropOp35
 70
     1
102
RTVSPost2010Prop36
280
     0
102
RTVSPost2010PropOp36
 70
     1
102
RTVSPost2010Prop37
 90
       50
102
RTVSPost2010PropOp37
 70
     1
102
RTVSPost2010Prop38
140
0.0
102
RTVSPost2010PropOp38
 70
     1
102
RTVSPost2010Prop39
140
1.0
102
RTVSPost2010PropOp39
 70
     1
102
RTVSPost2010Prop40
 90
        0
102
RTVSPost2010PropOp40
 70
     1
102
RTVSPost2010Prop41ColorIndex
 90
       18
102
RTVSPost2010Prop41ColorRGB
 90
        0
102
RTVSPost2010PropOp41
 70
     1
102
RTVSPost2010Prop42
 90
       50
102
RTVSPost2010PropOp42
 70
     1
102
RTVSPost2010Prop43
 90
        3
102
RTVSPost2010PropOp43
 70
     1
102
RTVSPost2010Prop44ColorIndex
 90
        5
102
RTVSPost2010Prop44ColorRGB
 90
      255
102
RTVSPost2010PropOp44
 70
     1
102
RTVSPost2010Prop45
280
     0
102
RTVSPost2010PropOp45
 70
     1
102
RTVSPost2010Prop46
 90
       50
102
RTVSPost2010PropOp46
 70
     1
102
RTVSPost2010Prop47
 90
       50
102
RTVSPost2010PropOp47
 70
     1
102
RTVSPost2010Prop48
 90
       50
102
RTVSPost2010PropOp48
 70
     1
102
RTVSPost2010Prop49
280
     0
102
RTVSPost2010PropOp49
 70
     1
102
RTVSPost2010Prop50
 90
       50
102
RTVSPost2010PropOp50
 70
     1
102
RTVSPost2010Prop51ColorIndex
 90
      256
102
RTVSPost2010Prop51ColorRGB
 90
-16777216
102
RTVSPost2010PropOp51
 70
     0
102
RTVSPost2010Prop52
140
1.0
102
RTVSPost2010PropOp52
 70
     0
102
RTVSPost2010Prop53
 90
        2
102
RTVSPost2010PropOp53
 70
     1
102
RTVSPost2010Prop54
  1
strokes_ogs.tif
102
RTVSPost2010PropOp54
 70
     1
102
RTVSPost2010Prop55
280
     0
102
RTVSPost2010PropOp55
 70
     1
102
RTVSPost2010Prop56
140
1.0
102
RTVSPost2010PropOp56
 70
     1
102
RTVSPost2010Prop57
140
1.0
102
RTVSPost2010PropOp57
 70
     1
102
RTVSPropertyOp0
 70
     0
102
RTVSPropertyOp1
 70
     0
102
RTVSPropertyOp2
 70
     0
102
RTVSPropertyOp3
 70
     0
102
RTVSPropertyOp4
 70
     0
102
RTVSPropertyOp5
 70
     0
102
RTVSPropertyOp6
 70
     0
102
RTVSPropertyOp7
 70
     0
102
RTVSPropertyOp8
 70
     0
102
RTVSPropertyOp9
 70
     0
102
RTVSPropertyOp10
 70
     0
102
RTVSPropertyOp11
 70
     0
102
RTVSPropertyOp12
 70
     0
102
RTVSPropertyOp13
 70
     0
102
RTVSPropertyOp14
 70
     2
102
RTVSPropertyOp15
 70
     0
102
RTVSPropertyOp16
 70
     0
102
RTVSPropertyOp17
 70
     0
102
RTVSPropertyOp18
 70
     0
102
RTVSPropertyOp19
 70
     0
102
RTVSPropertyOp20
 70
     0
102
RTVSPropertyOp21
 70
     0
102
RTVSPropertyOp22
 70
     0
102
RTVSPropertyOp23
 70
     0
102
RTVSPropertyOp24
 70
     0
102
RTVSPropertyOp25
 70
     0
102
RTVSPropertyOp26
 70
     0
102
RTVSPropertyOp27
 70
     0
102
RTVSPropertyOp28
 70
     1
102
RTVSPropertyOp29
 70
     1
102
RTVSPropertyOp30
 70
     1
102
RTVSPropertyOp31
 70
     1
102
RTVSPropertyOp32
 70
     1
102
RTVSPropertyOp33
 70
     1
102
RTVSPropertyOp34
 70
     1
102
RTVSPropertyOp35
 70
     1
102
RTVSPropertyOp36
 70
     1
102
RTVSPropertyOp37
 70
     1
102
RTVSPropertyOp38
 70
     1
102
RTVSPropertyOp39
 70
     1
102
RTVSPropertyOp40
 70
     1
102
RTVSPropertyOp41
 70
     1
102
RTVSPropertyOp42
 70
     1
102
RTVSPropertyOp43
 70
     1
102
RTVSPropertyOp44
 70
     1
102
RTVSPropertyOp45
 70
     1
102
RTVSPropertyOp46
 70
     1
102
RTVSPropertyOp47
 70
     1
102
RTVSPropertyOp48
 70
     1
102
RTVSPropertyOp49
 70
     1
102
RTVSPropertyOp50
 70
     1
102
RTVSPropertyOp51
 70
     0
102
RTVSPropertyOp52
 70
     0
102
RTVSPropertyOp53
 70
     1
102
RTVSPropertyOp54
 70
     1
102
RTVSPropertyOp55
 70
     1
102
RTVSPropertyOp56
 70
     1
102
RTVSPropertyOp57
 70
     1
102
RTVSPropertyOp58
 70
     1
102
RTVSPropertyOp59
 70
     1
102
RTVSPropertyOp60
 70
     1
102
RTVSPropertyOp61
 70
     1
102
RTVSPropertyOp62
 70
     1
  0
XRECORD
  5
2A3
102
{ACAD_REACTORS
330
2A2
102
}
330
2A2
100
AcDbXrecord
280
     1
102
RTVSPost2010Prop28
280
     0
102
RTVSPost2010PropOp28
 70
     1
102
RTVSPost2010Prop29
280
     1
102
RTVSPost2010PropOp29
 70
     1
102
RTVSPost2010Prop30
280
     1
102
RTVSPost2010PropOp30
 70
     1
102
RTVSPost2010Prop31
280
     0
102
RTVSPost2010PropOp31
 70
     1
102
RTVSPost2010Prop32
280
     0
102
RTVSPost2010PropOp32
 70
     1
102
RTVSPost2010Prop33
280
     0
102
RTVSPost2010PropOp33
 70
     1
102
RTVSPost2010Prop34
280
     0
102
RTVSPost2010PropOp34
 70
     1
102
RTVSPost2010Prop35
280
     0
102
RTVSPost2010PropOp35
 70
     1
102
RTVSPost2010Prop36
280
     0
102
RTVSPost2010PropOp36
 70
     1
102
RTVSPost2010Prop37
 90
       50
102
RTVSPost2010PropOp37
 70
     1
102
RTVSPost2010Prop38
140
0.0
102
RTVSPost2010PropOp38
 70
     1
102
RTVSPost2010Prop39
140
1.0
102
RTVSPost2010PropOp39
 70
     1
102
RTVSPost2010Prop40
 90
        0
102
RTVSPost2010PropOp40
 70
     1
102
RTVSPost2010Prop41ColorIndex
 90
       18
102
RTVSPost2010Prop41ColorRGB
 90
        0
102
RTVSPost2010PropOp41
 70
     1
102
RTVSPost2010Prop42
 90
       50
102
RTVSPost2010PropOp42
 70
     1
102
RTVSPost2010Prop43
 90
        3
102
RTVSPost2010PropOp43
 70
     1
102
RTVSPost2010Prop44ColorIndex
 90
        5
102
RTVSPost2010Prop44ColorRGB
 90
      255
102
RTVSPost2010PropOp44
 70
     1
102
RTVSPost2010Prop45
280
     0
102
RTVSPost2010PropOp45
 70
     1
102
RTVSPost2010Prop46
 90
       50
102
RTVSPost2010PropOp46
 70
     1
102
RTVSPost2010Prop47
 90
       50
102
RTVSPost2010PropOp47
 70
     1
102
RTVSPost2010Prop48
 90
       50
102
RTVSPost2010PropOp48
 70
     1
102
RTVSPost2010Prop49
280
     0
102
RTVSPost2010PropOp49
 70
     1
102
RTVSPost2010Prop50
 90
       50
102
RTVSPost2010PropOp50
 70
     1
102
RTVSPost2010Prop51ColorIndex
 90
      256
102
RTVSPost2010Prop51ColorRGB
 90
-16777216
102
RTVSPost2010PropOp51
 70
     0
102
RTVSPost2010Prop52
140
1.0
102
RTVSPost2010PropOp52
 70
     0
102
RTVSPost2010Prop53
 90
        2
102
RTVSPost2010PropOp53
 70
     1
102
RTVSPost2010Prop54
  1
strokes_ogs.tif
102
RTVSPost2010PropOp54
 70
     1
102
RTVSPost2010Prop55
280
     0
102
RTVSPost2010PropOp55
 70
     1
102
RTVSPost2010Prop56
140
1.0
102
RTVSPost2010PropOp56
 70
     1
102
RTVSPost2010Prop57
140
1.0
102
RTVSPost2010PropOp57
 70
     1
102
RTVSPropertyOp0
 70
     1
102
RTVSPropertyOp1
 70
     1
102
RTVSPropertyOp2
 70
     1
102
RTVSPropertyOp3
 70
     1
102
RTVSPropertyOp4
 70
     1
102
RTVSPropertyOp5
 70
     1
102
RTVSPropertyOp6
 70
     1
102
RTVSPropertyOp7
 70
     1
102
RTVSPropertyOp8
 70
     1
102
RTVSPropertyOp9
 70
     1
102
RTVSPropertyOp10
 70
     1
102
RTVSPropertyOp11
 70
     1
102
RTVSPropertyOp12
 70
     1
102
RTVSPropertyOp13
 70
     1
102
RTVSPropertyOp14
 70
     1
102
RTVSPropertyOp15
 70
     1
102
RTVSPropertyOp16
 70
     1
102
RTVSPropertyOp17
 70
     1
102
RTVSPropertyOp18
 70
     1
102
RTVSPropertyOp19
 70
     1
102
RTVSPropertyOp20
 70
     1
102
RTVSPropertyOp21
 70
     1
102
RTVSPropertyOp22
 70
     1
102
RTVSPropertyOp23
 70
     1
102
RTVSPropertyOp24
 70
     1
102
RTVSPropertyOp25
 70
     1
102
RTVSPropertyOp26
 70
     1
102
RTVSPropertyOp27
 70
     1
102
RTVSPropertyOp28
 70
     1
102
RTVSPropertyOp29
 70
     1
102
RTVSPropertyOp30
 70
     1
102
RTVSPropertyOp31
 70
     1
102
RTVSPropertyOp32
 70
     1
102
RTVSPropertyOp33
 70
     1
102
RTVSPropertyOp34
 70
     1
102
RTVSPropertyOp35
 70
     1
102
RTVSPropertyOp36
 70
     1
102
RTVSPropertyOp37
 70
     1
102
RTVSPropertyOp38
 70
     1
102
RTVSPropertyOp39
 70
     1
102
RTVSPropertyOp40
 70
     1
102
RTVSPropertyOp41
 70
     1
102
RTVSPropertyOp42
 70
     1
102
RTVSPropertyOp43
 70
     1
102
RTVSPropertyOp44
 70
     1
102
RTVSPropertyOp45
 70
     1
102
RTVSPropertyOp46
 70
     1
102
RTVSPropertyOp47
 70
     1
102
RTVSPropertyOp48
 70
     1
102
RTVSPropertyOp49
 70
     1
102
RTVSPropertyOp50
 70
     1
102
RTVSPropertyOp51
 70
     0
102
RTVSPropertyOp52
 70
     0
102
RTVSPropertyOp53
 70
     1
102
RTVSPropertyOp54
 70
     1
102
RTVSPropertyOp55
 70
     1
102
RTVSPropertyOp56
 70
     1
102
RTVSPropertyOp57
 70
     1
102
RTVSPropertyOp58
 70
     1
102
RTVSPropertyOp59
 70
     1
102
RTVSPropertyOp60
 70
     1
102
RTVSPropertyOp61
 70
     1
102
RTVSPropertyOp62
 70
     1
  0
XRECORD
  5
287
102
{ACAD_REACTORS
330
286
102
}
330
286
100
AcDbXrecord
280
     1
102
RTVSPost2010Prop28
280
     0
102
RTVSPost2010PropOp28
 70
     1
102
RTVSPost2010Prop29
280
     1
102
RTVSPost2010PropOp29
 70
     1
102
RTVSPost2010Prop30
280
     1
102
RTVSPost2010PropOp30
 70
     1
102
RTVSPost2010Prop31
280
     0
102
RTVSPost2010PropOp31
 70
     1
102
RTVSPost2010Prop32
280
     0
102
RTVSPost2010PropOp32
 70
     1
102
RTVSPost2010Prop33
280
     0
102
RTVSPost2010PropOp33
 70
     1
102
RTVSPost2010Prop34
280
     0
102
RTVSPost2010PropOp34
 70
     1
102
RTVSPost2010Prop35
280
     0
102
RTVSPost2010PropOp35
 70
     1
102
RTVSPost2010Prop36
280
     0
102
RTVSPost2010PropOp36
 70
     1
102
RTVSPost2010Prop37
 90
       50
102
RTVSPost2010PropOp37
 70
     1
102
RTVSPost2010Prop38
140
0.0
102
RTVSPost2010PropOp38
 70
     1
102
RTVSPost2010Prop39
140
1.0
102
RTVSPost2010PropOp39
 70
     1
102
RTVSPost2010Prop40
 90
        0
102
RTVSPost2010PropOp40
 70
     1
102
RTVSPost2010Prop41ColorIndex
 90
       18
102
RTVSPost2010Prop41ColorRGB
 90
        0
102
RTVSPost2010PropOp41
 70
     1
102
RTVSPost2010Prop42
 90
       50
102
RTVSPost2010PropOp42
 70
     1
102
RTVSPost2010Prop43
 90
        3
102
RTVSPost2010PropOp43
 70
     1
102
RTVSPost2010Prop44ColorIndex
 90
        5
102
RTVSPost2010Prop44ColorRGB
 90
      255
102
RTVSPost2010PropOp44
 70
     1
102
RTVSPost2010Prop45
280
     0
102
RTVSPost2010PropOp45
 70
     1
102
RTVSPost2010Prop46
 90
       50
102
RTVSPost2010PropOp46
 70
     1
102
RTVSPost2010Prop47
 90
       50
102
RTVSPost2010PropOp47
 70
     1
102
RTVSPost2010Prop48
 90
       50
102
RTVSPost2010PropOp48
 70
     1
102
RTVSPost2010Prop49
280
     0
102
RTVSPost2010PropOp49
 70
     1
102
RTVSPost2010Prop50
 90
       50
102
RTVSPost2010PropOp50
 70
     1
102
RTVSPost2010Prop51ColorIndex
 90
      256
102
RTVSPost2010Prop51ColorRGB
 90
-16777216
102
RTVSPost2010PropOp51
 70
     0
102
RTVSPost2010Prop52
140
1.0
102
RTVSPost2010PropOp52
 70
     0
102
RTVSPost2010Prop53
 90
        2
102
RTVSPost2010PropOp53
 70
     1
102
RTVSPost2010Prop54
  1
strokes_ogs.tif
102
RTVSPost2010PropOp54
 70
     1
102
RTVSPost2010Prop55
280
     0
102
RTVSPost2010PropOp55
 70
     1
102
RTVSPost2010Prop56
140
1.0
102
RTVSPost2010PropOp56
 70
     1
102
RTVSPost2010Prop57
140
1.0
102
RTVSPost2010PropOp57
 70
     1
102
RTVSPropertyOp0
 70
     1
102
RTVSPropertyOp1
 70
     1
102
RTVSPropertyOp2
 70
     1
102
RTVSPropertyOp3
 70
     1
102
RTVSPropertyOp4
 70
     1
102
RTVSPropertyOp5
 70
     1
102
RTVSPropertyOp6
 70
     1
102
RTVSPropertyOp7
 70
     1
102
RTVSPropertyOp8
 70
     1
102
RTVSPropertyOp9
 70
     1
102
RTVSPropertyOp10
 70
     1
102
RTVSPropertyOp11
 70
     1
102
RTVSPropertyOp12
 70
     1
102
RTVSPropertyOp13
 70
     1
102
RTVSPropertyOp14
 70
     1
102
RTVSPropertyOp15
 70
     1
102
RTVSPropertyOp16
 70
     1
102
RTVSPropertyOp17
 70
     1
102
RTVSPropertyOp18
 70
     1
102
RTVSPropertyOp19
 70
     1
102
RTVSPropertyOp20
 70
     1
102
RTVSPropertyOp21
 70
     1
102
RTVSPropertyOp22
 70
     1
102
RTVSPropertyOp23
 70
     1
102
RTVSPropertyOp24
 70
     1
102
RTVSPropertyOp25
 70
     1
102
RTVSPropertyOp26
 70
     1
102
RTVSPropertyOp27
 70
     1
102
RTVSPropertyOp28
 70
     1
102
RTVSPropertyOp29
 70
     1
102
RTVSPropertyOp30
 70
     1
102
RTVSPropertyOp31
 70
     1
102
RTVSPropertyOp32
 70
     1
102
RTVSPropertyOp33
 70
     1
102
RTVSPropertyOp34
 70
     1
102
RTVSPropertyOp35
 70
     1
102
RTVSPropertyOp36
 70
     1
102
RTVSPropertyOp37
 70
     1
102
RTVSPropertyOp38
 70
     1
102
RTVSPropertyOp39
 70
     1
102
RTVSPropertyOp40
 70
     1
102
RTVSPropertyOp41
 70
     1
102
RTVSPropertyOp42
 70
     1
102
RTVSPropertyOp43
 70
     1
102
RTVSPropertyOp44
 70
     1
102
RTVSPropertyOp45
 70
     1
102
RTVSPropertyOp46
 70
     1
102
RTVSPropertyOp47
 70
     1
102
RTVSPropertyOp48
 70
     1
102
RTVSPropertyOp49
 70
     1
102
RTVSPropertyOp50
 70
     1
102
RTVSPropertyOp51
 70
     0
102
RTVSPropertyOp52
 70
     0
102
RTVSPropertyOp53
 70
     1
102
RTVSPropertyOp54
 70
     1
102
RTVSPropertyOp55
 70
     1
102
RTVSPropertyOp56
 70
     1
102
RTVSPropertyOp57
 70
     1
102
RTVSPropertyOp58
 70
     1
102
RTVSPropertyOp59
 70
     1
102
RTVSPropertyOp60
 70
     1
102
RTVSPropertyOp61
 70
     1
102
RTVSPropertyOp62
 70
     1
  0
XRECORD
  5
289
102
{ACAD_REACTORS
330
288
102
}
330
288
100
AcDbXrecord
280
     1
102
RTVSPost2010Prop28
280
     0
102
RTVSPost2010PropOp28
 70
     1
102
RTVSPost2010Prop29
280
     1
102
RTVSPost2010PropOp29
 70
     1
102
RTVSPost2010Prop30
280
     1
102
RTVSPost2010PropOp30
 70
     1
102
RTVSPost2010Prop31
280
     0
102
RTVSPost2010PropOp31
 70
     1
102
RTVSPost2010Prop32
280
     0
102
RTVSPost2010PropOp32
 70
     1
102
RTVSPost2010Prop33
280
     0
102
RTVSPost2010PropOp33
 70
     1
102
RTVSPost2010Prop34
280
     0
102
RTVSPost2010PropOp34
 70
     1
102
RTVSPost2010Prop35
280
     0
102
RTVSPost2010PropOp35
 70
     1
102
RTVSPost2010Prop36
280
     0
102
RTVSPost2010PropOp36
 70
     1
102
RTVSPost2010Prop37
 90
       50
102
RTVSPost2010PropOp37
 70
     1
102
RTVSPost2010Prop38
140
0.0
102
RTVSPost2010PropOp38
 70
     1
102
RTVSPost2010Prop39
140
1.0
102
RTVSPost2010PropOp39
 70
     1
102
RTVSPost2010Prop40
 90
        0
102
RTVSPost2010PropOp40
 70
     1
102
RTVSPost2010Prop41ColorIndex
 90
       18
102
RTVSPost2010Prop41ColorRGB
 90
        0
102
RTVSPost2010PropOp41
 70
     1
102
RTVSPost2010Prop42
 90
       50
102
RTVSPost2010PropOp42
 70
     1
102
RTVSPost2010Prop43
 90
        3
102
RTVSPost2010PropOp43
 70
     1
102
RTVSPost2010Prop44ColorIndex
 90
        5
102
RTVSPost2010Prop44ColorRGB
 90
      255
102
RTVSPost2010PropOp44
 70
     1
102
RTVSPost2010Prop45
280
     0
102
RTVSPost2010PropOp45
 70
     1
102
RTVSPost2010Prop46
 90
       50
102
RTVSPost2010PropOp46
 70
     1
102
RTVSPost2010Prop47
 90
       50
102
RTVSPost2010PropOp47
 70
     1
102
RTVSPost2010Prop48
 90
       50
102
RTVSPost2010PropOp48
 70
     1
102
RTVSPost2010Prop49
280
     0
102
RTVSPost2010PropOp49
 70
     1
102
RTVSPost2010Prop50
 90
       50
102
RTVSPost2010PropOp50
 70
     1
102
RTVSPost2010Prop51ColorIndex
 90
      256
102
RTVSPost2010Prop51ColorRGB
 90
-16777216
102
RTVSPost2010PropOp51
 70
     0
102
RTVSPost2010Prop52
140
1.0
102
RTVSPost2010PropOp52
 70
     0
102
RTVSPost2010Prop53
 90
        2
102
RTVSPost2010PropOp53
 70
     1
102
RTVSPost2010Prop54
  1
strokes_ogs.tif
102
RTVSPost2010PropOp54
 70
     1
102
RTVSPost2010Prop55
280
     0
102
RTVSPost2010PropOp55
 70
     1
102
RTVSPost2010Prop56
140
1.0
102
RTVSPost2010PropOp56
 70
     1
102
RTVSPost2010Prop57
140
1.0
102
RTVSPost2010PropOp57
 70
     1
102
RTVSPropertyOp0
 70
     1
102
RTVSPropertyOp1
 70
     1
102
RTVSPropertyOp2
 70
     1
102
RTVSPropertyOp3
 70
     1
102
RTVSPropertyOp4
 70
     1
102
RTVSPropertyOp5
 70
     1
102
RTVSPropertyOp6
 70
     1
102
RTVSPropertyOp7
 70
     1
102
RTVSPropertyOp8
 70
     1
102
RTVSPropertyOp9
 70
     1
102
RTVSPropertyOp10
 70
     1
102
RTVSPropertyOp11
 70
     1
102
RTVSPropertyOp12
 70
     1
102
RTVSPropertyOp13
 70
     1
102
RTVSPropertyOp14
 70
     1
102
RTVSPropertyOp15
 70
     1
102
RTVSPropertyOp16
 70
     1
102
RTVSPropertyOp17
 70
     1
102
RTVSPropertyOp18
 70
     1
102
RTVSPropertyOp19
 70
     1
102
RTVSPropertyOp20
 70
     1
102
RTVSPropertyOp21
 70
     1
102
RTVSPropertyOp22
 70
     1
102
RTVSPropertyOp23
 70
     1
102
RTVSPropertyOp24
 70
     1
102
RTVSPropertyOp25
 70
     1
102
RTVSPropertyOp26
 70
     1
102
RTVSPropertyOp27
 70
     1
102
RTVSPropertyOp28
 70
     1
102
RTVSPropertyOp29
 70
     1
102
RTVSPropertyOp30
 70
     1
102
RTVSPropertyOp31
 70
     1
102
RTVSPropertyOp32
 70
     1
102
RTVSPropertyOp33
 70
     1
102
RTVSPropertyOp34
 70
     1
102
RTVSPropertyOp35
 70
     1
102
RTVSPropertyOp36
 70
     1
102
RTVSPropertyOp37
 70
     1
102
RTVSPropertyOp38
 70
     1
102
RTVSPropertyOp39
 70
     1
102
RTVSPropertyOp40
 70
     1
102
RTVSPropertyOp41
 70
     1
102
RTVSPropertyOp42
 70
     1
102
RTVSPropertyOp43
 70
     1
102
RTVSPropertyOp44
 70
     1
102
RTVSPropertyOp45
 70
     1
102
RTVSPropertyOp46
 70
     1
102
RTVSPropertyOp47
 70
     1
102
RTVSPropertyOp48
 70
     1
102
RTVSPropertyOp49
 70
     1
102
RTVSPropertyOp50
 70
     1
102
RTVSPropertyOp51
 70
     0
102
RTVSPropertyOp52
 70
     0
102
RTVSPropertyOp53
 70
     1
102
RTVSPropertyOp54
 70
     1
102
RTVSPropertyOp55
 70
     1
102
RTVSPropertyOp56
 70
     1
102
RTVSPropertyOp57
 70
     1
102
RTVSPropertyOp58
 70
     1
102
RTVSPropertyOp59
 70
     1
102
RTVSPropertyOp60
 70
     1
102
RTVSPropertyOp61
 70
     1
102
RTVSPropertyOp62
 70
     1
  0
XRECORD
  5
28B
102
{ACAD_REACTORS
330
28A
102
}
330
28A
100
AcDbXrecord
280
     1
102
RTVSPost2010Prop28
280
     0
102
RTVSPost2010PropOp28
 70
     1
102
RTVSPost2010Prop29
280
     1
102
RTVSPost2010PropOp29
 70
     1
102
RTVSPost2010Prop30
280
     1
102
RTVSPost2010PropOp30
 70
     1
102
RTVSPost2010Prop31
280
     0
102
RTVSPost2010PropOp31
 70
     1
102
RTVSPost2010Prop32
280
     0
102
RTVSPost2010PropOp32
 70
     1
102
RTVSPost2010Prop33
280
     0
102
RTVSPost2010PropOp33
 70
     1
102
RTVSPost2010Prop34
280
     0
102
RTVSPost2010PropOp34
 70
     1
102
RTVSPost2010Prop35
280
     0
102
RTVSPost2010PropOp35
 70
     1
102
RTVSPost2010Prop36
280
     0
102
RTVSPost2010PropOp36
 70
     1
102
RTVSPost2010Prop37
 90
       50
102
RTVSPost2010PropOp37
 70
     1
102
RTVSPost2010Prop38
140
0.0
102
RTVSPost2010PropOp38
 70
     1
102
RTVSPost2010Prop39
140
1.0
102
RTVSPost2010PropOp39
 70
     1
102
RTVSPost2010Prop40
 90
        0
102
RTVSPost2010PropOp40
 70
     1
102
RTVSPost2010Prop41ColorIndex
 90
       18
102
RTVSPost2010Prop41ColorRGB
 90
        0
102
RTVSPost2010PropOp41
 70
     1
102
RTVSPost2010Prop42
 90
       50
102
RTVSPost2010PropOp42
 70
     1
102
RTVSPost2010Prop43
 90
        3
102
RTVSPost2010PropOp43
 70
     1
102
RTVSPost2010Prop44ColorIndex
 90
        5
102
RTVSPost2010Prop44ColorRGB
 90
      255
102
RTVSPost2010PropOp44
 70
     1
102
RTVSPost2010Prop45
280
     0
102
RTVSPost2010PropOp45
 70
     1
102
RTVSPost2010Prop46
 90
       50
102
RTVSPost2010PropOp46
 70
     1
102
RTVSPost2010Prop47
 90
       50
102
RTVSPost2010PropOp47
 70
     1
102
RTVSPost2010Prop48
 90
       50
102
RTVSPost2010PropOp48
 70
     1
102
RTVSPost2010Prop49
280
     0
102
RTVSPost2010PropOp49
 70
     1
102
RTVSPost2010Prop50
 90
       50
102
RTVSPost2010PropOp50
 70
     1
102
RTVSPost2010Prop51ColorIndex
 90
      256
102
RTVSPost2010Prop51ColorRGB
 90
-16777216
102
RTVSPost2010PropOp51
 70
     0
102
RTVSPost2010Prop52
140
1.0
102
RTVSPost2010PropOp52
 70
     0
102
RTVSPost2010Prop53
 90
        2
102
RTVSPost2010PropOp53
 70
     1
102
RTVSPost2010Prop54
  1
strokes_ogs.tif
102
RTVSPost2010PropOp54
 70
     1
102
RTVSPost2010Prop55
280
     0
102
RTVSPost2010PropOp55
 70
     1
102
RTVSPost2010Prop56
140
1.0
102
RTVSPost2010PropOp56
 70
     1
102
RTVSPost2010Prop57
140
1.0
102
RTVSPost2010PropOp57
 70
     1
102
RTVSPropertyOp0
 70
     1
102
RTVSPropertyOp1
 70
     1
102
RTVSPropertyOp2
 70
     1
102
RTVSPropertyOp3
 70
     1
102
RTVSPropertyOp4
 70
     1
102
RTVSPropertyOp5
 70
     1
102
RTVSPropertyOp6
 70
     1
102
RTVSPropertyOp7
 70
     1
102
RTVSPropertyOp8
 70
     1
102
RTVSPropertyOp9
 70
     1
102
RTVSPropertyOp10
 70
     1
102
RTVSPropertyOp11
 70
     1
102
RTVSPropertyOp12
 70
     1
102
RTVSPropertyOp13
 70
     1
102
RTVSPropertyOp14
 70
     1
102
RTVSPropertyOp15
 70
     1
102
RTVSPropertyOp16
 70
     1
102
RTVSPropertyOp17
 70
     1
102
RTVSPropertyOp18
 70
     1
102
RTVSPropertyOp19
 70
     1
102
RTVSPropertyOp20
 70
     1
102
RTVSPropertyOp21
 70
     1
102
RTVSPropertyOp22
 70
     1
102
RTVSPropertyOp23
 70
     1
102
RTVSPropertyOp24
 70
     1
102
RTVSPropertyOp25
 70
     1
102
RTVSPropertyOp26
 70
     1
102
RTVSPropertyOp27
 70
     1
102
RTVSPropertyOp28
 70
     1
102
RTVSPropertyOp29
 70
     1
102
RTVSPropertyOp30
 70
     1
102
RTVSPropertyOp31
 70
     1
102
RTVSPropertyOp32
 70
     1
102
RTVSPropertyOp33
 70
     1
102
RTVSPropertyOp34
 70
     1
102
RTVSPropertyOp35
 70
     1
102
RTVSPropertyOp36
 70
     1
102
RTVSPropertyOp37
 70
     1
102
RTVSPropertyOp38
 70
     1
102
RTVSPropertyOp39
 70
     1
102
RTVSPropertyOp40
 70
     1
102
RTVSPropertyOp41
 70
     1
102
RTVSPropertyOp42
 70
     1
102
RTVSPropertyOp43
 70
     1
102
RTVSPropertyOp44
 70
     1
102
RTVSPropertyOp45
 70
     1
102
RTVSPropertyOp46
 70
     1
102
RTVSPropertyOp47
 70
     1
102
RTVSPropertyOp48
 70
     1
102
RTVSPropertyOp49
 70
     1
102
RTVSPropertyOp50
 70
     1
102
RTVSPropertyOp51
 70
     0
102
RTVSPropertyOp52
 70
     0
102
RTVSPropertyOp53
 70
     1
102
RTVSPropertyOp54
 70
     1
102
RTVSPropertyOp55
 70
     1
102
RTVSPropertyOp56
 70
     1
102
RTVSPropertyOp57
 70
     1
102
RTVSPropertyOp58
 70
     1
102
RTVSPropertyOp59
 70
     1
102
RTVSPropertyOp60
 70
     1
102
RTVSPropertyOp61
 70
     1
102
RTVSPropertyOp62
 70
     1
  0
XRECORD
  5
28D
102
{ACAD_REACTORS
330
28C
102
}
330
28C
100
AcDbXrecord
280
     1
102
RTVSPost2010Prop28
280
     0
102
RTVSPost2010PropOp28
 70
     1
102
RTVSPost2010Prop29
280
     1
102
RTVSPost2010PropOp29
 70
     1
102
RTVSPost2010Prop30
280
     1
102
RTVSPost2010PropOp30
 70
     1
102
RTVSPost2010Prop31
280
     0
102
RTVSPost2010PropOp31
 70
     1
102
RTVSPost2010Prop32
280
     0
102
RTVSPost2010PropOp32
 70
     1
102
RTVSPost2010Prop33
280
     0
102
RTVSPost2010PropOp33
 70
     1
102
RTVSPost2010Prop34
280
     0
102
RTVSPost2010PropOp34
 70
     1
102
RTVSPost2010Prop35
280
     0
102
RTVSPost2010PropOp35
 70
     1
102
RTVSPost2010Prop36
280
     0
102
RTVSPost2010PropOp36
 70
     1
102
RTVSPost2010Prop37
 90
       50
102
RTVSPost2010PropOp37
 70
     1
102
RTVSPost2010Prop38
140
0.0
102
RTVSPost2010PropOp38
 70
     1
102
RTVSPost2010Prop39
140
1.0
102
RTVSPost2010PropOp39
 70
     1
102
RTVSPost2010Prop40
 90
        0
102
RTVSPost2010PropOp40
 70
     1
102
RTVSPost2010Prop41ColorIndex
 90
       18
102
RTVSPost2010Prop41ColorRGB
 90
        0
102
RTVSPost2010PropOp41
 70
     1
102
RTVSPost2010Prop42
 90
       50
102
RTVSPost2010PropOp42
 70
     1
102
RTVSPost2010Prop43
 90
        3
102
RTVSPost2010PropOp43
 70
     1
102
RTVSPost2010Prop44ColorIndex
 90
        5
102
RTVSPost2010Prop44ColorRGB
 90
      255
102
RTVSPost2010PropOp44
 70
     1
102
RTVSPost2010Prop45
280
     0
102
RTVSPost2010PropOp45
 70
     1
102
RTVSPost2010Prop46
 90
       50
102
RTVSPost2010PropOp46
 70
     1
102
RTVSPost2010Prop47
 90
       50
102
RTVSPost2010PropOp47
 70
     1
102
RTVSPost2010Prop48
 90
       50
102
RTVSPost2010PropOp48
 70
     1
102
RTVSPost2010Prop49
280
     0
102
RTVSPost2010PropOp49
 70
     1
102
RTVSPost2010Prop50
 90
       50
102
RTVSPost2010PropOp50
 70
     1
102
RTVSPost2010Prop51ColorIndex
 90
      256
102
RTVSPost2010Prop51ColorRGB
 90
-16777216
102
RTVSPost2010PropOp51
 70
     0
102
RTVSPost2010Prop52
140
1.0
102
RTVSPost2010PropOp52
 70
     0
102
RTVSPost2010Prop53
 90
        2
102
RTVSPost2010PropOp53
 70
     1
102
RTVSPost2010Prop54
  1
strokes_ogs.tif
102
RTVSPost2010PropOp54
 70
     1
102
RTVSPost2010Prop55
280
     0
102
RTVSPost2010PropOp55
 70
     1
102
RTVSPost2010Prop56
140
1.0
102
RTVSPost2010PropOp56
 70
     1
102
RTVSPost2010Prop57
140
1.0
102
RTVSPost2010PropOp57
 70
     1
102
RTVSPropertyOp0
 70
     1
102
RTVSPropertyOp1
 70
     1
102
RTVSPropertyOp2
 70
     1
102
RTVSPropertyOp3
 70
     1
102
RTVSPropertyOp4
 70
     1
102
RTVSPropertyOp5
 70
     1
102
RTVSPropertyOp6
 70
     1
102
RTVSPropertyOp7
 70
     1
102
RTVSPropertyOp8
 70
     1
102
RTVSPropertyOp9
 70
     1
102
RTVSPropertyOp10
 70
     1
102
RTVSPropertyOp11
 70
     1
102
RTVSPropertyOp12
 70
     1
102
RTVSPropertyOp13
 70
     1
102
RTVSPropertyOp14
 70
     1
102
RTVSPropertyOp15
 70
     1
102
RTVSPropertyOp16
 70
     1
102
RTVSPropertyOp17
 70
     1
102
RTVSPropertyOp18
 70
     1
102
RTVSPropertyOp19
 70
     1
102
RTVSPropertyOp20
 70
     1
102
RTVSPropertyOp21
 70
     1
102
RTVSPropertyOp22
 70
     1
102
RTVSPropertyOp23
 70
     1
102
RTVSPropertyOp24
 70
     1
102
RTVSPropertyOp25
 70
     1
102
RTVSPropertyOp26
 70
     1
102
RTVSPropertyOp27
 70
     1
102
RTVSPropertyOp28
 70
     1
102
RTVSPropertyOp29
 70
     1
102
RTVSPropertyOp30
 70
     1
102
RTVSPropertyOp31
 70
     1
102
RTVSPropertyOp32
 70
     1
102
RTVSPropertyOp33
 70
     1
102
RTVSPropertyOp34
 70
     1
102
RTVSPropertyOp35
 70
     1
102
RTVSPropertyOp36
 70
     1
102
RTVSPropertyOp37
 70
     1
102
RTVSPropertyOp38
 70
     1
102
RTVSPropertyOp39
 70
     1
102
RTVSPropertyOp40
 70
     1
102
RTVSPropertyOp41
 70
     1
102
RTVSPropertyOp42
 70
     1
102
RTVSPropertyOp43
 70
     1
102
RTVSPropertyOp44
 70
     1
102
RTVSPropertyOp45
 70
     1
102
RTVSPropertyOp46
 70
     1
102
RTVSPropertyOp47
 70
     1
102
RTVSPropertyOp48
 70
     1
102
RTVSPropertyOp49
 70
     1
102
RTVSPropertyOp50
 70
     1
102
RTVSPropertyOp51
 70
     0
102
RTVSPropertyOp52
 70
     0
102
RTVSPropertyOp53
 70
     1
102
RTVSPropertyOp54
 70
     1
102
RTVSPropertyOp55
 70
     1
102
RTVSPropertyOp56
 70
     1
102
RTVSPropertyOp57
 70
     1
102
RTVSPropertyOp58
 70
     1
102
RTVSPropertyOp59
 70
     1
102
RTVSPropertyOp60
 70
     1
102
RTVSPropertyOp61
 70
     1
102
RTVSPropertyOp62
 70
     1
  0
XRECORD
  5
295
102
{ACAD_REACTORS
330
294
102
}
330
294
100
AcDbXrecord
280
     1
102
RTVSPost2010Prop28
280
     0
102
RTVSPost2010PropOp28
 70
     1
102
RTVSPost2010Prop29
280
     1
102
RTVSPost2010PropOp29
 70
     1
102
RTVSPost2010Prop30
280
     1
102
RTVSPost2010PropOp30
 70
     1
102
RTVSPost2010Prop31
280
     0
102
RTVSPost2010PropOp31
 70
     1
102
RTVSPost2010Prop32
280
     0
102
RTVSPost2010PropOp32
 70
     1
102
RTVSPost2010Prop33
280
     0
102
RTVSPost2010PropOp33
 70
     1
102
RTVSPost2010Prop34
280
     0
102
RTVSPost2010PropOp34
 70
     1
102
RTVSPost2010Prop35
280
     0
102
RTVSPost2010PropOp35
 70
     1
102
RTVSPost2010Prop36
280
     0
102
RTVSPost2010PropOp36
 70
     1
102
RTVSPost2010Prop37
 90
       50
102
RTVSPost2010PropOp37
 70
     1
102
RTVSPost2010Prop38
140
0.0
102
RTVSPost2010PropOp38
 70
     1
102
RTVSPost2010Prop39
140
1.0
102
RTVSPost2010PropOp39
 70
     1
102
RTVSPost2010Prop40
 90
        0
102
RTVSPost2010PropOp40
 70
     1
102
RTVSPost2010Prop41ColorIndex
 90
       18
102
RTVSPost2010Prop41ColorRGB
 90
        0
102
RTVSPost2010PropOp41
 70
     1
102
RTVSPost2010Prop42
 90
       50
102
RTVSPost2010PropOp42
 70
     1
102
RTVSPost2010Prop43
 90
        3
102
RTVSPost2010PropOp43
 70
     1
102
RTVSPost2010Prop44ColorIndex
 90
        5
102
RTVSPost2010Prop44ColorRGB
 90
      255
102
RTVSPost2010PropOp44
 70
     1
102
RTVSPost2010Prop45
280
     0
102
RTVSPost2010PropOp45
 70
     1
102
RTVSPost2010Prop46
 90
       50
102
RTVSPost2010PropOp46
 70
     1
102
RTVSPost2010Prop47
 90
       50
102
RTVSPost2010PropOp47
 70
     1
102
RTVSPost2010Prop48
 90
       50
102
RTVSPost2010PropOp48
 70
     1
102
RTVSPost2010Prop49
280
     0
102
RTVSPost2010PropOp49
 70
     1
102
RTVSPost2010Prop50
 90
       50
102
RTVSPost2010PropOp50
 70
     1
102
RTVSPost2010Prop51ColorIndex
 90
      256
102
RTVSPost2010Prop51ColorRGB
 90
-16777216
102
RTVSPost2010PropOp51
 70
     0
102
RTVSPost2010Prop52
140
1.0
102
RTVSPost2010PropOp52
 70
     0
102
RTVSPost2010Prop53
 90
        2
102
RTVSPost2010PropOp53
 70
     1
102
RTVSPost2010Prop54
  1
strokes_ogs.tif
102
RTVSPost2010PropOp54
 70
     1
102
RTVSPost2010Prop55
280
     0
102
RTVSPost2010PropOp55
 70
     1
102
RTVSPost2010Prop56
140
1.0
102
RTVSPost2010PropOp56
 70
     1
102
RTVSPost2010Prop57
140
1.0
102
RTVSPost2010PropOp57
 70
     1
102
RTVSPropertyOp0
 70
     1
102
RTVSPropertyOp1
 70
     1
102
RTVSPropertyOp2
 70
     1
102
RTVSPropertyOp3
 70
     1
102
RTVSPropertyOp4
 70
     1
102
RTVSPropertyOp5
 70
     1
102
RTVSPropertyOp6
 70
     1
102
RTVSPropertyOp7
 70
     1
102
RTVSPropertyOp8
 70
     1
102
RTVSPropertyOp9
 70
     1
102
RTVSPropertyOp10
 70
     1
102
RTVSPropertyOp11
 70
     1
102
RTVSPropertyOp12
 70
     1
102
RTVSPropertyOp13
 70
     1
102
RTVSPropertyOp14
 70
     1
102
RTVSPropertyOp15
 70
     1
102
RTVSPropertyOp16
 70
     1
102
RTVSPropertyOp17
 70
     1
102
RTVSPropertyOp18
 70
     1
102
RTVSPropertyOp19
 70
     1
102
RTVSPropertyOp20
 70
     1
102
RTVSPropertyOp21
 70
     1
102
RTVSPropertyOp22
 70
     1
102
RTVSPropertyOp23
 70
     1
102
RTVSPropertyOp24
 70
     1
102
RTVSPropertyOp25
 70
     1
102
RTVSPropertyOp26
 70
     1
102
RTVSPropertyOp27
 70
     1
102
RTVSPropertyOp28
 70
     1
102
RTVSPropertyOp29
 70
     1
102
RTVSPropertyOp30
 70
     1
102
RTVSPropertyOp31
 70
     1
102
RTVSPropertyOp32
 70
     1
102
RTVSPropertyOp33
 70
     1
102
RTVSPropertyOp34
 70
     1
102
RTVSPropertyOp35
 70
     1
102
RTVSPropertyOp36
 70
     1
102
RTVSPropertyOp37
 70
     1
102
RTVSPropertyOp38
 70
     1
102
RTVSPropertyOp39
 70
     1
102
RTVSPropertyOp40
 70
     1
102
RTVSPropertyOp41
 70
     1
102
RTVSPropertyOp42
 70
     1
102
RTVSPropertyOp43
 70
     1
102
RTVSPropertyOp44
 70
     1
102
RTVSPropertyOp45
 70
     1
102
RTVSPropertyOp46
 70
     1
102
RTVSPropertyOp47
 70
     1
102
RTVSPropertyOp48
 70
     1
102
RTVSPropertyOp49
 70
     1
102
RTVSPropertyOp50
 70
     1
102
RTVSPropertyOp51
 70
     0
102
RTVSPropertyOp52
 70
     0
102
RTVSPropertyOp53
 70
     1
102
RTVSPropertyOp54
 70
     1
102
RTVSPropertyOp55
 70
     1
102
RTVSPropertyOp56
 70
     1
102
RTVSPropertyOp57
 70
     1
102
RTVSPropertyOp58
 70
     1
102
RTVSPropertyOp59
 70
     1
102
RTVSPropertyOp60
 70
     1
102
RTVSPropertyOp61
 70
     1
102
RTVSPropertyOp62
 70
     1
  0
XRECORD
  5
2A7
102
{ACAD_REACTORS
330
2A6
102
}
330
2A6
100
AcDbXrecord
280
     1
102
RTVSPost2010Prop28
280
     0
102
RTVSPost2010PropOp28
 70
     1
102
RTVSPost2010Prop29
280
     1
102
RTVSPost2010PropOp29
 70
     1
102
RTVSPost2010Prop30
280
     1
102
RTVSPost2010PropOp30
 70
     1
102
RTVSPost2010Prop31
280
     0
102
RTVSPost2010PropOp31
 70
     1
102
RTVSPost2010Prop32
280
     0
102
RTVSPost2010PropOp32
 70
     1
102
RTVSPost2010Prop33
280
     0
102
RTVSPost2010PropOp33
 70
     1
102
RTVSPost2010Prop34
280
     0
102
RTVSPost2010PropOp34
 70
     1
102
RTVSPost2010Prop35
280
     0
102
RTVSPost2010PropOp35
 70
     1
102
RTVSPost2010Prop36
280
     0
102
RTVSPost2010PropOp36
 70
     1
102
RTVSPost2010Prop37
 90
       50
102
RTVSPost2010PropOp37
 70
     1
102
RTVSPost2010Prop38
140
0.0
102
RTVSPost2010PropOp38
 70
     1
102
RTVSPost2010Prop39
140
1.0
102
RTVSPost2010PropOp39
 70
     1
102
RTVSPost2010Prop40
 90
        0
102
RTVSPost2010PropOp40
 70
     1
102
RTVSPost2010Prop41ColorIndex
 90
       18
102
RTVSPost2010Prop41ColorRGB
 90
        0
102
RTVSPost2010PropOp41
 70
     1
102
RTVSPost2010Prop42
 90
       50
102
RTVSPost2010PropOp42
 70
     1
102
RTVSPost2010Prop43
 90
        3
102
RTVSPost2010PropOp43
 70
     1
102
RTVSPost2010Prop44ColorIndex
 90
        5
102
RTVSPost2010Prop44ColorRGB
 90
      255
102
RTVSPost2010PropOp44
 70
     1
102
RTVSPost2010Prop45
280
     0
102
RTVSPost2010PropOp45
 70
     1
102
RTVSPost2010Prop46
 90
       50
102
RTVSPost2010PropOp46
 70
     1
102
RTVSPost2010Prop47
 90
       50
102
RTVSPost2010PropOp47
 70
     1
102
RTVSPost2010Prop48
 90
       50
102
RTVSPost2010PropOp48
 70
     1
102
RTVSPost2010Prop49
280
     0
102
RTVSPost2010PropOp49
 70
     1
102
RTVSPost2010Prop50
 90
       50
102
RTVSPost2010PropOp50
 70
     1
102
RTVSPost2010Prop51ColorIndex
 90
      256
102
RTVSPost2010Prop51ColorRGB
 90
-16777216
102
RTVSPost2010PropOp51
 70
     0
102
RTVSPost2010Prop52
140
1.0
102
RTVSPost2010PropOp52
 70
     0
102
RTVSPost2010Prop53
 90
        2
102
RTVSPost2010PropOp53
 70
     1
102
RTVSPost2010Prop54
  1
strokes_ogs.tif
102
RTVSPost2010PropOp54
 70
     1
102
RTVSPost2010Prop55
280
     0
102
RTVSPost2010PropOp55
 70
     1
102
RTVSPost2010Prop56
140
1.0
102
RTVSPost2010PropOp56
 70
     1
102
RTVSPost2010Prop57
140
1.0
102
RTVSPost2010PropOp57
 70
     1
102
RTVSPropertyOp0
 70
     0
102
RTVSPropertyOp1
 70
     0
102
RTVSPropertyOp2
 70
     0
102
RTVSPropertyOp3
 70
     0
102
RTVSPropertyOp4
 70
     0
102
RTVSPropertyOp5
 70
     0
102
RTVSPropertyOp6
 70
     0
102
RTVSPropertyOp7
 70
     0
102
RTVSPropertyOp8
 70
     0
102
RTVSPropertyOp9
 70
     0
102
RTVSPropertyOp10
 70
     0
102
RTVSPropertyOp11
 70
     0
102
RTVSPropertyOp12
 70
     0
102
RTVSPropertyOp13
 70
     0
102
RTVSPropertyOp14
 70
     2
102
RTVSPropertyOp15
 70
     0
102
RTVSPropertyOp16
 70
     0
102
RTVSPropertyOp17
 70
     0
102
RTVSPropertyOp18
 70
     0
102
RTVSPropertyOp19
 70
     0
102
RTVSPropertyOp20
 70
     0
102
RTVSPropertyOp21
 70
     0
102
RTVSPropertyOp22
 70
     0
102
RTVSPropertyOp23
 70
     0
102
RTVSPropertyOp24
 70
     0
102
RTVSPropertyOp25
 70
     0
102
RTVSPropertyOp26
 70
     0
102
RTVSPropertyOp27
 70
     0
102
RTVSPropertyOp28
 70
     1
102
RTVSPropertyOp29
 70
     1
102
RTVSPropertyOp30
 70
     1
102
RTVSPropertyOp31
 70
     1
102
RTVSPropertyOp32
 70
     1
102
RTVSPropertyOp33
 70
     1
102
RTVSPropertyOp34
 70
     1
102
RTVSPropertyOp35
 70
     1
102
RTVSPropertyOp36
 70
     1
102
RTVSPropertyOp37
 70
     1
102
RTVSPropertyOp38
 70
     1
102
RTVSPropertyOp39
 70
     1
102
RTVSPropertyOp40
 70
     1
102
RTVSPropertyOp41
 70
     1
102
RTVSPropertyOp42
 70
     1
102
RTVSPropertyOp43
 70
     1
102
RTVSPropertyOp44
 70
     1
102
RTVSPropertyOp45
 70
     1
102
RTVSPropertyOp46
 70
     1
102
RTVSPropertyOp47
 70
     1
102
RTVSPropertyOp48
 70
     1
102
RTVSPropertyOp49
 70
     1
102
RTVSPropertyOp50
 70
     1
102
RTVSPropertyOp51
 70
     0
102
RTVSPropertyOp52
 70
     0
102
RTVSPropertyOp53
 70
     1
102
RTVSPropertyOp54
 70
     1
102
RTVSPropertyOp55
 70
     1
102
RTVSPropertyOp56
 70
     1
102
RTVSPropertyOp57
 70
     1
102
RTVSPropertyOp58
 70
     1
102
RTVSPropertyOp59
 70
     1
102
RTVSPropertyOp60
 70
     1
102
RTVSPropertyOp61
 70
     1
102
RTVSPropertyOp62
 70
     1
  0
XRECORD
  5
2A1
102
{ACAD_REACTORS
330
2A0
102
}
330
2A0
100
AcDbXrecord
280
     1
102
RTVSPost2010Prop28
280
     0
102
RTVSPost2010PropOp28
 70
     1
102
RTVSPost2010Prop29
280
     1
102
RTVSPost2010PropOp29
 70
     1
102
RTVSPost2010Prop30
280
     1
102
RTVSPost2010PropOp30
 70
     1
102
RTVSPost2010Prop31
280
     0
102
RTVSPost2010PropOp31
 70
     1
102
RTVSPost2010Prop32
280
     0
102
RTVSPost2010PropOp32
 70
     1
102
RTVSPost2010Prop33
280
     0
102
RTVSPost2010PropOp33
 70
     1
102
RTVSPost2010Prop34
280
     0
102
RTVSPost2010PropOp34
 70
     1
102
RTVSPost2010Prop35
280
     0
102
RTVSPost2010PropOp35
 70
     1
102
RTVSPost2010Prop36
280
     0
102
RTVSPost2010PropOp36
 70
     1
102
RTVSPost2010Prop37
 90
       50
102
RTVSPost2010PropOp37
 70
     1
102
RTVSPost2010Prop38
140
0.0
102
RTVSPost2010PropOp38
 70
     1
102
RTVSPost2010Prop39
140
1.0
102
RTVSPost2010PropOp39
 70
     1
102
RTVSPost2010Prop40
 90
        0
102
RTVSPost2010PropOp40
 70
     1
102
RTVSPost2010Prop41ColorIndex
 90
       18
102
RTVSPost2010Prop41ColorRGB
 90
        0
102
RTVSPost2010PropOp41
 70
     1
102
RTVSPost2010Prop42
 90
       50
102
RTVSPost2010PropOp42
 70
     1
102
RTVSPost2010Prop43
 90
        3
102
RTVSPost2010PropOp43
 70
     1
102
RTVSPost2010Prop44ColorIndex
 90
        5
102
RTVSPost2010Prop44ColorRGB
 90
      255
102
RTVSPost2010PropOp44
 70
     1
102
RTVSPost2010Prop45
280
     0
102
RTVSPost2010PropOp45
 70
     1
102
RTVSPost2010Prop46
 90
       50
102
RTVSPost2010PropOp46
 70
     1
102
RTVSPost2010Prop47
 90
       50
102
RTVSPost2010PropOp47
 70
     1
102
RTVSPost2010Prop48
 90
       50
102
RTVSPost2010PropOp48
 70
     1
102
RTVSPost2010Prop49
280
     0
102
RTVSPost2010PropOp49
 70
     1
102
RTVSPost2010Prop50
 90
       50
102
RTVSPost2010PropOp50
 70
     1
102
RTVSPost2010Prop51ColorIndex
 90
      256
102
RTVSPost2010Prop51ColorRGB
 90
-16777216
102
RTVSPost2010PropOp51
 70
     0
102
RTVSPost2010Prop52
140
1.0
102
RTVSPost2010PropOp52
 70
     0
102
RTVSPost2010Prop53
 90
        2
102
RTVSPost2010PropOp53
 70
     1
102
RTVSPost2010Prop54
  1
strokes_ogs.tif
102
RTVSPost2010PropOp54
 70
     1
102
RTVSPost2010Prop55
280
     0
102
RTVSPost2010PropOp55
 70
     1
102
RTVSPost2010Prop56
140
1.0
102
RTVSPost2010PropOp56
 70
     1
102
RTVSPost2010Prop57
140
1.0
102
RTVSPost2010PropOp57
 70
     1
102
RTVSPropertyOp0
 70
     1
102
RTVSPropertyOp1
 70
     1
102
RTVSPropertyOp2
 70
     1
102
RTVSPropertyOp3
 70
     1
102
RTVSPropertyOp4
 70
     1
102
RTVSPropertyOp5
 70
     1
102
RTVSPropertyOp6
 70
     1
102
RTVSPropertyOp7
 70
     1
102
RTVSPropertyOp8
 70
     1
102
RTVSPropertyOp9
 70
     1
102
RTVSPropertyOp10
 70
     1
102
RTVSPropertyOp11
 70
     1
102
RTVSPropertyOp12
 70
     1
102
RTVSPropertyOp13
 70
     1
102
RTVSPropertyOp14
 70
     1
102
RTVSPropertyOp15
 70
     1
102
RTVSPropertyOp16
 70
     1
102
RTVSPropertyOp17
 70
     1
102
RTVSPropertyOp18
 70
     1
102
RTVSPropertyOp19
 70
     1
102
RTVSPropertyOp20
 70
     1
102
RTVSPropertyOp21
 70
     1
102
RTVSPropertyOp22
 70
     1
102
RTVSPropertyOp23
 70
     1
102
RTVSPropertyOp24
 70
     1
102
RTVSPropertyOp25
 70
     1
102
RTVSPropertyOp26
 70
     1
102
RTVSPropertyOp27
 70
     1
102
RTVSPropertyOp28
 70
     1
102
RTVSPropertyOp29
 70
     1
102
RTVSPropertyOp30
 70
     1
102
RTVSPropertyOp31
 70
     1
102
RTVSPropertyOp32
 70
     1
102
RTVSPropertyOp33
 70
     1
102
RTVSPropertyOp34
 70
     1
102
RTVSPropertyOp35
 70
     1
102
RTVSPropertyOp36
 70
     1
102
RTVSPropertyOp37
 70
     1
102
RTVSPropertyOp38
 70
     1
102
RTVSPropertyOp39
 70
     1
102
RTVSPropertyOp40
 70
     1
102
RTVSPropertyOp41
 70
     1
102
RTVSPropertyOp42
 70
     1
102
RTVSPropertyOp43
 70
     1
102
RTVSPropertyOp44
 70
     1
102
RTVSPropertyOp45
 70
     1
102
RTVSPropertyOp46
 70
     1
102
RTVSPropertyOp47
 70
     1
102
RTVSPropertyOp48
 70
     1
102
RTVSPropertyOp49
 70
     1
102
RTVSPropertyOp50
 70
     1
102
RTVSPropertyOp51
 70
     0
102
RTVSPropertyOp52
 70
     0
102
RTVSPropertyOp53
 70
     1
102
RTVSPropertyOp54
 70
     1
102
RTVSPropertyOp55
 70
     1
102
RTVSPropertyOp56
 70
     1
102
RTVSPropertyOp57
 70
     1
102
RTVSPropertyOp58
 70
     1
102
RTVSPropertyOp59
 70
     1
102
RTVSPropertyOp60
 70
     1
102
RTVSPropertyOp61
 70
     1
102
RTVSPropertyOp62
 70
     1
  0
XRECORD
  5
2A9
102
{ACAD_REACTORS
330
2A8
102
}
330
2A8
100
AcDbXrecord
280
     1
102
RTVSPost2010Prop28
280
     0
102
RTVSPost2010PropOp28
 70
     1
102
RTVSPost2010Prop29
280
     1
102
RTVSPost2010PropOp29
 70
     1
102
RTVSPost2010Prop30
280
     1
102
RTVSPost2010PropOp30
 70
     1
102
RTVSPost2010Prop31
280
     0
102
RTVSPost2010PropOp31
 70
     1
102
RTVSPost2010Prop32
280
     0
102
RTVSPost2010PropOp32
 70
     1
102
RTVSPost2010Prop33
280
     0
102
RTVSPost2010PropOp33
 70
     1
102
RTVSPost2010Prop34
280
     0
102
RTVSPost2010PropOp34
 70
     1
102
RTVSPost2010Prop35
280
     0
102
RTVSPost2010PropOp35
 70
     1
102
RTVSPost2010Prop36
280
     0
102
RTVSPost2010PropOp36
 70
     1
102
RTVSPost2010Prop37
 90
       50
102
RTVSPost2010PropOp37
 70
     1
102
RTVSPost2010Prop38
140
0.0
102
RTVSPost2010PropOp38
 70
     1
102
RTVSPost2010Prop39
140
1.0
102
RTVSPost2010PropOp39
 70
     1
102
RTVSPost2010Prop40
 90
        0
102
RTVSPost2010PropOp40
 70
     1
102
RTVSPost2010Prop41ColorIndex
 90
       18
102
RTVSPost2010Prop41ColorRGB
 90
        0
102
RTVSPost2010PropOp41
 70
     1
102
RTVSPost2010Prop42
 90
       50
102
RTVSPost2010PropOp42
 70
     1
102
RTVSPost2010Prop43
 90
        3
102
RTVSPost2010PropOp43
 70
     1
102
RTVSPost2010Prop44ColorIndex
 90
        5
102
RTVSPost2010Prop44ColorRGB
 90
      255
102
RTVSPost2010PropOp44
 70
     1
102
RTVSPost2010Prop45
280
     0
102
RTVSPost2010PropOp45
 70
     1
102
RTVSPost2010Prop46
 90
       50
102
RTVSPost2010PropOp46
 70
     1
102
RTVSPost2010Prop47
 90
       50
102
RTVSPost2010PropOp47
 70
     1
102
RTVSPost2010Prop48
 90
       50
102
RTVSPost2010PropOp48
 70
     1
102
RTVSPost2010Prop49
280
     0
102
RTVSPost2010PropOp49
 70
     1
102
RTVSPost2010Prop50
 90
       50
102
RTVSPost2010PropOp50
 70
     1
102
RTVSPost2010Prop51ColorIndex
 90
      256
102
RTVSPost2010Prop51ColorRGB
 90
-16777216
102
RTVSPost2010PropOp51
 70
     0
102
RTVSPost2010Prop52
140
1.0
102
RTVSPost2010PropOp52
 70
     0
102
RTVSPost2010Prop53
 90
        2
102
RTVSPost2010PropOp53
 70
     1
102
RTVSPost2010Prop54
  1
strokes_ogs.tif
102
RTVSPost2010PropOp54
 70
     1
102
RTVSPost2010Prop55
280
     0
102
RTVSPost2010PropOp55
 70
     1
102
RTVSPost2010Prop56
140
1.0
102
RTVSPost2010PropOp56
 70
     1
102
RTVSPost2010Prop57
140
1.0
102
RTVSPost2010PropOp57
 70
     1
102
RTVSPropertyOp0
 70
     0
102
RTVSPropertyOp1
 70
     0
102
RTVSPropertyOp2
 70
     0
102
RTVSPropertyOp3
 70
     0
102
RTVSPropertyOp4
 70
     0
102
RTVSPropertyOp5
 70
     0
102
RTVSPropertyOp6
 70
     0
102
RTVSPropertyOp7
 70
     0
102
RTVSPropertyOp8
 70
     0
102
RTVSPropertyOp9
 70
     0
102
RTVSPropertyOp10
 70
     0
102
RTVSPropertyOp11
 70
     0
102
RTVSPropertyOp12
 70
     0
102
RTVSPropertyOp13
 70
     0
102
RTVSPropertyOp14
 70
     2
102
RTVSPropertyOp15
 70
     0
102
RTVSPropertyOp16
 70
     0
102
RTVSPropertyOp17
 70
     0
102
RTVSPropertyOp18
 70
     0
102
RTVSPropertyOp19
 70
     0
102
RTVSPropertyOp20
 70
     0
102
RTVSPropertyOp21
 70
     0
102
RTVSPropertyOp22
 70
     0
102
RTVSPropertyOp23
 70
     0
102
RTVSPropertyOp24
 70
     0
102
RTVSPropertyOp25
 70
     0
102
RTVSPropertyOp26
 70
     0
102
RTVSPropertyOp27
 70
     0
102
RTVSPropertyOp28
 70
     1
102
RTVSPropertyOp29
 70
     1
102
RTVSPropertyOp30
 70
     1
102
RTVSPropertyOp31
 70
     1
102
RTVSPropertyOp32
 70
     1
102
RTVSPropertyOp33
 70
     1
102
RTVSPropertyOp34
 70
     1
102
RTVSPropertyOp35
 70
     1
102
RTVSPropertyOp36
 70
     1
102
RTVSPropertyOp37
 70
     1
102
RTVSPropertyOp38
 70
     1
102
RTVSPropertyOp39
 70
     1
102
RTVSPropertyOp40
 70
     1
102
RTVSPropertyOp41
 70
     1
102
RTVSPropertyOp42
 70
     1
102
RTVSPropertyOp43
 70
     1
102
RTVSPropertyOp44
 70
     1
102
RTVSPropertyOp45
 70
     1
102
RTVSPropertyOp46
 70
     1
102
RTVSPropertyOp47
 70
     1
102
RTVSPropertyOp48
 70
     1
102
RTVSPropertyOp49
 70
     1
102
RTVSPropertyOp50
 70
     1
102
RTVSPropertyOp51
 70
     0
102
RTVSPropertyOp52
 70
     0
102
RTVSPropertyOp53
 70
     1
102
RTVSPropertyOp54
 70
     1
102
RTVSPropertyOp55
 70
     1
102
RTVSPropertyOp56
 70
     1
102
RTVSPropertyOp57
 70
     1
102
RTVSPropertyOp58
 70
     1
102
RTVSPropertyOp59
 70
     1
102
RTVSPropertyOp60
 70
     1
102
RTVSPropertyOp61
 70
     1
102
RTVSPropertyOp62
 70
     1
  0
XRECORD
  5
299
102
{ACAD_REACTORS
330
298
102
}
330
298
100
AcDbXrecord
280
     1
102
RTVSPost2010Prop28
280
     0
102
RTVSPost2010PropOp28
 70
     1
102
RTVSPost2010Prop29
280
     1
102
RTVSPost2010PropOp29
 70
     1
102
RTVSPost2010Prop30
280
     1
102
RTVSPost2010PropOp30
 70
     1
102
RTVSPost2010Prop31
280
     0
102
RTVSPost2010PropOp31
 70
     1
102
RTVSPost2010Prop32
280
     0
102
RTVSPost2010PropOp32
 70
     1
102
RTVSPost2010Prop33
280
     0
102
RTVSPost2010PropOp33
 70
     1
102
RTVSPost2010Prop34
280
     0
102
RTVSPost2010PropOp34
 70
     1
102
RTVSPost2010Prop35
280
     0
102
RTVSPost2010PropOp35
 70
     1
102
RTVSPost2010Prop36
280
     0
102
RTVSPost2010PropOp36
 70
     1
102
RTVSPost2010Prop37
 90
       50
102
RTVSPost2010PropOp37
 70
     1
102
RTVSPost2010Prop38
140
0.0
102
RTVSPost2010PropOp38
 70
     1
102
RTVSPost2010Prop39
140
1.0
102
RTVSPost2010PropOp39
 70
     1
102
RTVSPost2010Prop40
 90
        0
102
RTVSPost2010PropOp40
 70
     1
102
RTVSPost2010Prop41ColorIndex
 90
       18
102
RTVSPost2010Prop41ColorRGB
 90
        0
102
RTVSPost2010PropOp41
 70
     1
102
RTVSPost2010Prop42
 90
       50
102
RTVSPost2010PropOp42
 70
     1
102
RTVSPost2010Prop43
 90
        3
102
RTVSPost2010PropOp43
 70
     1
102
RTVSPost2010Prop44ColorIndex
 90
        5
102
RTVSPost2010Prop44ColorRGB
 90
      255
102
RTVSPost2010PropOp44
 70
     1
102
RTVSPost2010Prop45
280
     0
102
RTVSPost2010PropOp45
 70
     1
102
RTVSPost2010Prop46
 90
       50
102
RTVSPost2010PropOp46
 70
     1
102
RTVSPost2010Prop47
 90
       50
102
RTVSPost2010PropOp47
 70
     1
102
RTVSPost2010Prop48
 90
       50
102
RTVSPost2010PropOp48
 70
     1
102
RTVSPost2010Prop49
280
     0
102
RTVSPost2010PropOp49
 70
     1
102
RTVSPost2010Prop50
 90
       50
102
RTVSPost2010PropOp50
 70
     1
102
RTVSPost2010Prop51ColorIndex
 90
      256
102
RTVSPost2010Prop51ColorRGB
 90
-16777216
102
RTVSPost2010PropOp51
 70
     0
102
RTVSPost2010Prop52
140
1.0
102
RTVSPost2010PropOp52
 70
     0
102
RTVSPost2010Prop53
 90
        2
102
RTVSPost2010PropOp53
 70
     1
102
RTVSPost2010Prop54
  1
strokes_ogs.tif
102
RTVSPost2010PropOp54
 70
     1
102
RTVSPost2010Prop55
280
     0
102
RTVSPost2010PropOp55
 70
     1
102
RTVSPost2010Prop56
140
1.0
102
RTVSPost2010PropOp56
 70
     1
102
RTVSPost2010Prop57
140
1.0
102
RTVSPost2010PropOp57
 70
     1
102
RTVSPropertyOp0
 70
     1
102
RTVSPropertyOp1
 70
     1
102
RTVSPropertyOp2
 70
     1
102
RTVSPropertyOp3
 70
     1
102
RTVSPropertyOp4
 70
     1
102
RTVSPropertyOp5
 70
     1
102
RTVSPropertyOp6
 70
     1
102
RTVSPropertyOp7
 70
     1
102
RTVSPropertyOp8
 70
     1
102
RTVSPropertyOp9
 70
     1
102
RTVSPropertyOp10
 70
     1
102
RTVSPropertyOp11
 70
     1
102
RTVSPropertyOp12
 70
     1
102
RTVSPropertyOp13
 70
     1
102
RTVSPropertyOp14
 70
     1
102
RTVSPropertyOp15
 70
     1
102
RTVSPropertyOp16
 70
     1
102
RTVSPropertyOp17
 70
     1
102
RTVSPropertyOp18
 70
     1
102
RTVSPropertyOp19
 70
     1
102
RTVSPropertyOp20
 70
     1
102
RTVSPropertyOp21
 70
     1
102
RTVSPropertyOp22
 70
     1
102
RTVSPropertyOp23
 70
     1
102
RTVSPropertyOp24
 70
     1
102
RTVSPropertyOp25
 70
     1
102
RTVSPropertyOp26
 70
     1
102
RTVSPropertyOp27
 70
     1
102
RTVSPropertyOp28
 70
     1
102
RTVSPropertyOp29
 70
     1
102
RTVSPropertyOp30
 70
     1
102
RTVSPropertyOp31
 70
     1
102
RTVSPropertyOp32
 70
     1
102
RTVSPropertyOp33
 70
     1
102
RTVSPropertyOp34
 70
     1
102
RTVSPropertyOp35
 70
     1
102
RTVSPropertyOp36
 70
     1
102
RTVSPropertyOp37
 70
     1
102
RTVSPropertyOp38
 70
     1
102
RTVSPropertyOp39
 70
     1
102
RTVSPropertyOp40
 70
     1
102
RTVSPropertyOp41
 70
     1
102
RTVSPropertyOp42
 70
     1
102
RTVSPropertyOp43
 70
     1
102
RTVSPropertyOp44
 70
     1
102
RTVSPropertyOp45
 70
     1
102
RTVSPropertyOp46
 70
     1
102
RTVSPropertyOp47
 70
     1
102
RTVSPropertyOp48
 70
     1
102
RTVSPropertyOp49
 70
     1
102
RTVSPropertyOp50
 70
     1
102
RTVSPropertyOp51
 70
     0
102
RTVSPropertyOp52
 70
     0
102
RTVSPropertyOp53
 70
     1
102
RTVSPropertyOp54
 70
     1
102
RTVSPropertyOp55
 70
     1
102
RTVSPropertyOp56
 70
     1
102
RTVSPropertyOp57
 70
     1
102
RTVSPropertyOp58
 70
     1
102
RTVSPropertyOp59
 70
     1
102
RTVSPropertyOp60
 70
     1
102
RTVSPropertyOp61
 70
     1
102
RTVSPropertyOp62
 70
     1
  0
XRECORD
  5
2B5
102
{ACAD_REACTORS
330
2B4
102
}
330
2B4
100
AcDbXrecord
280
     1
102
RTVSPost2010Prop28
280
     0
102
RTVSPost2010PropOp28
 70
     1
102
RTVSPost2010Prop29
280
     1
102
RTVSPost2010PropOp29
 70
     1
102
RTVSPost2010Prop30
280
     1
102
RTVSPost2010PropOp30
 70
     1
102
RTVSPost2010Prop31
280
     0
102
RTVSPost2010PropOp31
 70
     1
102
RTVSPost2010Prop32
280
     0
102
RTVSPost2010PropOp32
 70
     1
102
RTVSPost2010Prop33
280
     0
102
RTVSPost2010PropOp33
 70
     1
102
RTVSPost2010Prop34
280
     0
102
RTVSPost2010PropOp34
 70
     1
102
RTVSPost2010Prop35
280
     0
102
RTVSPost2010PropOp35
 70
     1
102
RTVSPost2010Prop36
280
     0
102
RTVSPost2010PropOp36
 70
     1
102
RTVSPost2010Prop37
 90
       50
102
RTVSPost2010PropOp37
 70
     1
102
RTVSPost2010Prop38
140
0.0
102
RTVSPost2010PropOp38
 70
     1
102
RTVSPost2010Prop39
140
1.0
102
RTVSPost2010PropOp39
 70
     1
102
RTVSPost2010Prop40
 90
        0
102
RTVSPost2010PropOp40
 70
     1
102
RTVSPost2010Prop41ColorIndex
 90
       18
102
RTVSPost2010Prop41ColorRGB
 90
        0
102
RTVSPost2010PropOp41
 70
     1
102
RTVSPost2010Prop42
 90
       50
102
RTVSPost2010PropOp42
 70
     1
102
RTVSPost2010Prop43
 90
        3
102
RTVSPost2010PropOp43
 70
     1
102
RTVSPost2010Prop44ColorIndex
 90
        5
102
RTVSPost2010Prop44ColorRGB
 90
      255
102
RTVSPost2010PropOp44
 70
     1
102
RTVSPost2010Prop45
280
     0
102
RTVSPost2010PropOp45
 70
     1
102
RTVSPost2010Prop46
 90
       50
102
RTVSPost2010PropOp46
 70
     1
102
RTVSPost2010Prop47
 90
       50
102
RTVSPost2010PropOp47
 70
     1
102
RTVSPost2010Prop48
 90
       50
102
RTVSPost2010PropOp48
 70
     1
102
RTVSPost2010Prop49
280
     0
102
RTVSPost2010PropOp49
 70
     1
102
RTVSPost2010Prop50
 90
       50
102
RTVSPost2010PropOp50
 70
     1
102
RTVSPost2010Prop51ColorIndex
 90
      256
102
RTVSPost2010Prop51ColorRGB
 90
-16777216
102
RTVSPost2010PropOp51
 70
     0
102
RTVSPost2010Prop52
140
1.0
102
RTVSPost2010PropOp52
 70
     0
102
RTVSPost2010Prop53
 90
        2
102
RTVSPost2010PropOp53
 70
     1
102
RTVSPost2010Prop54
  1
strokes_ogs.tif
102
RTVSPost2010PropOp54
 70
     1
102
RTVSPost2010Prop55
280
     0
102
RTVSPost2010PropOp55
 70
     1
102
RTVSPost2010Prop56
140
1.0
102
RTVSPost2010PropOp56
 70
     1
102
RTVSPost2010Prop57
140
1.0
102
RTVSPost2010PropOp57
 70
     1
102
RTVSPropertyOp0
 70
     1
102
RTVSPropertyOp1
 70
     1
102
RTVSPropertyOp2
 70
     1
102
RTVSPropertyOp3
 70
     1
102
RTVSPropertyOp4
 70
     1
102
RTVSPropertyOp5
 70
     1
102
RTVSPropertyOp6
 70
     1
102
RTVSPropertyOp7
 70
     1
102
RTVSPropertyOp8
 70
     1
102
RTVSPropertyOp9
 70
     1
102
RTVSPropertyOp10
 70
     1
102
RTVSPropertyOp11
 70
     1
102
RTVSPropertyOp12
 70
     1
102
RTVSPropertyOp13
 70
     1
102
RTVSPropertyOp14
 70
     1
102
RTVSPropertyOp15
 70
     1
102
RTVSPropertyOp16
 70
     1
102
RTVSPropertyOp17
 70
     1
102
RTVSPropertyOp18
 70
     1
102
RTVSPropertyOp19
 70
     1
102
RTVSPropertyOp20
 70
     1
102
RTVSPropertyOp21
 70
     1
102
RTVSPropertyOp22
 70
     1
102
RTVSPropertyOp23
 70
     1
102
RTVSPropertyOp24
 70
     1
102
RTVSPropertyOp25
 70
     1
102
RTVSPropertyOp26
 70
     1
102
RTVSPropertyOp27
 70
     1
102
RTVSPropertyOp28
 70
     1
102
RTVSPropertyOp29
 70
     1
102
RTVSPropertyOp30
 70
     1
102
RTVSPropertyOp31
 70
     1
102
RTVSPropertyOp32
 70
     1
102
RTVSPropertyOp33
 70
     1
102
RTVSPropertyOp34
 70
     1
102
RTVSPropertyOp35
 70
     1
102
RTVSPropertyOp36
 70
     1
102
RTVSPropertyOp37
 70
     1
102
RTVSPropertyOp38
 70
     1
102
RTVSPropertyOp39
 70
     1
102
RTVSPropertyOp40
 70
     1
102
RTVSPropertyOp41
 70
     1
102
RTVSPropertyOp42
 70
     1
102
RTVSPropertyOp43
 70
     1
102
RTVSPropertyOp44
 70
     1
102
RTVSPropertyOp45
 70
     1
102
RTVSPropertyOp46
 70
     1
102
RTVSPropertyOp47
 70
     1
102
RTVSPropertyOp48
 70
     1
102
RTVSPropertyOp49
 70
     1
102
RTVSPropertyOp50
 70
     1
102
RTVSPropertyOp51
 70
     0
102
RTVSPropertyOp52
 70
     0
102
RTVSPropertyOp53
 70
     1
102
RTVSPropertyOp54
 70
     1
102
RTVSPropertyOp55
 70
     1
102
RTVSPropertyOp56
 70
     1
102
RTVSPropertyOp57
 70
     1
102
RTVSPropertyOp58
 70
     1
102
RTVSPropertyOp59
 70
     1
102
RTVSPropertyOp60
 70
     1
102
RTVSPropertyOp61
 70
     1
102
RTVSPropertyOp62
 70
     1
  0
XRECORD
  5
2B3
102
{ACAD_REACTORS
330
2B2
102
}
330
2B2
100
AcDbXrecord
280
     1
102
RTVSPost2010Prop28
280
     0
102
RTVSPost2010PropOp28
 70
     1
102
RTVSPost2010Prop29
280
     1
102
RTVSPost2010PropOp29
 70
     1
102
RTVSPost2010Prop30
280
     1
102
RTVSPost2010PropOp30
 70
     1
102
RTVSPost2010Prop31
280
     0
102
RTVSPost2010PropOp31
 70
     1
102
RTVSPost2010Prop32
280
     0
102
RTVSPost2010PropOp32
 70
     1
102
RTVSPost2010Prop33
280
     0
102
RTVSPost2010PropOp33
 70
     1
102
RTVSPost2010Prop34
280
     0
102
RTVSPost2010PropOp34
 70
     1
102
RTVSPost2010Prop35
280
     0
102
RTVSPost2010PropOp35
 70
     1
102
RTVSPost2010Prop36
280
     0
102
RTVSPost2010PropOp36
 70
     1
102
RTVSPost2010Prop37
 90
       50
102
RTVSPost2010PropOp37
 70
     1
102
RTVSPost2010Prop38
140
0.0
102
RTVSPost2010PropOp38
 70
     1
102
RTVSPost2010Prop39
140
1.0
102
RTVSPost2010PropOp39
 70
     1
102
RTVSPost2010Prop40
 90
        0
102
RTVSPost2010PropOp40
 70
     1
102
RTVSPost2010Prop41ColorIndex
 90
       18
102
RTVSPost2010Prop41ColorRGB
 90
        0
102
RTVSPost2010PropOp41
 70
     1
102
RTVSPost2010Prop42
 90
       50
102
RTVSPost2010PropOp42
 70
     1
102
RTVSPost2010Prop43
 90
        3
102
RTVSPost2010PropOp43
 70
     1
102
RTVSPost2010Prop44ColorIndex
 90
        5
102
RTVSPost2010Prop44ColorRGB
 90
      255
102
RTVSPost2010PropOp44
 70
     1
102
RTVSPost2010Prop45
280
     0
102
RTVSPost2010PropOp45
 70
     1
102
RTVSPost2010Prop46
 90
       50
102
RTVSPost2010PropOp46
 70
     1
102
RTVSPost2010Prop47
 90
       50
102
RTVSPost2010PropOp47
 70
     1
102
RTVSPost2010Prop48
 90
       50
102
RTVSPost2010PropOp48
 70
     1
102
RTVSPost2010Prop49
280
     0
102
RTVSPost2010PropOp49
 70
     1
102
RTVSPost2010Prop50
 90
       50
102
RTVSPost2010PropOp50
 70
     1
102
RTVSPost2010Prop51ColorIndex
 90
      256
102
RTVSPost2010Prop51ColorRGB
 90
-16777216
102
RTVSPost2010PropOp51
 70
     0
102
RTVSPost2010Prop52
140
1.0
102
RTVSPost2010PropOp52
 70
     0
102
RTVSPost2010Prop53
 90
        2
102
RTVSPost2010PropOp53
 70
     1
102
RTVSPost2010Prop54
  1
strokes_ogs.tif
102
RTVSPost2010PropOp54
 70
     1
102
RTVSPost2010Prop55
280
     0
102
RTVSPost2010PropOp55
 70
     1
102
RTVSPost2010Prop56
140
1.0
102
RTVSPost2010PropOp56
 70
     1
102
RTVSPost2010Prop57
140
1.0
102
RTVSPost2010PropOp57
 70
     1
102
RTVSPropertyOp0
 70
     1
102
RTVSPropertyOp1
 70
     1
102
RTVSPropertyOp2
 70
     1
102
RTVSPropertyOp3
 70
     1
102
RTVSPropertyOp4
 70
     1
102
RTVSPropertyOp5
 70
     1
102
RTVSPropertyOp6
 70
     1
102
RTVSPropertyOp7
 70
     1
102
RTVSPropertyOp8
 70
     1
102
RTVSPropertyOp9
 70
     1
102
RTVSPropertyOp10
 70
     1
102
RTVSPropertyOp11
 70
     1
102
RTVSPropertyOp12
 70
     1
102
RTVSPropertyOp13
 70
     1
102
RTVSPropertyOp14
 70
     1
102
RTVSPropertyOp15
 70
     1
102
RTVSPropertyOp16
 70
     1
102
RTVSPropertyOp17
 70
     1
102
RTVSPropertyOp18
 70
     1
102
RTVSPropertyOp19
 70
     1
102
RTVSPropertyOp20
 70
     1
102
RTVSPropertyOp21
 70
     1
102
RTVSPropertyOp22
 70
     1
102
RTVSPropertyOp23
 70
     1
102
RTVSPropertyOp24
 70
     1
102
RTVSPropertyOp25
 70
     1
102
RTVSPropertyOp26
 70
     1
102
RTVSPropertyOp27
 70
     1
102
RTVSPropertyOp28
 70
     1
102
RTVSPropertyOp29
 70
     1
102
RTVSPropertyOp30
 70
     1
102
RTVSPropertyOp31
 70
     1
102
RTVSPropertyOp32
 70
     1
102
RTVSPropertyOp33
 70
     1
102
RTVSPropertyOp34
 70
     1
102
RTVSPropertyOp35
 70
     1
102
RTVSPropertyOp36
 70
     1
102
RTVSPropertyOp37
 70
     1
102
RTVSPropertyOp38
 70
     1
102
RTVSPropertyOp39
 70
     1
102
RTVSPropertyOp40
 70
     1
102
RTVSPropertyOp41
 70
     1
102
RTVSPropertyOp42
 70
     1
102
RTVSPropertyOp43
 70
     1
102
RTVSPropertyOp44
 70
     1
102
RTVSPropertyOp45
 70
     1
102
RTVSPropertyOp46
 70
     1
102
RTVSPropertyOp47
 70
     1
102
RTVSPropertyOp48
 70
     1
102
RTVSPropertyOp49
 70
     1
102
RTVSPropertyOp50
 70
     1
102
RTVSPropertyOp51
 70
     0
102
RTVSPropertyOp52
 70
     0
102
RTVSPropertyOp53
 70
     1
102
RTVSPropertyOp54
 70
     1
102
RTVSPropertyOp55
 70
     1
102
RTVSPropertyOp56
 70
     1
102
RTVSPropertyOp57
 70
     1
102
RTVSPropertyOp58
 70
     1
102
RTVSPropertyOp59
 70
     1
102
RTVSPropertyOp60
 70
     1
102
RTVSPropertyOp61
 70
     1
102
RTVSPropertyOp62
 70
     1
  0
XRECORD
  5
2AD
102
{ACAD_REACTORS
330
2AC
102
}
330
2AC
100
AcDbXrecord
280
     1
102
RTVSPost2010Prop28
280
     0
102
RTVSPost2010PropOp28
 70
     1
102
RTVSPost2010Prop29
280
     1
102
RTVSPost2010PropOp29
 70
     1
102
RTVSPost2010Prop30
280
     1
102
RTVSPost2010PropOp30
 70
     1
102
RTVSPost2010Prop31
280
     0
102
RTVSPost2010PropOp31
 70
     1
102
RTVSPost2010Prop32
280
     0
102
RTVSPost2010PropOp32
 70
     1
102
RTVSPost2010Prop33
280
     0
102
RTVSPost2010PropOp33
 70
     1
102
RTVSPost2010Prop34
280
     0
102
RTVSPost2010PropOp34
 70
     1
102
RTVSPost2010Prop35
280
     0
102
RTVSPost2010PropOp35
 70
     1
102
RTVSPost2010Prop36
280
     0
102
RTVSPost2010PropOp36
 70
     1
102
RTVSPost2010Prop37
 90
       50
102
RTVSPost2010PropOp37
 70
     1
102
RTVSPost2010Prop38
140
0.0
102
RTVSPost2010PropOp38
 70
     1
102
RTVSPost2010Prop39
140
1.0
102
RTVSPost2010PropOp39
 70
     1
102
RTVSPost2010Prop40
 90
        0
102
RTVSPost2010PropOp40
 70
     1
102
RTVSPost2010Prop41ColorIndex
 90
       18
102
RTVSPost2010Prop41ColorRGB
 90
        0
102
RTVSPost2010PropOp41
 70
     1
102
RTVSPost2010Prop42
 90
       50
102
RTVSPost2010PropOp42
 70
     1
102
RTVSPost2010Prop43
 90
        3
102
RTVSPost2010PropOp43
 70
     1
102
RTVSPost2010Prop44ColorIndex
 90
        5
102
RTVSPost2010Prop44ColorRGB
 90
      255
102
RTVSPost2010PropOp44
 70
     1
102
RTVSPost2010Prop45
280
     0
102
RTVSPost2010PropOp45
 70
     1
102
RTVSPost2010Prop46
 90
       50
102
RTVSPost2010PropOp46
 70
     1
102
RTVSPost2010Prop47
 90
       50
102
RTVSPost2010PropOp47
 70
     1
102
RTVSPost2010Prop48
 90
       50
102
RTVSPost2010PropOp48
 70
     1
102
RTVSPost2010Prop49
280
     0
102
RTVSPost2010PropOp49
 70
     1
102
RTVSPost2010Prop50
 90
       50
102
RTVSPost2010PropOp50
 70
     1
102
RTVSPost2010Prop51ColorIndex
 90
      256
102
RTVSPost2010Prop51ColorRGB
 90
-16777216
102
RTVSPost2010PropOp51
 70
     0
102
RTVSPost2010Prop52
140
1.0
102
RTVSPost2010PropOp52
 70
     0
102
RTVSPost2010Prop53
 90
        2
102
RTVSPost2010PropOp53
 70
     1
102
RTVSPost2010Prop54
  1
strokes_ogs.tif
102
RTVSPost2010PropOp54
 70
     1
102
RTVSPost2010Prop55
280
     0
102
RTVSPost2010PropOp55
 70
     1
102
RTVSPost2010Prop56
140
1.0
102
RTVSPost2010PropOp56
 70
     1
102
RTVSPost2010Prop57
140
1.0
102
RTVSPost2010PropOp57
 70
     1
102
RTVSPropertyOp0
 70
     1
102
RTVSPropertyOp1
 70
     1
102
RTVSPropertyOp2
 70
     1
102
RTVSPropertyOp3
 70
     1
102
RTVSPropertyOp4
 70
     1
102
RTVSPropertyOp5
 70
     1
102
RTVSPropertyOp6
 70
     1
102
RTVSPropertyOp7
 70
     1
102
RTVSPropertyOp8
 70
     1
102
RTVSPropertyOp9
 70
     1
102
RTVSPropertyOp10
 70
     1
102
RTVSPropertyOp11
 70
     1
102
RTVSPropertyOp12
 70
     1
102
RTVSPropertyOp13
 70
     1
102
RTVSPropertyOp14
 70
     1
102
RTVSPropertyOp15
 70
     1
102
RTVSPropertyOp16
 70
     1
102
RTVSPropertyOp17
 70
     1
102
RTVSPropertyOp18
 70
     1
102
RTVSPropertyOp19
 70
     1
102
RTVSPropertyOp20
 70
     1
102
RTVSPropertyOp21
 70
     1
102
RTVSPropertyOp22
 70
     1
102
RTVSPropertyOp23
 70
     1
102
RTVSPropertyOp24
 70
     1
102
RTVSPropertyOp25
 70
     1
102
RTVSPropertyOp26
 70
     1
102
RTVSPropertyOp27
 70
     1
102
RTVSPropertyOp28
 70
     1
102
RTVSPropertyOp29
 70
     1
102
RTVSPropertyOp30
 70
     1
102
RTVSPropertyOp31
 70
     1
102
RTVSPropertyOp32
 70
     1
102
RTVSPropertyOp33
 70
     1
102
RTVSPropertyOp34
 70
     1
102
RTVSPropertyOp35
 70
     1
102
RTVSPropertyOp36
 70
     1
102
RTVSPropertyOp37
 70
     1
102
RTVSPropertyOp38
 70
     1
102
RTVSPropertyOp39
 70
     1
102
RTVSPropertyOp40
 70
     1
102
RTVSPropertyOp41
 70
     1
102
RTVSPropertyOp42
 70
     1
102
RTVSPropertyOp43
 70
     1
102
RTVSPropertyOp44
 70
     1
102
RTVSPropertyOp45
 70
     1
102
RTVSPropertyOp46
 70
     1
102
RTVSPropertyOp47
 70
     1
102
RTVSPropertyOp48
 70
     1
102
RTVSPropertyOp49
 70
     1
102
RTVSPropertyOp50
 70
     1
102
RTVSPropertyOp51
 70
     0
102
RTVSPropertyOp52
 70
     0
102
RTVSPropertyOp53
 70
     1
102
RTVSPropertyOp54
 70
     1
102
RTVSPropertyOp55
 70
     1
102
RTVSPropertyOp56
 70
     1
102
RTVSPropertyOp57
 70
     1
102
RTVSPropertyOp58
 70
     1
102
RTVSPropertyOp59
 70
     1
102
RTVSPropertyOp60
 70
     1
102
RTVSPropertyOp61
 70
     1
102
RTVSPropertyOp62
 70
     1
  0
XRECORD
  5
2AF
102
{ACAD_REACTORS
330
2AE
102
}
330
2AE
100
AcDbXrecord
280
     1
102
RTVSPost2010Prop28
280
     0
102
RTVSPost2010PropOp28
 70
     1
102
RTVSPost2010Prop29
280
     1
102
RTVSPost2010PropOp29
 70
     1
102
RTVSPost2010Prop30
280
     1
102
RTVSPost2010PropOp30
 70
     1
102
RTVSPost2010Prop31
280
     0
102
RTVSPost2010PropOp31
 70
     1
102
RTVSPost2010Prop32
280
     0
102
RTVSPost2010PropOp32
 70
     1
102
RTVSPost2010Prop33
280
     0
102
RTVSPost2010PropOp33
 70
     1
102
RTVSPost2010Prop34
280
     0
102
RTVSPost2010PropOp34
 70
     1
102
RTVSPost2010Prop35
280
     0
102
RTVSPost2010PropOp35
 70
     1
102
RTVSPost2010Prop36
280
     0
102
RTVSPost2010PropOp36
 70
     1
102
RTVSPost2010Prop37
 90
       50
102
RTVSPost2010PropOp37
 70
     1
102
RTVSPost2010Prop38
140
0.0
102
RTVSPost2010PropOp38
 70
     1
102
RTVSPost2010Prop39
140
1.0
102
RTVSPost2010PropOp39
 70
     1
102
RTVSPost2010Prop40
 90
        0
102
RTVSPost2010PropOp40
 70
     1
102
RTVSPost2010Prop41ColorIndex
 90
       18
102
RTVSPost2010Prop41ColorRGB
 90
        0
102
RTVSPost2010PropOp41
 70
     1
102
RTVSPost2010Prop42
 90
       50
102
RTVSPost2010PropOp42
 70
     1
102
RTVSPost2010Prop43
 90
        3
102
RTVSPost2010PropOp43
 70
     1
102
RTVSPost2010Prop44ColorIndex
 90
        5
102
RTVSPost2010Prop44ColorRGB
 90
      255
102
RTVSPost2010PropOp44
 70
     1
102
RTVSPost2010Prop45
280
     0
102
RTVSPost2010PropOp45
 70
     1
102
RTVSPost2010Prop46
 90
       50
102
RTVSPost2010PropOp46
 70
     1
102
RTVSPost2010Prop47
 90
       50
102
RTVSPost2010PropOp47
 70
     1
102
RTVSPost2010Prop48
 90
       50
102
RTVSPost2010PropOp48
 70
     1
102
RTVSPost2010Prop49
280
     0
102
RTVSPost2010PropOp49
 70
     1
102
RTVSPost2010Prop50
 90
       50
102
RTVSPost2010PropOp50
 70
     1
102
RTVSPost2010Prop51ColorIndex
 90
      256
102
RTVSPost2010Prop51ColorRGB
 90
-16777216
102
RTVSPost2010PropOp51
 70
     0
102
RTVSPost2010Prop52
140
1.0
102
RTVSPost2010PropOp52
 70
     0
102
RTVSPost2010Prop53
 90
        2
102
RTVSPost2010PropOp53
 70
     1
102
RTVSPost2010Prop54
  1
strokes_ogs.tif
102
RTVSPost2010PropOp54
 70
     1
102
RTVSPost2010Prop55
280
     0
102
RTVSPost2010PropOp55
 70
     1
102
RTVSPost2010Prop56
140
1.0
102
RTVSPost2010PropOp56
 70
     1
102
RTVSPost2010Prop57
140
1.0
102
RTVSPost2010PropOp57
 70
     1
102
RTVSPropertyOp0
 70
     1
102
RTVSPropertyOp1
 70
     1
102
RTVSPropertyOp2
 70
     1
102
RTVSPropertyOp3
 70
     1
102
RTVSPropertyOp4
 70
     1
102
RTVSPropertyOp5
 70
     1
102
RTVSPropertyOp6
 70
     1
102
RTVSPropertyOp7
 70
     1
102
RTVSPropertyOp8
 70
     1
102
RTVSPropertyOp9
 70
     1
102
RTVSPropertyOp10
 70
     1
102
RTVSPropertyOp11
 70
     1
102
RTVSPropertyOp12
 70
     1
102
RTVSPropertyOp13
 70
     1
102
RTVSPropertyOp14
 70
     1
102
RTVSPropertyOp15
 70
     1
102
RTVSPropertyOp16
 70
     1
102
RTVSPropertyOp17
 70
     1
102
RTVSPropertyOp18
 70
     1
102
RTVSPropertyOp19
 70
     1
102
RTVSPropertyOp20
 70
     1
102
RTVSPropertyOp21
 70
     1
102
RTVSPropertyOp22
 70
     1
102
RTVSPropertyOp23
 70
     1
102
RTVSPropertyOp24
 70
     1
102
RTVSPropertyOp25
 70
     1
102
RTVSPropertyOp26
 70
     1
102
RTVSPropertyOp27
 70
     1
102
RTVSPropertyOp28
 70
     1
102
RTVSPropertyOp29
 70
     1
102
RTVSPropertyOp30
 70
     1
102
RTVSPropertyOp31
 70
     1
102
RTVSPropertyOp32
 70
     1
102
RTVSPropertyOp33
 70
     1
102
RTVSPropertyOp34
 70
     1
102
RTVSPropertyOp35
 70
     1
102
RTVSPropertyOp36
 70
     1
102
RTVSPropertyOp37
 70
     1
102
RTVSPropertyOp38
 70
     1
102
RTVSPropertyOp39
 70
     1
102
RTVSPropertyOp40
 70
     1
102
RTVSPropertyOp41
 70
     1
102
RTVSPropertyOp42
 70
     1
102
RTVSPropertyOp43
 70
     1
102
RTVSPropertyOp44
 70
     1
102
RTVSPropertyOp45
 70
     1
102
RTVSPropertyOp46
 70
     1
102
RTVSPropertyOp47
 70
     1
102
RTVSPropertyOp48
 70
     1
102
RTVSPropertyOp49
 70
     1
102
RTVSPropertyOp50
 70
     1
102
RTVSPropertyOp51
 70
     0
102
RTVSPropertyOp52
 70
     0
102
RTVSPropertyOp53
 70
     1
102
RTVSPropertyOp54
 70
     1
102
RTVSPropertyOp55
 70
     1
102
RTVSPropertyOp56
 70
     1
102
RTVSPropertyOp57
 70
     1
102
RTVSPropertyOp58
 70
     1
102
RTVSPropertyOp59
 70
     1
102
RTVSPropertyOp60
 70
     1
102
RTVSPropertyOp61
 70
     1
102
RTVSPropertyOp62
 70
     1
  0
XRECORD
  5
29F
102
{ACAD_REACTORS
330
29E
102
}
330
29E
100
AcDbXrecord
280
     1
102
RTVSPost2010Prop28
280
     0
102
RTVSPost2010PropOp28
 70
     1
102
RTVSPost2010Prop29
280
     1
102
RTVSPost2010PropOp29
 70
     1
102
RTVSPost2010Prop30
280
     1
102
RTVSPost2010PropOp30
 70
     1
102
RTVSPost2010Prop31
280
     0
102
RTVSPost2010PropOp31
 70
     1
102
RTVSPost2010Prop32
280
     0
102
RTVSPost2010PropOp32
 70
     1
102
RTVSPost2010Prop33
280
     0
102
RTVSPost2010PropOp33
 70
     1
102
RTVSPost2010Prop34
280
     0
102
RTVSPost2010PropOp34
 70
     1
102
RTVSPost2010Prop35
280
     0
102
RTVSPost2010PropOp35
 70
     1
102
RTVSPost2010Prop36
280
     0
102
RTVSPost2010PropOp36
 70
     1
102
RTVSPost2010Prop37
 90
       50
102
RTVSPost2010PropOp37
 70
     1
102
RTVSPost2010Prop38
140
0.0
102
RTVSPost2010PropOp38
 70
     1
102
RTVSPost2010Prop39
140
1.0
102
RTVSPost2010PropOp39
 70
     1
102
RTVSPost2010Prop40
 90
        0
102
RTVSPost2010PropOp40
 70
     1
102
RTVSPost2010Prop41ColorIndex
 90
       18
102
RTVSPost2010Prop41ColorRGB
 90
        0
102
RTVSPost2010PropOp41
 70
     1
102
RTVSPost2010Prop42
 90
       50
102
RTVSPost2010PropOp42
 70
     1
102
RTVSPost2010Prop43
 90
        3
102
RTVSPost2010PropOp43
 70
     1
102
RTVSPost2010Prop44ColorIndex
 90
        5
102
RTVSPost2010Prop44ColorRGB
 90
      255
102
RTVSPost2010PropOp44
 70
     1
102
RTVSPost2010Prop45
280
     0
102
RTVSPost2010PropOp45
 70
     1
102
RTVSPost2010Prop46
 90
       50
102
RTVSPost2010PropOp46
 70
     1
102
RTVSPost2010Prop47
 90
       50
102
RTVSPost2010PropOp47
 70
     1
102
RTVSPost2010Prop48
 90
       50
102
RTVSPost2010PropOp48
 70
     1
102
RTVSPost2010Prop49
280
     0
102
RTVSPost2010PropOp49
 70
     1
102
RTVSPost2010Prop50
 90
       50
102
RTVSPost2010PropOp50
 70
     1
102
RTVSPost2010Prop51ColorIndex
 90
      256
102
RTVSPost2010Prop51ColorRGB
 90
-16777216
102
RTVSPost2010PropOp51
 70
     0
102
RTVSPost2010Prop52
140
1.0
102
RTVSPost2010PropOp52
 70
     0
102
RTVSPost2010Prop53
 90
        2
102
RTVSPost2010PropOp53
 70
     1
102
RTVSPost2010Prop54
  1
strokes_ogs.tif
102
RTVSPost2010PropOp54
 70
     1
102
RTVSPost2010Prop55
280
     0
102
RTVSPost2010PropOp55
 70
     1
102
RTVSPost2010Prop56
140
1.0
102
RTVSPost2010PropOp56
 70
     1
102
RTVSPost2010Prop57
140
1.0
102
RTVSPost2010PropOp57
 70
     1
102
RTVSPropertyOp0
 70
     1
102
RTVSPropertyOp1
 70
     1
102
RTVSPropertyOp2
 70
     1
102
RTVSPropertyOp3
 70
     1
102
RTVSPropertyOp4
 70
     1
102
RTVSPropertyOp5
 70
     1
102
RTVSPropertyOp6
 70
     1
102
RTVSPropertyOp7
 70
     1
102
RTVSPropertyOp8
 70
     1
102
RTVSPropertyOp9
 70
     1
102
RTVSPropertyOp10
 70
     1
102
RTVSPropertyOp11
 70
     1
102
RTVSPropertyOp12
 70
     1
102
RTVSPropertyOp13
 70
     1
102
RTVSPropertyOp14
 70
     1
102
RTVSPropertyOp15
 70
     1
102
RTVSPropertyOp16
 70
     1
102
RTVSPropertyOp17
 70
     1
102
RTVSPropertyOp18
 70
     1
102
RTVSPropertyOp19
 70
     1
102
RTVSPropertyOp20
 70
     1
102
RTVSPropertyOp21
 70
     1
102
RTVSPropertyOp22
 70
     1
102
RTVSPropertyOp23
 70
     1
102
RTVSPropertyOp24
 70
     1
102
RTVSPropertyOp25
 70
     1
102
RTVSPropertyOp26
 70
     1
102
RTVSPropertyOp27
 70
     1
102
RTVSPropertyOp28
 70
     1
102
RTVSPropertyOp29
 70
     1
102
RTVSPropertyOp30
 70
     1
102
RTVSPropertyOp31
 70
     1
102
RTVSPropertyOp32
 70
     1
102
RTVSPropertyOp33
 70
     1
102
RTVSPropertyOp34
 70
     1
102
RTVSPropertyOp35
 70
     1
102
RTVSPropertyOp36
 70
     1
102
RTVSPropertyOp37
 70
     1
102
RTVSPropertyOp38
 70
     1
102
RTVSPropertyOp39
 70
     1
102
RTVSPropertyOp40
 70
     1
102
RTVSPropertyOp41
 70
     1
102
RTVSPropertyOp42
 70
     1
102
RTVSPropertyOp43
 70
     1
102
RTVSPropertyOp44
 70
     1
102
RTVSPropertyOp45
 70
     1
102
RTVSPropertyOp46
 70
     1
102
RTVSPropertyOp47
 70
     1
102
RTVSPropertyOp48
 70
     1
102
RTVSPropertyOp49
 70
     1
102
RTVSPropertyOp50
 70
     1
102
RTVSPropertyOp51
 70
     0
102
RTVSPropertyOp52
 70
     0
102
RTVSPropertyOp53
 70
     1
102
RTVSPropertyOp54
 70
     1
102
RTVSPropertyOp55
 70
     1
102
RTVSPropertyOp56
 70
     1
102
RTVSPropertyOp57
 70
     1
102
RTVSPropertyOp58
 70
     1
102
RTVSPropertyOp59
 70
     1
102
RTVSPropertyOp60
 70
     1
102
RTVSPropertyOp61
 70
     1
102
RTVSPropertyOp62
 70
     1
  0
XRECORD
  5
293
102
{ACAD_REACTORS
330
292
102
}
330
292
100
AcDbXrecord
280
     1
102
RTVSPost2010Prop28
280
     0
102
RTVSPost2010PropOp28
 70
     1
102
RTVSPost2010Prop29
280
     1
102
RTVSPost2010PropOp29
 70
     1
102
RTVSPost2010Prop30
280
     1
102
RTVSPost2010PropOp30
 70
     1
102
RTVSPost2010Prop31
280
     0
102
RTVSPost2010PropOp31
 70
     1
102
RTVSPost2010Prop32
280
     0
102
RTVSPost2010PropOp32
 70
     1
102
RTVSPost2010Prop33
280
     0
102
RTVSPost2010PropOp33
 70
     1
102
RTVSPost2010Prop34
280
     0
102
RTVSPost2010PropOp34
 70
     1
102
RTVSPost2010Prop35
280
     0
102
RTVSPost2010PropOp35
 70
     1
102
RTVSPost2010Prop36
280
     0
102
RTVSPost2010PropOp36
 70
     1
102
RTVSPost2010Prop37
 90
       50
102
RTVSPost2010PropOp37
 70
     1
102
RTVSPost2010Prop38
140
0.0
102
RTVSPost2010PropOp38
 70
     1
102
RTVSPost2010Prop39
140
1.0
102
RTVSPost2010PropOp39
 70
     1
102
RTVSPost2010Prop40
 90
        0
102
RTVSPost2010PropOp40
 70
     1
102
RTVSPost2010Prop41ColorIndex
 90
       18
102
RTVSPost2010Prop41ColorRGB
 90
        0
102
RTVSPost2010PropOp41
 70
     1
102
RTVSPost2010Prop42
 90
       50
102
RTVSPost2010PropOp42
 70
     1
102
RTVSPost2010Prop43
 90
        3
102
RTVSPost2010PropOp43
 70
     1
102
RTVSPost2010Prop44ColorIndex
 90
        5
102
RTVSPost2010Prop44ColorRGB
 90
      255
102
RTVSPost2010PropOp44
 70
     1
102
RTVSPost2010Prop45
280
     0
102
RTVSPost2010PropOp45
 70
     1
102
RTVSPost2010Prop46
 90
       50
102
RTVSPost2010PropOp46
 70
     1
102
RTVSPost2010Prop47
 90
       50
102
RTVSPost2010PropOp47
 70
     1
102
RTVSPost2010Prop48
 90
       50
102
RTVSPost2010PropOp48
 70
     1
102
RTVSPost2010Prop49
280
     0
102
RTVSPost2010PropOp49
 70
     1
102
RTVSPost2010Prop50
 90
       50
102
RTVSPost2010PropOp50
 70
     1
102
RTVSPost2010Prop51ColorIndex
 90
      256
102
RTVSPost2010Prop51ColorRGB
 90
-16777216
102
RTVSPost2010PropOp51
 70
     0
102
RTVSPost2010Prop52
140
1.0
102
RTVSPost2010PropOp52
 70
     0
102
RTVSPost2010Prop53
 90
        2
102
RTVSPost2010PropOp53
 70
     1
102
RTVSPost2010Prop54
  1
strokes_ogs.tif
102
RTVSPost2010PropOp54
 70
     1
102
RTVSPost2010Prop55
280
     0
102
RTVSPost2010PropOp55
 70
     1
102
RTVSPost2010Prop56
140
1.0
102
RTVSPost2010PropOp56
 70
     1
102
RTVSPost2010Prop57
140
1.0
102
RTVSPost2010PropOp57
 70
     1
102
RTVSPropertyOp0
 70
     1
102
RTVSPropertyOp1
 70
     1
102
RTVSPropertyOp2
 70
     1
102
RTVSPropertyOp3
 70
     1
102
RTVSPropertyOp4
 70
     1
102
RTVSPropertyOp5
 70
     1
102
RTVSPropertyOp6
 70
     1
102
RTVSPropertyOp7
 70
     1
102
RTVSPropertyOp8
 70
     1
102
RTVSPropertyOp9
 70
     1
102
RTVSPropertyOp10
 70
     1
102
RTVSPropertyOp11
 70
     1
102
RTVSPropertyOp12
 70
     1
102
RTVSPropertyOp13
 70
     1
102
RTVSPropertyOp14
 70
     1
102
RTVSPropertyOp15
 70
     1
102
RTVSPropertyOp16
 70
     1
102
RTVSPropertyOp17
 70
     1
102
RTVSPropertyOp18
 70
     1
102
RTVSPropertyOp19
 70
     1
102
RTVSPropertyOp20
 70
     1
102
RTVSPropertyOp21
 70
     1
102
RTVSPropertyOp22
 70
     1
102
RTVSPropertyOp23
 70
     1
102
RTVSPropertyOp24
 70
     1
102
RTVSPropertyOp25
 70
     1
102
RTVSPropertyOp26
 70
     1
102
RTVSPropertyOp27
 70
     1
102
RTVSPropertyOp28
 70
     1
102
RTVSPropertyOp29
 70
     1
102
RTVSPropertyOp30
 70
     1
102
RTVSPropertyOp31
 70
     1
102
RTVSPropertyOp32
 70
     1
102
RTVSPropertyOp33
 70
     1
102
RTVSPropertyOp34
 70
     1
102
RTVSPropertyOp35
 70
     1
102
RTVSPropertyOp36
 70
     1
102
RTVSPropertyOp37
 70
     1
102
RTVSPropertyOp38
 70
     1
102
RTVSPropertyOp39
 70
     1
102
RTVSPropertyOp40
 70
     1
102
RTVSPropertyOp41
 70
     1
102
RTVSPropertyOp42
 70
     1
102
RTVSPropertyOp43
 70
     1
102
RTVSPropertyOp44
 70
     1
102
RTVSPropertyOp45
 70
     1
102
RTVSPropertyOp46
 70
     1
102
RTVSPropertyOp47
 70
     1
102
RTVSPropertyOp48
 70
     1
102
RTVSPropertyOp49
 70
     1
102
RTVSPropertyOp50
 70
     1
102
RTVSPropertyOp51
 70
     0
102
RTVSPropertyOp52
 70
     0
102
RTVSPropertyOp53
 70
     1
102
RTVSPropertyOp54
 70
     1
102
RTVSPropertyOp55
 70
     1
102
RTVSPropertyOp56
 70
     1
102
RTVSPropertyOp57
 70
     1
102
RTVSPropertyOp58
 70
     1
102
RTVSPropertyOp59
 70
     1
102
RTVSPropertyOp60
 70
     1
102
RTVSPropertyOp61
 70
     1
102
RTVSPropertyOp62
 70
     1
  0
XRECORD
  5
2B1
102
{ACAD_REACTORS
330
2B0
102
}
330
2B0
100
AcDbXrecord
280
     1
102
RTVSPost2010Prop28
280
     0
102
RTVSPost2010PropOp28
 70
     1
102
RTVSPost2010Prop29
280
     1
102
RTVSPost2010PropOp29
 70
     1
102
RTVSPost2010Prop30
280
     1
102
RTVSPost2010PropOp30
 70
     1
102
RTVSPost2010Prop31
280
     0
102
RTVSPost2010PropOp31
 70
     1
102
RTVSPost2010Prop32
280
     0
102
RTVSPost2010PropOp32
 70
     1
102
RTVSPost2010Prop33
280
     0
102
RTVSPost2010PropOp33
 70
     1
102
RTVSPost2010Prop34
280
     0
102
RTVSPost2010PropOp34
 70
     1
102
RTVSPost2010Prop35
280
     0
102
RTVSPost2010PropOp35
 70
     1
102
RTVSPost2010Prop36
280
     0
102
RTVSPost2010PropOp36
 70
     1
102
RTVSPost2010Prop37
 90
       50
102
RTVSPost2010PropOp37
 70
     1
102
RTVSPost2010Prop38
140
0.0
102
RTVSPost2010PropOp38
 70
     1
102
RTVSPost2010Prop39
140
1.0
102
RTVSPost2010PropOp39
 70
     1
102
RTVSPost2010Prop40
 90
        0
102
RTVSPost2010PropOp40
 70
     1
102
RTVSPost2010Prop41ColorIndex
 90
       18
102
RTVSPost2010Prop41ColorRGB
 90
        0
102
RTVSPost2010PropOp41
 70
     1
102
RTVSPost2010Prop42
 90
       50
102
RTVSPost2010PropOp42
 70
     1
102
RTVSPost2010Prop43
 90
        3
102
RTVSPost2010PropOp43
 70
     1
102
RTVSPost2010Prop44ColorIndex
 90
        5
102
RTVSPost2010Prop44ColorRGB
 90
      255
102
RTVSPost2010PropOp44
 70
     1
102
RTVSPost2010Prop45
280
     0
102
RTVSPost2010PropOp45
 70
     1
102
RTVSPost2010Prop46
 90
       50
102
RTVSPost2010PropOp46
 70
     1
102
RTVSPost2010Prop47
 90
       50
102
RTVSPost2010PropOp47
 70
     1
102
RTVSPost2010Prop48
 90
       50
102
RTVSPost2010PropOp48
 70
     1
102
RTVSPost2010Prop49
280
     0
102
RTVSPost2010PropOp49
 70
     1
102
RTVSPost2010Prop50
 90
       50
102
RTVSPost2010PropOp50
 70
     1
102
RTVSPost2010Prop51ColorIndex
 90
      256
102
RTVSPost2010Prop51ColorRGB
 90
-16777216
102
RTVSPost2010PropOp51
 70
     0
102
RTVSPost2010Prop52
140
1.0
102
RTVSPost2010PropOp52
 70
     0
102
RTVSPost2010Prop53
 90
        2
102
RTVSPost2010PropOp53
 70
     1
102
RTVSPost2010Prop54
  1
strokes_ogs.tif
102
RTVSPost2010PropOp54
 70
     1
102
RTVSPost2010Prop55
280
     0
102
RTVSPost2010PropOp55
 70
     1
102
RTVSPost2010Prop56
140
1.0
102
RTVSPost2010PropOp56
 70
     1
102
RTVSPost2010Prop57
140
1.0
102
RTVSPost2010PropOp57
 70
     1
102
RTVSPropertyOp0
 70
     1
102
RTVSPropertyOp1
 70
     1
102
RTVSPropertyOp2
 70
     1
102
RTVSPropertyOp3
 70
     1
102
RTVSPropertyOp4
 70
     1
102
RTVSPropertyOp5
 70
     1
102
RTVSPropertyOp6
 70
     1
102
RTVSPropertyOp7
 70
     1
102
RTVSPropertyOp8
 70
     1
102
RTVSPropertyOp9
 70
     1
102
RTVSPropertyOp10
 70
     1
102
RTVSPropertyOp11
 70
     1
102
RTVSPropertyOp12
 70
     1
102
RTVSPropertyOp13
 70
     1
102
RTVSPropertyOp14
 70
     1
102
RTVSPropertyOp15
 70
     1
102
RTVSPropertyOp16
 70
     1
102
RTVSPropertyOp17
 70
     1
102
RTVSPropertyOp18
 70
     1
102
RTVSPropertyOp19
 70
     1
102
RTVSPropertyOp20
 70
     1
102
RTVSPropertyOp21
 70
     1
102
RTVSPropertyOp22
 70
     1
102
RTVSPropertyOp23
 70
     1
102
RTVSPropertyOp24
 70
     1
102
RTVSPropertyOp25
 70
     1
102
RTVSPropertyOp26
 70
     1
102
RTVSPropertyOp27
 70
     1
102
RTVSPropertyOp28
 70
     1
102
RTVSPropertyOp29
 70
     1
102
RTVSPropertyOp30
 70
     1
102
RTVSPropertyOp31
 70
     1
102
RTVSPropertyOp32
 70
     1
102
RTVSPropertyOp33
 70
     1
102
RTVSPropertyOp34
 70
     1
102
RTVSPropertyOp35
 70
     1
102
RTVSPropertyOp36
 70
     1
102
RTVSPropertyOp37
 70
     1
102
RTVSPropertyOp38
 70
     1
102
RTVSPropertyOp39
 70
     1
102
RTVSPropertyOp40
 70
     1
102
RTVSPropertyOp41
 70
     1
102
RTVSPropertyOp42
 70
     1
102
RTVSPropertyOp43
 70
     1
102
RTVSPropertyOp44
 70
     1
102
RTVSPropertyOp45
 70
     1
102
RTVSPropertyOp46
 70
     1
102
RTVSPropertyOp47
 70
     1
102
RTVSPropertyOp48
 70
     1
102
RTVSPropertyOp49
 70
     1
102
RTVSPropertyOp50
 70
     1
102
RTVSPropertyOp51
 70
     0
102
RTVSPropertyOp52
 70
     0
102
RTVSPropertyOp53
 70
     1
102
RTVSPropertyOp54
 70
     1
102
RTVSPropertyOp55
 70
     1
102
RTVSPropertyOp56
 70
     1
102
RTVSPropertyOp57
 70
     1
102
RTVSPropertyOp58
 70
     1
102
RTVSPropertyOp59
 70
     1
102
RTVSPropertyOp60
 70
     1
102
RTVSPropertyOp61
 70
     1
102
RTVSPropertyOp62
 70
     1
  0
ENDSEC
  0
EOF